bathrooms,bedrooms,has_photo,price,square_feet,latitude,longitude,pets_cats,pets_dogs,pets_none,amenities_count,age_in_days,post_hour,post_day_of_week
1.0,0,1,1390,107,38.891,-77.0816,0,0,1,0,0,11,3
1.0,0,1,925,116,47.616,-122.3275,0,0,1,0,8,11,2
1.0,0,1,2475,130,40.7629,-73.9885,0,0,1,5,0,16,2
1.0,0,1,1495,138,37.7599,-122.4379,0,0,1,1,0,11,3
1.0,0,1,1695,190,37.7599,-122.4379,0,0,1,1,4,11,6
1.0,1,1,1560,200,35.0847,-77.0609,1,1,0,8,8,21,1
1.0,1,1,1560,200,35.096,-77.0272,1,1,0,8,11,10,6
1.0,1,1,1000,200,30.0871,-95.4685,0,0,1,0,4,11,6
1.0,1,1,950,200,38.1172,-122.2313,0,0,1,0,0,11,3
1.0,1,1,625,200,33.9649,-84.5107,0,0,1,1,0,11,3
1.0,1,1,600,200,35.2016,-80.8124,0,0,1,0,12,11,5
1.0,1,1,544,200,30.4601,-84.2714,0,0,1,7,0,11,3
1.0,1,1,450,200,33.5178,-112.0848,0,0,1,1,4,11,6
1.0,1,1,750,215,27.8492,-82.3155,0,0,1,0,4,11,6
1.0,1,1,2000,219,32.8956,-85.4351,0,0,1,0,0,11,3
1.0,1,1,1400,219,37.7599,-122.4379,0,0,1,0,0,11,3
1.0,1,1,1095,219,39.1634,-76.6165,0,0,1,0,0,11,3
1.0,1,1,915,219,39.5816,-105.0387,0,0,1,1,4,11,6
1.0,1,1,900,219,38.621,-76.9225,0,0,1,1,4,11,6
1.0,1,1,865,219,27.8492,-82.3155,0,0,1,1,4,11,6
1.0,1,1,725,219,39.6828,-104.8078,0,0,1,0,4,11,6
1.0,1,1,650,219,38.7418,-77.4684,0,0,1,0,0,11,3
1.0,1,1,650,219,33.7416,-84.2614,0,0,1,0,4,11,6
1.0,1,1,645,219,28.0076,-82.4792,0,0,1,0,0,11,3
1.0,1,1,595,219,35.1038,-106.611,0,0,1,0,0,11,3
1.0,0,1,1195,223,47.616,-122.3275,1,1,0,0,0,11,3
1.0,0,1,1150,225,47.616,-122.3275,0,0,1,0,0,11,3
1.0,1,1,942,225,41.8625,-87.6825,1,0,0,5,0,11,3
1.0,0,1,1250,228,47.616,-122.3275,1,1,0,0,0,11,3
1.0,1,1,800,230,35.224,-81.1809,0,0,1,0,8,10,2
1.0,1,1,685,230,27.7011,-82.3178,0,0,1,0,4,11,6
1.0,1,1,525,230,35.1211,-89.9517,1,1,0,0,0,11,3
1.0,0,1,1095,231,47.616,-122.3275,1,0,0,0,0,11,3
1.0,0,1,1695,232,37.7599,-122.4379,1,1,0,2,0,11,3
1.0,1,1,775,240,48.7871,-122.4437,1,0,0,0,0,11,3
1.0,0,1,1299,243,47.616,-122.3275,1,1,0,0,0,11,3
1.0,1,1,705,245,61.1723,-149.8414,1,1,0,1,0,11,3
1.0,1,1,1800,250,37.6019,-122.4863,0,0,1,0,4,11,6
1.0,1,1,1600,250,33.9855,-118.4532,0,0,1,1,12,11,5
1.0,1,1,1500,250,37.7599,-122.4379,0,0,1,0,0,11,3
1.0,1,1,1330,250,34.145,-118.3898,0,0,1,0,4,11,6
1.0,1,1,1310,250,34.2805,-118.8861,0,0,1,0,0,11,3
1.0,1,1,1300,250,33.8363,-118.333,0,0,1,1,4,11,6
1.0,1,1,1295,250,38.5587,-121.432,0,0,1,0,4,11,6
1.0,1,1,1255,250,34.2017,-118.492,0,0,1,1,12,11,5
1.0,1,1,1250,250,47.616,-122.3275,0,0,1,0,4,11,6
1.0,1,1,1250,250,34.1881,-118.3905,0,0,1,0,16,11,1
1.0,1,1,1200,250,39.736,-104.9819,0,0,1,0,4,11,6
1.0,1,1,1200,250,39.6828,-104.8078,0,0,1,0,4,11,6
1.0,1,1,1175,250,37.9353,-121.6935,0,0,1,0,0,11,3
1.0,1,1,1155,250,37.9917,-122.5247,0,0,1,0,4,11,6
1.0,1,1,1150,250,39.1088,-77.2384,0,0,1,1,4,11,6
1.0,1,1,1145,250,42.6484,-71.1615,0,0,1,1,0,11,3
1.0,1,1,1135,250,37.7904,-122.2151,0,0,1,0,0,11,3
1.0,1,1,1115,250,37.9724,-122.3304,0,0,1,0,0,11,3
1.0,0,1,1095,250,41.8625,-87.6825,0,0,1,0,3,12,6
1.0,1,1,1090,250,38.7999,-77.1072,0,0,1,0,0,11,3
1.0,1,1,1075,250,41.8625,-87.6825,0,0,1,0,4,11,6
1.0,1,1,1050,250,34.2009,-118.8636,0,0,1,1,0,11,3
1.0,1,1,1050,250,39.736,-104.9819,0,0,1,0,0,11,3
1.0,1,1,1045,250,38.786,-77.2858,0,0,1,0,4,11,6
1.0,1,1,1025,250,47.5988,-122.1507,0,0,1,0,0,11,3
1.0,1,1,1005,250,38.3918,-121.2234,0,0,1,0,4,11,6
1.0,1,1,1000,250,34.1677,-118.6141,0,0,1,0,0,11,3
1.0,1,1,1000,250,25.7603,-80.3005,0,0,1,0,0,11,3
1.0,1,1,1000,250,38.9633,-76.9375,0,0,1,0,0,11,3
1.0,1,1,1000,250,39.8644,-105.0454,0,0,1,0,4,11,6
1.0,1,1,1000,250,39.6828,-104.8078,0,0,1,0,4,11,6
1.0,1,1,1000,250,39.8228,-105.1107,0,0,1,0,4,11,6
1.0,1,1,1000,250,33.7606,-118.0806,0,0,1,0,8,10,2
1.0,1,1,975,250,33.1463,-117.1694,0,0,1,1,0,11,3
1.0,1,1,965,250,39.8587,-74.8101,0,0,1,0,4,11,6
1.0,1,1,955,250,39.1634,-76.6165,0,0,1,0,0,11,3
1.0,1,1,950,250,39.5816,-105.0387,0,0,1,0,4,11,6
1.0,1,1,950,250,39.6828,-104.8078,0,0,1,0,4,11,6
1.0,1,1,930,250,37.9682,-122.0091,0,0,1,0,4,11,6
1.0,1,1,925,250,39.9999,-105.0993,0,0,1,0,0,11,3
1.0,1,1,925,250,32.6197,-117.0226,0,0,1,0,4,11,6
1.0,1,1,925,250,39.1634,-76.6165,0,0,1,1,4,11,6
1.0,1,1,915,250,39.5516,-104.969,0,0,1,0,0,11,3
1.0,1,1,900,250,39.0976,-76.8614,0,0,1,1,0,11,3
1.0,1,1,900,250,28.5163,-81.3644,0,0,1,1,0,11,3
1.0,1,1,900,250,40.0213,-105.2552,0,0,1,0,0,11,3
1.0,1,1,900,250,39.6828,-104.8078,0,0,1,0,4,11,6
1.0,1,1,900,250,34.0291,-117.9457,0,0,1,1,8,10,2
1.0,1,1,900,250,33.8323,-117.9079,0,0,1,0,16,11,1
1.0,1,1,895,250,39.8312,-104.8942,0,0,1,0,4,11,6
1.0,1,1,895,250,39.8228,-105.1107,0,0,1,0,4,11,6
1.0,1,1,875,250,38.8738,-77.1055,0,0,1,0,4,11,6
1.0,1,1,865,250,26.1806,-81.7257,0,0,1,0,0,11,3
1.0,1,1,865,250,33.7848,-84.3922,0,0,1,1,0,11,3
1.0,1,1,860,250,27.3181,-82.4987,0,0,1,1,0,11,3
1.0,1,1,855,250,39.6828,-104.8078,0,0,1,0,0,11,3
1.0,1,1,850,250,38.69,-77.2065,0,0,1,1,0,11,3
1.0,1,1,850,250,40.0994,-104.8079,0,0,1,4,0,11,3
1.0,1,1,850,250,38.6487,-77.3152,0,0,1,1,0,11,3
1.0,1,1,850,250,36.137,-86.783,0,0,1,0,0,11,3
1.0,1,1,850,250,27.7873,-82.6772,0,0,1,0,4,11,6
1.0,1,1,850,250,45.5091,-122.6449,0,0,1,0,4,11,6
1.0,1,1,825,250,39.4324,-76.3552,0,0,1,0,4,11,6
1.0,1,1,805,250,33.7848,-84.3922,0,0,1,1,0,11,3
1.0,1,1,800,250,39.9156,-105.0876,0,0,1,0,0,11,3
1.0,1,1,800,250,39.6169,-104.919,0,0,1,1,0,11,3
1.0,1,1,800,250,39.0287,-77.2409,0,0,1,0,0,11,3
1.0,1,1,800,250,28.905,-81.2156,0,0,1,0,0,11,3
1.0,1,1,800,250,38.1255,-121.2878,0,0,1,0,0,11,3
1.0,1,1,800,250,30.2989,-81.6324,0,0,1,0,4,11,6
1.0,1,1,795,250,39.4904,-104.7265,0,0,1,0,0,11,3
1.0,1,1,785,250,38.6968,-104.6969,0,0,1,0,0,11,3
1.0,1,1,785,250,40.5649,-105.0824,0,0,1,0,0,11,3
1.0,1,1,760,250,40.4067,-105.0984,0,0,1,0,0,11,3
1.0,1,1,755,250,28.7026,-81.3885,0,0,1,1,0,11,3
1.0,1,1,755,250,39.6103,-75.6896,0,0,1,0,0,11,3
1.0,1,1,755,250,40.2776,-76.7088,0,0,1,0,0,11,3
1.0,1,1,750,250,33.945,-117.4074,0,0,1,0,0,11,3
1.0,1,1,750,250,27.2897,-80.3421,0,0,1,0,0,11,3
1.0,1,1,750,250,39.1774,-77.2569,0,0,1,1,0,11,3
1.0,1,1,750,250,35.2016,-80.8124,0,0,1,0,8,10,2
1.0,1,1,725,250,36.137,-86.783,0,0,1,0,0,11,3
1.0,1,1,725,250,33.8691,-84.7686,0,0,1,0,4,11,6
1.0,1,1,720,250,29.4782,-98.2759,0,0,1,0,0,11,3
1.0,1,1,705,250,29.7714,-95.4343,0,0,1,1,0,11,3
1.0,1,1,700,250,33.4234,-111.5415,0,0,1,1,0,11,3
1.0,1,1,700,250,30.3054,-97.7497,0,0,1,1,0,11,3
1.0,1,1,700,250,39.9156,-105.0876,0,0,1,0,0,11,3
1.0,1,1,700,250,33.5783,-111.8902,0,0,1,1,0,11,3
1.0,1,1,700,250,28.5163,-81.3644,0,0,1,0,0,11,3
1.0,1,1,700,250,39.3191,-76.6126,0,0,1,1,4,11,6
1.0,1,1,700,250,39.6041,-104.8594,0,0,1,0,4,11,6
1.0,1,1,700,250,39.6894,-105.1119,0,0,1,0,4,11,6
1.0,1,1,700,250,30.0066,-97.8071,0,0,1,0,4,11,6
1.0,0,1,695,250,42.5286,-92.4509,1,1,0,3,0,11,3
1.0,1,1,695,250,41.7834,-87.8099,0,0,1,0,4,11,6
1.0,1,1,685,250,34.0505,-81.0098,0,0,1,0,0,11,3
1.0,1,1,685,250,33.5178,-112.0848,0,0,1,1,4,11,6
1.0,1,1,675,250,29.7714,-95.4343,0,0,1,0,4,11,6
1.0,1,1,675,250,45.1748,-93.3109,0,0,1,0,19,13,4
1.0,1,1,660,250,33.5178,-112.0848,0,0,1,0,4,11,6
1.0,1,1,650,250,39.3191,-76.6126,0,0,1,1,0,11,3
1.0,1,1,650,250,44.9545,-123.0072,0,0,1,0,0,11,3
1.0,1,1,650,250,29.4832,-82.8641,0,0,1,0,0,11,3
1.0,1,1,650,250,29.4624,-98.5253,0,0,1,0,4,11,6
1.0,1,1,650,250,36.0402,-86.6385,0,0,1,1,4,11,6
1.0,1,1,645,250,33.6285,-78.9873,0,0,1,1,0,11,3
1.0,1,1,645,250,35.2016,-80.8124,0,0,1,1,8,10,2
1.0,1,1,625,250,27.0717,-82.3833,0,0,1,1,0,11,3
1.0,1,1,610,250,33.5178,-112.0848,0,0,1,0,4,11,6
1.0,1,1,600,250,28.473,-82.5474,0,0,1,1,0,11,3
1.0,1,1,600,250,32.2264,-110.9438,0,0,1,1,0,11,3
1.0,1,1,600,250,33.9369,-84.306,0,0,1,1,0,11,3
1.0,1,1,600,250,36.9873,-122.016,0,0,1,0,0,11,3
1.0,1,1,600,250,28.0076,-82.4792,0,0,1,0,4,11,6
1.0,1,1,600,250,47.1165,-88.5631,0,0,1,0,3,12,6
1.0,1,1,600,250,35.823,-78.6438,0,0,1,0,4,11,6
1.0,1,1,595,250,37.6465,-78.2899,0,0,1,0,0,11,3
1.0,1,1,580,250,27.6361,-80.4261,0,0,1,1,0,11,3
1.0,1,1,575,250,39.9849,-75.8127,0,0,1,0,0,11,3
1.0,1,1,575,250,28.681,-81.2808,0,0,1,0,4,11,6
1.0,1,1,550,250,39.2019,-76.951,0,0,1,0,0,11,3
1.0,1,1,550,250,38.7701,-77.2263,0,0,1,1,0,11,3
1.0,1,1,500,250,33.8829,-78.6369,0,0,1,1,0,11,3
1.0,1,1,500,250,29.5056,-94.9889,0,0,1,1,0,11,3
1.0,1,1,500,250,34.8856,-112.4675,0,0,1,0,0,11,3
1.0,1,1,499,250,38.2006,-84.9469,1,1,0,5,0,11,3
1.0,1,1,495,250,33.5178,-112.0848,0,0,1,1,4,11,6
1.0,1,1,200,250,39.3903,-77.1487,0,0,1,0,4,11,6
1.0,0,1,1325,253,47.616,-122.3275,1,1,0,0,0,11,3
1.0,0,1,1400,255,47.7046,-122.1989,1,1,0,0,0,11,3
1.0,0,1,1995,258,37.7599,-122.4379,1,1,0,5,0,11,3
1.0,1,1,710,265,43.0724,-89.4003,1,0,0,2,0,11,3
1.0,1,1,1659,272,38.9118,-77.0132,1,1,0,6,0,11,3
1.0,1,1,1600,272,37.7078,-122.1435,0,0,1,0,0,11,3
1.0,1,1,850,273,39.1471,-86.5136,1,1,0,6,0,11,3
1.0,0,1,1900,275,33.6019,-117.8637,1,0,0,0,4,12,6
1.0,1,1,1505,275,34.0372,-118.2972,0,0,1,0,8,10,2
1.0,1,1,900,275,33.3423,-111.7755,0,0,1,1,4,11,6
1.0,0,1,892,275,41.8625,-87.6825,1,0,0,2,0,11,3
1.0,1,1,705,275,39.1263,-84.5172,0,0,1,0,99,0,2
1.0,1,1,1240,280,38.8077,-76.9886,0,0,1,1,0,11,3
1.0,1,1,870,285,61.1723,-149.8414,1,1,0,0,0,11,3
1.0,0,1,1095,286,41.8625,-87.6825,1,1,0,0,0,11,3
1.0,0,1,1350,288,47.616,-122.3275,1,1,0,0,0,11,3
1.0,1,1,865,288,40.3911,-80.1989,0,0,1,6,99,3,2
1.0,1,1,690,288,28.0076,-82.4792,1,1,0,6,4,11,6
1.0,0,1,1099,290,45.5091,-122.6449,1,1,0,0,0,11,3
1.0,1,1,700,290,44.9855,-93.3023,1,0,0,5,8,10,2
1.0,0,1,850,296,41.6595,-91.535,0,0,1,0,0,11,3
1.0,0,1,2200,300,37.4356,-122.134,1,1,0,0,0,11,3
1.0,1,1,2112,300,41.0591,-74.1452,0,0,1,3,99,4,2
1.0,1,1,1868,300,34.1428,-117.9996,0,0,1,3,99,4,2
1.0,1,1,1575,300,34.0628,-118.2754,1,1,0,5,99,22,1
1.0,1,1,1470,300,39.1627,-76.6354,0,0,1,3,99,2,2
1.0,2,1,1425,300,40.6496,-73.9596,0,0,1,5,0,11,3
1.0,0,1,1195,300,47.616,-122.3275,0,0,1,0,0,11,3
1.0,1,1,995,300,41.9891,-87.6572,1,1,0,0,0,11,3
1.0,0,1,975,300,33.7815,-118.1934,0,0,1,0,99,3,2
1.0,1,1,911,300,41.8625,-87.6825,1,1,0,4,0,11,3
1.0,0,1,900,300,30.3054,-97.7497,1,1,0,0,3,12,6
1.0,1,1,800,300,40.5649,-105.0824,0,0,1,1,0,11,3
1.0,1,1,800,300,33.7416,-84.2614,0,0,1,0,0,11,3
1.0,1,1,795,300,39.736,-104.9819,0,0,1,0,4,11,6
1.0,1,1,795,300,27.3181,-82.4987,1,0,0,1,22,0,2
1.0,1,1,775,300,43.0531,-87.9659,1,1,0,4,4,11,6
1.0,0,1,760,300,41.8625,-87.6825,0,0,1,0,0,11,3
1.0,1,1,750,300,28.23,-82.3055,0,0,1,1,4,11,6
1.0,1,1,725,300,41.6151,-71.1705,0,0,1,0,0,11,3
1.0,1,1,700,300,33.5571,-84.2167,0,0,1,0,0,11,3
1.0,1,1,650,300,39.9974,-82.9829,0,0,1,2,0,11,3
1.0,1,1,595,300,39.0744,-108.5228,1,1,0,0,0,11,3
1.0,1,1,590,300,39.1471,-86.5136,1,0,0,6,0,11,3
1.0,2,1,590,300,39.1471,-86.5136,0,0,1,7,0,11,3
1.0,2,1,585,300,39.1471,-86.5136,0,0,1,7,0,11,3
1.0,2,1,580,300,40.1145,-88.2723,0,0,1,6,0,11,3
1.0,1,1,400,300,35.823,-78.6438,0,0,1,0,12,11,5
1.0,1,1,1195,301,39.5197,-119.8342,1,1,0,6,0,11,3
1.0,1,1,1094,306,39.5197,-119.8342,1,1,0,7,0,11,3
1.0,0,1,725,308,40.4969,-86.9659,0,0,1,4,0,11,3
1.0,0,1,1099,309,45.5091,-122.6449,1,1,0,0,0,11,3
1.0,2,1,1222,310,42.6398,-71.3184,0,0,1,6,0,11,3
1.0,0,1,2195,313,37.7599,-122.4379,1,1,0,2,0,11,3
1.0,1,1,760,313,39.7953,-86.1387,1,1,0,5,4,11,6
1.0,2,1,650,314,41.2321,-111.9813,0,0,1,11,0,11,3
1.0,0,1,2695,315,37.7599,-122.4379,1,1,0,3,0,11,3
1.0,2,1,730,315,61.1723,-149.8414,1,0,0,1,0,11,3
1.0,0,1,659,315,38.0172,-84.4931,1,1,0,0,0,11,3
1.0,1,1,775,317,40.3613,-86.9005,1,1,0,3,0,11,3
1.0,0,1,1350,318,38.9799,-77.0798,0,0,1,0,3,12,6
1.0,1,1,1100,319,41.8625,-87.6825,1,1,0,7,4,11,6
1.0,1,1,965,320,41.8625,-87.6825,1,0,0,4,4,11,6
1.0,0,1,675,320,41.4648,-81.6794,0,0,1,6,4,11,6
1.0,1,1,925,321,39.6894,-105.1119,0,0,1,0,4,11,6
1.0,1,1,845,322,43.0531,-87.9659,1,1,0,0,0,11,3
1.0,2,1,700,324,43.0724,-89.4003,0,0,1,1,0,11,3
1.0,2,1,2700,325,42.328,-71.071,0,0,1,1,99,18,1
1.0,2,1,1995,325,33.8517,-118.3978,1,0,0,0,0,11,3
1.0,1,1,1350,325,47.616,-122.3275,0,1,0,0,0,11,3
1.0,2,1,1349,325,41.8625,-87.6825,1,1,0,0,0,11,3
1.0,2,1,975,325,36.1554,-115.1733,1,1,0,8,0,11,3
1.0,0,1,925,325,41.8625,-87.6825,1,0,0,5,4,11,6
1.0,2,1,899,325,41.8625,-87.6825,1,1,0,1,0,11,3
1.0,2,1,700,325,41.1873,-73.1811,1,1,0,0,16,10,1
1.0,2,1,325,325,41.6675,-83.5837,1,0,0,2,0,11,3
1.0,1,1,915,330,39.6665,-105.0962,1,0,0,1,99,20,1
1.0,0,1,799,330,40.4969,-86.9659,0,0,1,5,0,11,3
1.0,1,1,710,330,39.0744,-94.5521,1,1,0,1,0,11,3
1.0,2,1,2695,332,37.7599,-122.4379,1,1,0,2,4,11,6
1.0,1,1,2295,332,37.7599,-122.4379,1,1,0,2,0,11,3
1.0,2,1,1079,333,39.736,-104.9819,1,0,0,0,0,11,3
1.0,2,1,1386,334,30.3054,-97.7497,0,0,1,0,0,11,3
1.0,1,1,800,335,41.5927,-93.6276,1,1,0,0,0,11,3
1.0,0,1,2195,336,37.7856,-122.4121,1,1,0,3,0,11,3
1.0,2,1,1100,336,43.0834,-87.8861,1,0,0,0,0,11,3
1.0,1,1,1099,336,28.0076,-82.4792,1,1,0,2,0,11,3
1.0,0,1,625,336,32.2264,-110.9438,0,0,1,6,0,11,3
1.0,2,1,809,337,30.3054,-97.7497,0,0,1,0,0,11,3
1.0,0,1,2295,338,37.7599,-122.4379,1,1,0,1,0,11,3
1.0,2,1,1160,338,29.6533,-82.3656,1,1,0,12,0,11,3
1.0,2,1,998,338,44.9605,-89.6304,0,0,1,3,0,11,3
1.0,2,1,990,338,45.5091,-122.6449,1,1,0,5,4,11,6
1.0,1,1,785,340,43.0724,-89.4003,0,0,1,2,4,11,6
1.0,2,1,720,340,40.4969,-86.9659,0,0,1,5,0,11,3
1.0,0,1,1240,341,33.3898,-111.9272,1,1,0,11,0,11,3
1.0,0,1,2395,342,37.7599,-122.4379,0,0,1,1,0,11,3
1.0,2,1,480,342,40.3613,-86.9005,1,1,0,5,0,11,3
1.0,0,1,800,344,35.0462,-85.2352,1,1,0,9,0,11,3
1.0,1,1,1655,346,47.616,-122.3275,1,1,0,2,0,11,3
1.0,1,1,899,346,44.9855,-93.3023,1,0,0,5,4,11,6
1.0,1,1,600,347,38.6274,-90.304,1,1,0,0,0,11,3
1.0,2,1,699,348,39.0744,-94.5521,1,1,0,3,4,11,6
1.0,0,1,2195,350,37.7599,-122.4379,0,0,1,1,0,11,3
1.0,2,1,1670,350,42.2711,-83.745,0,0,1,3,0,11,3
1.0,1,1,1650,350,37.3108,-121.8645,0,0,1,1,0,11,3
1.0,2,1,1550,350,38.9118,-77.0132,1,1,0,1,0,11,3
1.0,0,1,1400,350,34.0372,-118.2972,1,1,0,0,0,11,3
1.0,0,1,1299,350,45.5091,-122.6449,1,1,0,0,0,11,3
1.0,0,1,1299,350,47.616,-122.3275,1,1,0,0,0,11,3
1.0,2,1,1200,350,42.7742,-71.0937,1,0,0,12,0,11,3
1.0,1,1,1145,350,40.0054,-75.1415,1,1,0,0,0,11,3
1.0,1,1,1000,350,43.0724,-89.4003,1,0,0,6,19,13,4
1.0,0,1,940,350,41.8625,-87.6825,0,0,1,0,0,11,3
1.0,2,1,895,350,40.1119,-82.9128,1,1,0,8,0,11,3
1.0,0,1,875,350,30.3054,-97.7497,1,1,0,0,3,12,6
1.0,1,1,800,350,41.8625,-87.6825,0,0,1,1,0,11,3
1.0,0,1,710,350,47.6794,-117.4018,1,1,0,0,0,11,3
1.0,0,1,699,350,39.597,-78.8345,1,1,0,2,7,9,3
1.0,2,1,695,350,61.1723,-149.8414,1,1,0,1,0,11,3
1.0,0,1,592,350,32.2264,-110.9438,1,1,0,2,0,11,3
1.0,1,1,1225,351,45.5091,-122.6449,1,1,0,8,4,11,6
1.0,2,1,1246,352,30.3054,-97.7497,0,0,1,0,0,11,3
1.0,0,1,1225,352,34.0786,-118.2615,1,1,0,2,99,19,1
1.0,1,1,675,354,38.9163,-94.3719,1,1,0,6,4,11,6
1.0,0,1,1400,355,34.0372,-118.2972,1,1,0,0,0,11,3
1.0,1,1,585,355,40.1171,-88.1889,0,0,1,4,0,11,3
1.0,2,1,1125,357,41.8625,-87.6825,1,1,0,3,8,10,2
1.0,2,1,614,357,41.4729,-81.7374,0,0,1,3,99,19,1
1.0,2,1,1225,360,40.7647,-74.2119,1,1,0,0,12,11,5
1.0,2,1,875,360,44.9545,-123.0072,1,1,0,0,0,11,3
1.0,2,1,850,360,30.3054,-97.7497,0,0,1,0,0,11,3
1.0,1,1,670,360,43.0724,-89.4003,0,0,1,1,0,11,3
1.0,1,1,639,360,40.1145,-88.2723,0,0,1,3,0,11,3
1.0,1,1,495,360,36.116,-95.9281,1,1,0,2,0,11,3
1.0,2,1,1750,362,38.9118,-77.0132,1,1,0,8,0,11,3
1.0,1,1,1050,362,41.8625,-87.6825,1,1,0,0,0,11,3
1.0,0,1,950,362,30.3054,-97.7497,0,0,1,0,0,11,3
1.0,2,1,1200,367,45.5091,-122.6449,0,0,1,0,3,12,6
1.0,1,1,985,367,41.8625,-87.6825,1,1,0,1,0,11,3
1.0,2,1,965,368,41.3708,-72.9259,1,0,0,0,0,11,3
1.0,1,1,530,368,43.2932,-86.2829,1,0,0,3,0,11,3
1.0,2,1,1530,369,47.616,-122.3275,1,1,0,0,0,11,3
1.0,1,1,1000,369,33.7815,-118.1934,0,0,1,2,99,3,2
1.0,1,1,720,369,39.064,-94.5819,1,1,0,3,4,11,6
1.0,0,1,1225,370,40.4841,-74.4526,0,0,1,0,0,11,3
1.0,1,1,1025,370,45.5091,-122.6449,1,0,0,0,0,11,3
1.0,1,1,765,370,29.4,-95.2394,1,1,0,5,4,11,6
1.0,1,1,1975,375,34.0231,-118.4811,1,1,0,4,0,11,3
1.0,1,1,1525,375,32.7876,-117.1265,0,0,1,0,0,11,3
1.0,1,1,1175,375,45.5091,-122.6449,0,0,1,8,4,11,6
1.0,2,1,940,375,30.3054,-97.7497,0,0,1,3,0,11,3
1.0,1,1,850,375,40.4969,-86.9659,0,0,1,5,0,11,3
1.0,1,1,829,375,33.5178,-112.0848,1,1,0,0,0,11,3
1.0,0,1,799,375,40.4969,-86.9659,0,0,1,5,0,11,3
1.0,2,1,773,375,44.9855,-93.3023,1,0,0,4,16,11,1
1.0,1,1,386,375,42.8224,-89.0658,1,1,0,3,0,11,3
1.0,2,1,1400,377,25.7603,-80.3005,1,1,0,7,0,11,3
1.0,1,1,3095,378,37.7599,-122.4379,1,0,0,4,4,11,6
1.0,2,1,1275,378,45.5091,-122.6449,1,1,0,6,4,11,6
1.0,0,1,929,378,30.3054,-97.7497,0,0,1,0,0,11,3
1.0,2,1,1591,379,33.8666,-118.0485,1,1,0,9,99,2,2
1.0,1,1,2895,380,37.7599,-122.4379,1,1,0,2,0,11,3
1.0,0,1,2695,380,37.7599,-122.4379,1,1,0,3,4,11,6
1.0,0,1,1400,380,32.7876,-117.1265,0,0,1,0,0,11,3
1.0,2,1,955,380,61.1723,-149.8414,1,0,0,0,0,11,3
1.0,1,1,540,380,32.2264,-110.9438,1,1,0,8,0,11,3
1.0,2,1,2895,381,37.7599,-122.4379,1,1,0,2,0,11,3
1.0,2,1,2874,382,37.7599,-122.4379,0,0,1,5,0,11,3
1.0,2,1,635,382,35.9695,-83.981,1,1,0,7,0,11,3
1.0,1,1,902,384,41.8625,-87.6825,1,1,0,1,0,11,3
1.0,0,1,2395,385,37.7599,-122.4379,1,1,0,1,0,11,3
1.0,1,1,1250,385,45.5091,-122.6449,1,1,0,0,0,11,3
1.0,1,1,540,385,39.1471,-86.5136,0,0,1,7,0,11,3
1.0,1,1,350,385,37.2935,-87.127,0,0,1,3,14,21,2
1.0,2,1,1262,386,45.5091,-122.6449,1,1,0,9,4,11,6
1.0,0,1,1115,389,45.5091,-122.6449,1,1,0,6,0,11,3
1.0,2,1,2095,390,41.824,-71.4315,1,1,0,11,0,11,3
1.0,1,1,1800,390,38.9118,-77.0132,1,1,0,11,0,11,3
1.0,2,1,879,390,28.5163,-81.3644,1,1,0,8,0,11,3
1.0,1,1,699,390,40.4969,-86.9659,0,0,1,4,0,11,3
1.0,1,1,640,390,40.1171,-88.1889,0,0,1,1,0,11,3
1.0,1,1,999,391,30.3054,-97.7497,0,0,1,5,0,11,3
1.0,1,1,959,391,30.3054,-97.7497,0,0,1,2,0,11,3
1.0,0,1,1654,393,38.9118,-77.0132,0,0,1,0,0,11,3
1.0,2,1,995,393,29.5122,-98.5226,1,1,0,7,0,11,3
1.0,0,1,919,394,30.3054,-97.7497,0,0,1,0,0,11,3
1.0,0,1,1350,395,34.0372,-118.2972,1,1,0,0,0,11,3
1.0,1,1,1045,395,41.8625,-87.6825,1,1,0,0,8,10,2
1.0,2,1,976,395,30.3054,-97.7497,0,0,1,3,0,11,3
1.0,2,1,762,395,48.7871,-122.4437,0,0,1,7,0,11,3
1.0,1,1,1050,396,30.3054,-97.7497,0,0,1,0,0,11,3
1.0,1,1,1225,397,45.5091,-122.6449,0,0,1,8,4,11,6
1.0,2,1,2495,398,37.7599,-122.4379,1,1,0,2,0,11,3
1.0,1,1,1173,398,41.8625,-87.6825,1,1,0,3,0,11,3
1.0,2,1,1005,398,30.3054,-97.7497,0,0,1,2,0,11,3
1.0,2,1,1000,398,30.3054,-97.7497,1,1,0,0,3,12,6
1.0,2,1,875,398,30.3054,-97.7497,0,0,1,0,0,11,3
1.0,2,1,3000,400,26.0512,-80.147,0,0,1,1,4,11,6
1.0,0,1,2450,400,34.0231,-118.4811,0,0,1,2,0,11,3
1.0,1,1,2050,400,33.8323,-117.9079,0,0,1,1,4,11,6
1.0,0,1,1659,400,38.9118,-77.0132,1,1,0,8,0,11,3
1.0,1,1,1625,400,47.3002,-122.2168,0,0,1,0,0,11,3
1.0,0,1,1599,400,40.6997,-73.8103,0,0,1,2,8,10,2
1.0,1,1,1500,400,33.1463,-117.1694,0,0,1,1,4,11,6
1.0,1,1,1500,400,33.8323,-117.9079,0,0,1,1,8,10,2
1.0,0,1,1450,400,32.7876,-117.1265,0,0,1,0,0,11,3
1.0,1,1,1415,400,37.9917,-122.5247,0,0,1,0,4,11,6
1.0,1,1,1400,400,39.6828,-104.8078,0,0,1,0,4,11,6
1.0,1,1,1395,400,42.2711,-83.745,1,0,0,2,0,11,3
1.0,1,1,1375,400,32.7685,-117.0046,1,1,0,0,0,11,3
1.0,1,1,1355,400,33.8897,-118.1257,0,0,1,0,4,11,6
1.0,1,1,1345,400,38.9118,-77.0132,0,0,1,0,4,11,6
1.0,1,1,1250,400,42.3895,-71.1039,0,0,1,0,4,11,6
1.0,2,1,1242,400,41.8625,-87.6825,1,1,0,3,0,11,3
1.0,1,1,1225,400,45.5091,-122.6449,1,1,0,8,4,11,6
1.0,1,1,1215,400,37.3108,-121.8645,0,0,1,0,4,11,6
1.0,1,1,1200,400,33.5178,-112.0848,0,0,1,1,0,11,3
1.0,1,1,1160,400,43.0724,-89.4003,1,1,0,6,19,13,4
1.0,1,1,1150,400,39.4276,-76.7727,0,0,1,0,4,11,6
1.0,1,1,1100,400,39.8228,-105.1107,0,0,1,0,0,11,3
1.0,1,1,1100,400,43.0681,-70.7854,0,0,1,2,99,2,2
1.0,2,1,1099,400,28.0076,-82.4792,1,1,0,3,4,11,6
1.0,1,1,1095,400,30.3054,-97.7497,0,0,1,3,0,11,3
1.0,2,1,1090,400,30.3054,-97.7497,0,0,1,3,0,11,3
1.0,2,1,1085,400,30.3054,-97.7497,0,0,1,0,0,11,3
1.0,1,1,1050,400,41.8625,-87.6825,1,1,0,0,0,11,3
1.0,2,1,1045,400,30.3054,-97.7497,0,0,1,4,0,11,3
1.0,2,1,1040,400,30.3054,-97.7497,0,0,1,2,0,11,3
1.0,1,1,1035,400,26.0066,-80.2959,0,0,1,1,0,11,3
1.0,2,1,1012,400,39.6828,-104.8078,1,1,0,0,0,11,3
1.0,1,1,1000,400,40.0054,-75.1415,1,1,0,6,0,11,3
1.0,1,1,1000,400,47.2154,-122.4608,0,0,1,0,0,11,3
1.0,1,1,995,400,44.9855,-93.3023,0,1,0,0,0,11,3
1.0,3,1,975,400,30.3043,-97.7169,0,0,1,0,0,11,3
1.0,0,1,975,400,30.3054,-97.7497,1,0,0,0,3,12,6
1.0,1,1,975,400,26.0066,-80.2959,0,0,1,0,4,11,6
1.0,1,1,950,400,35.6101,-78.4715,0,0,1,0,19,13,4
1.0,2,1,945,400,44.9855,-93.3023,1,0,0,5,8,10,2
1.0,0,1,925,400,30.3054,-97.7497,0,1,0,0,0,11,3
1.0,1,1,925,400,34.0364,-84.3473,0,0,1,0,0,11,3
1.0,1,1,925,400,43.0758,-70.9427,1,0,0,2,99,2,2
1.0,1,1,919,400,44.9368,-93.3605,0,0,1,0,0,11,3
1.0,1,1,910,400,40.0213,-105.2552,0,0,1,0,0,11,3
1.0,3,1,900,400,30.3054,-97.7497,0,0,1,0,0,11,3
1.0,1,1,900,400,38.7418,-77.4684,0,0,1,0,0,11,3
1.0,1,1,900,400,30.3054,-97.7497,0,0,1,1,4,11,6
1.0,1,1,899,400,37.1451,-76.5397,1,1,0,4,0,9,3
1.0,2,1,895,400,30.3054,-97.7497,1,1,0,0,0,11,3
1.0,0,1,895,400,30.3054,-97.7497,0,0,1,0,0,11,3
1.0,0,1,895,400,30.3054,-97.7497,1,1,0,0,3,12,6
1.0,0,1,895,400,30.3054,-97.7497,1,1,0,0,3,12,6
1.0,1,1,875,400,39.8895,-104.9641,0,0,1,0,0,11,3
1.0,2,1,875,400,30.3054,-97.7497,0,0,1,0,0,11,3
1.0,1,1,875,400,45.4913,-122.4185,0,0,1,0,4,11,6
1.0,1,1,865,400,41.7609,-72.7477,0,0,1,0,0,11,3
1.0,2,1,857,400,30.3054,-97.7497,0,0,1,0,0,11,3
1.0,0,1,850,400,29.7714,-95.4343,1,1,0,0,0,11,3
1.0,1,1,850,400,29.7714,-95.4343,0,0,1,0,4,11,6
1.0,1,1,845,400,40.0994,-104.8079,0,0,1,0,0,11,3
1.0,0,1,829,400,39.3284,-76.6021,0,0,1,5,12,10,5
1.0,1,1,800,400,39.6828,-104.8078,0,0,1,0,0,11,3
1.0,1,1,799,400,40.4969,-86.9659,0,0,1,4,0,11,3
1.0,2,1,799,400,41.8625,-87.6825,1,1,0,8,0,11,3
1.5,0,1,750,400,36.193,-115.2946,0,0,1,14,15,10,2
1.0,2,1,720,400,45.2764,-92.9901,0,0,1,0,3,12,6
1.0,1,1,720,400,39.9974,-82.9829,1,0,0,2,19,13,4
1.0,1,1,700,400,40.162,-105.1342,0,0,1,0,0,11,3
1.0,1,1,700,400,39.736,-104.9819,0,0,1,0,4,11,6
1.0,2,1,695,400,30.8542,-96.9773,1,1,0,4,0,11,3
1.0,1,1,691,400,30.2989,-81.6324,0,0,1,1,4,11,6
1.0,1,1,690,400,25.7603,-80.3005,0,0,1,0,4,11,6
1.0,1,1,660,400,39.1471,-86.5136,0,0,1,0,0,11,3
1.0,0,1,615,400,41.2562,-96.0404,1,1,0,0,0,11,3
1.0,1,1,600,400,26.6942,-81.8779,0,0,1,1,0,11,3
1.0,1,1,600,400,39.736,-104.9819,0,0,1,0,4,11,6
1.0,2,1,599,400,40.3613,-86.9005,0,0,1,3,0,11,3
1.0,0,1,500,400,36.0646,-79.8238,1,0,0,4,99,20,1
1.0,1,1,499,400,32.3841,-93.6685,1,1,0,8,99,18,1
1.0,1,1,475,400,39.736,-104.9819,0,0,1,0,0,11,3
1.0,1,1,435,400,41.0767,-80.674,0,0,1,0,0,11,3
1.0,2,1,425,400,48.2469,-101.3017,1,1,0,0,0,11,3
1.0,2,1,300,400,29.9142,-93.9383,0,0,1,4,0,11,3
1.0,1,1,975,401,30.3054,-97.7497,0,0,1,3,0,11,3
1.0,2,1,2460,402,42.3635,-71.0825,1,1,0,0,0,11,3
1.0,2,1,1050,403,43.0735,-88.0172,1,0,0,9,4,11,6
2.0,2,1,1198,404,32.5975,-85.4777,1,1,0,9,0,11,3
1.0,1,1,635,404,32.2264,-110.9438,1,1,0,2,0,11,3
1.0,0,1,1975,405,42.3895,-71.1039,1,0,0,1,0,11,3
1.0,2,1,1725,405,33.7606,-118.0806,1,1,0,3,99,2,2
1.0,0,1,1495,405,38.9118,-77.0132,0,0,1,4,0,11,3
1.0,1,1,1085,405,43.0531,-87.9659,1,1,0,0,0,11,3
1.0,0,1,1085,405,39.7333,-104.914,0,0,1,3,99,19,1
1.0,3,1,780,405,40.4448,-79.9725,1,1,0,5,4,11,6
1.0,1,1,1670,406,34.1176,-118.3327,0,0,1,3,99,22,1
1.0,0,1,1650,406,34.0372,-118.2972,0,0,1,0,0,11,3
1.0,2,1,1025,406,40.1145,-88.2723,0,0,1,4,0,11,3
1.0,0,1,950,407,33.5178,-112.0848,1,1,0,4,0,11,3
1.0,0,1,2495,408,37.7599,-122.4379,1,1,0,2,0,11,3
1.0,0,1,1225,408,40.4841,-74.4526,0,0,1,0,0,11,3
1.0,2,1,1350,409,47.4826,-122.3023,1,1,0,0,0,11,3
1.0,1,1,950,409,45.4913,-122.4185,1,1,0,0,0,11,3
1.0,2,1,1450,410,38.7128,-77.1561,1,1,0,2,0,11,3
1.0,0,1,950,410,40.4448,-79.9725,1,0,0,2,0,11,3
1.0,2,1,925,410,30.3054,-97.7497,0,0,1,0,0,11,3
1.0,1,1,925,410,30.3054,-97.7497,1,1,0,0,3,12,6
1.0,2,1,859,410,30.3054,-97.7497,0,0,1,0,0,11,3
1.0,1,1,695,410,39.8296,-75.0152,1,0,0,2,99,3,2
1.0,2,1,595,410,42.0259,-93.6516,1,0,0,0,0,11,3
1.0,2,1,595,410,42.0259,-93.6516,1,0,0,0,3,12,6
1.0,1,1,560,410,35.1872,-101.8587,0,0,1,0,3,12,6
1.0,1,1,420,410,41.2358,-80.7613,0,0,1,1,99,22,1
1.0,2,1,965,411,30.3054,-97.7497,0,0,1,2,0,11,3
1.0,2,1,1115,412,45.5209,-122.6979,1,1,0,10,4,11,6
1.0,1,1,1039,413,41.8625,-87.6825,1,1,0,0,8,10,2
1.0,2,1,1540,414,38.9118,-77.0132,1,1,0,9,0,11,3
1.0,1,1,1300,414,45.5091,-122.6449,1,1,0,0,0,11,3
1.0,2,1,895,414,30.3054,-97.7497,0,0,1,0,0,11,3
1.0,1,1,750,414,39.0744,-94.5521,1,1,0,3,4,11,6
1.0,2,1,715,414,36.9141,-76.2882,1,1,0,1,99,21,1
1.0,2,1,1450,415,33.7489,-118.2867,1,1,0,0,0,11,3
1.0,2,1,1300,415,40.0054,-75.1415,1,1,0,0,8,11,2
1.0,1,1,1130,415,41.8625,-87.6825,1,1,0,3,0,11,3
1.0,1,1,1015,415,41.8625,-87.6825,1,1,0,1,4,11,6
1.0,2,1,999,415,30.3054,-97.7497,0,0,1,0,0,11,3
1.0,0,1,699,415,33.5137,-86.7893,1,1,0,3,0,11,3
1.0,0,1,699,415,33.5137,-86.7893,1,1,0,2,0,11,3
1.0,1,1,650,415,36.0785,-94.1531,1,1,0,12,0,11,3
1.0,2,1,1399,416,30.3054,-97.7497,0,0,1,4,0,11,3
1.0,2,1,4000,417,37.7599,-122.4379,1,1,0,1,0,11,3
1.0,3,1,2013,418,41.824,-71.4315,1,1,0,11,0,11,3
1.0,2,1,1294,418,36.137,-86.783,1,1,0,2,0,11,3
1.0,2,1,1175,418,45.5091,-122.6449,1,1,0,7,0,11,3
1.0,2,1,875,418,39.0744,-94.5521,0,0,1,2,4,11,6
1.0,0,1,2895,419,37.7599,-122.4379,1,1,0,2,0,11,3
1.0,1,1,1890,419,42.3882,-83.1122,0,0,1,4,4,11,6
1.0,1,1,2100,420,34.0372,-118.2972,1,1,0,0,0,11,3
1.0,1,1,1640,420,34.0628,-118.2754,1,1,0,6,99,22,1
1.0,1,1,1255,420,34.0372,-118.2972,1,1,0,6,0,11,3
1.0,1,1,1250,420,41.8625,-87.6825,1,1,0,0,0,11,3
1.0,1,1,1050,420,41.8625,-87.6825,1,0,0,0,0,11,3
1.0,1,1,999,420,27.7873,-82.6772,0,0,1,0,3,12,6
1.0,0,1,995,420,43.0724,-89.4003,0,0,1,8,0,11,3
1.0,2,1,920,420,30.3054,-97.7497,0,0,1,0,0,11,3
1.0,1,1,920,420,30.3054,-97.7497,0,0,1,0,0,11,3
1.0,1,1,850,420,32.8212,-96.7853,1,1,0,6,0,11,3
1.0,1,1,725,420,30.2091,-92.0348,1,1,0,2,0,11,3
1.0,1,1,699,420,40.4969,-86.9659,0,0,1,7,4,11,6
1.0,2,1,600,420,39.1471,-86.5136,0,0,1,7,0,11,3
1.0,3,1,569,420,39.1471,-86.5136,0,0,1,7,0,11,3
1.0,1,1,560,420,32.2264,-110.9438,1,1,0,1,0,11,3
1.0,1,1,1295,422,47.616,-122.3275,1,0,0,0,0,11,3
1.0,2,1,870,422,30.3054,-97.7497,0,0,1,0,0,11,3
1.0,2,1,805,422,39.064,-94.5815,1,1,0,3,0,11,3
1.0,2,1,685,422,40.0054,-75.1415,1,1,0,4,4,11,6
1.0,3,1,1219,423,36.8961,-76.255,1,1,0,9,4,11,6
1.0,2,1,885,423,61.1723,-149.8414,1,1,0,1,0,11,3
1.0,0,1,1570,425,38.9118,-77.0132,1,1,0,4,0,11,3
1.0,2,1,1405,425,47.7046,-122.1989,1,1,0,1,0,11,3
1.0,1,1,1399,425,30.3054,-97.7497,0,0,1,0,4,11,6
1.0,0,1,1350,425,34.0372,-118.2972,1,1,0,0,0,11,3
1.0,2,1,1170,425,61.1723,-149.8414,0,0,1,1,0,11,3
1.0,0,1,995,425,30.3054,-97.7497,0,0,1,1,0,11,3
1.0,1,1,925,425,30.3054,-97.7497,0,1,0,1,3,12,6
1.0,0,1,905,425,30.3054,-97.7497,0,0,1,0,0,11,3
1.0,1,1,800,425,30.3054,-97.7497,0,0,1,0,0,11,3
1.0,1,1,799,425,30.3054,-97.7497,0,0,1,0,0,11,3
1.0,1,0,795,425,33.2572,-95.9291,1,1,0,1,99,0,2
1.0,1,1,2135,426,38.9118,-77.0132,1,1,0,8,0,11,3
1.0,1,1,2060,426,42.328,-71.071,1,0,0,2,0,11,3
1.0,1,1,1295,426,45.5091,-122.6449,1,1,0,9,0,11,3
1.0,2,1,1045,426,38.8562,-104.772,1,1,0,2,0,11,3
1.0,0,1,899,426,32.2264,-110.9438,0,0,1,0,0,11,3
1.0,1,1,814,426,41.8625,-87.6825,1,1,0,0,4,11,6
1.0,2,1,1745,428,33.8412,-118.3572,1,1,0,14,99,1,2
1.0,1,1,1395,428,40.722,-74.0644,1,1,0,3,99,4,2
1.0,2,1,1249,428,41.8625,-87.6825,1,1,0,14,0,11,3
1.0,2,1,1195,428,45.5091,-122.6449,0,0,1,0,4,11,6
1.0,3,1,785,428,39.1679,-84.4933,1,0,0,3,4,11,6
1.0,1,1,699,428,40.4969,-86.9659,0,0,1,1,0,11,3
1.0,0,1,2695,429,37.7599,-122.4379,1,1,0,2,0,11,3
1.0,1,1,1325,430,41.9643,-87.6502,1,1,0,0,0,11,3
1.0,2,1,1125,430,43.0724,-89.4003,0,0,1,1,4,11,6
1.0,0,1,895,430,40.4448,-79.9725,1,1,0,0,0,11,3
1.0,1,1,895,430,41.3498,-72.1062,1,1,0,5,99,4,2
1.0,1,1,845,430,41.3498,-72.1062,0,0,1,5,99,4,2
1.0,2,1,800,430,30.3054,-97.7497,0,0,1,3,0,11,3
1.0,2,1,775,430,41.3498,-72.1062,0,0,1,5,99,4,2
1.0,2,1,775,430,41.3498,-72.1062,1,1,0,5,99,4,2
1.0,2,1,765,430,41.3498,-72.1062,0,0,1,5,99,4,2
1.0,2,1,765,430,41.3498,-72.1062,0,0,1,5,99,4,2
1.0,0,1,650,430,39.0744,-94.5521,1,1,0,3,0,11,3
1.0,1,1,645,430,41.0902,-81.5376,1,1,0,1,99,21,1
1.0,2,1,1549,431,38.8738,-77.1055,1,1,0,2,0,11,3
1.0,2,1,1530,431,47.7637,-122.118,1,1,0,8,0,11,3
1.0,0,1,1500,431,37.7599,-122.4379,0,0,1,0,0,11,3
1.0,1,1,3095,432,37.7599,-122.4379,1,1,0,2,0,11,3
1.0,1,1,2509,432,37.7599,-122.4379,0,0,1,5,0,11,3
1.0,2,1,890,432,30.3054,-97.7497,0,0,1,3,0,11,3
1.0,2,1,1895,433,38.9118,-77.0132,0,0,1,4,0,11,3
1.0,2,1,899,433,35.1211,-89.9517,1,1,0,0,0,11,3
1.0,2,1,1645,434,30.3054,-97.7497,0,0,1,3,0,11,3
1.0,3,1,1026,434,30.3054,-97.7497,0,0,1,3,0,11,3
1.0,2,1,827,434,35.4718,-97.518,1,1,0,7,99,4,2
1.0,1,1,1630,435,25.7603,-80.3005,1,0,0,0,0,11,3
1.0,2,1,1250,435,45.5091,-122.6449,1,1,0,0,0,11,3
1.0,2,1,1150,435,40.0054,-75.1415,1,1,0,0,3,12,6
1.0,1,1,1344,436,42.2919,-71.4269,0,0,1,3,0,21,2
1.0,0,1,895,437,30.3054,-97.7497,0,0,1,0,3,12,6
1.0,1,1,1215,438,44.9855,-93.3023,1,1,0,8,4,11,6
1.0,1,1,1100,438,45.5091,-122.6449,1,1,0,4,0,11,3
1.0,2,1,1040,438,39.1679,-84.4933,1,1,0,6,4,11,6
1.0,2,1,2995,439,37.7599,-122.4379,1,1,0,1,4,11,6
1.0,3,1,949,440,28.5163,-81.3644,1,1,0,5,0,11,3
1.0,2,1,899,440,30.3054,-97.7497,0,0,1,0,0,11,3
1.0,2,1,881,440,30.3054,-97.7497,0,0,1,2,0,11,3
1.0,0,1,879,440,33.5178,-112.0848,1,1,0,1,0,11,3
1.0,1,1,835,440,35.0462,-85.2352,1,1,0,0,0,11,3
1.0,1,1,740,440,29.4624,-98.5253,1,1,0,2,4,12,6
1.0,1,1,635,440,38.8562,-104.772,1,1,0,0,0,11,3
1.0,1,1,2795,441,37.7599,-122.4379,1,1,0,2,0,11,3
1.0,1,1,2295,441,37.7599,-122.4379,0,0,1,0,0,11,3
1.0,2,1,1270,441,45.5091,-122.6449,1,1,0,0,0,11,3
1.0,2,1,989,441,30.5118,-97.6873,0,0,1,4,0,11,3
1.0,1,1,1195,442,45.5223,-122.9416,1,1,0,0,0,11,3
1.0,1,1,750,442,35.0462,-85.2352,1,1,0,6,0,11,3
1.0,2,1,535,442,32.275,-95.3017,1,1,0,3,99,1,2
1.0,2,1,535,442,32.275,-95.3017,1,1,0,3,99,1,2
1.0,1,1,665,443,29.7714,-95.4343,1,1,0,1,0,11,3
1.0,1,1,1250,444,45.5091,-122.6449,0,0,1,7,4,11,6
1.0,1,1,837,444,30.3054,-97.7497,0,0,1,3,0,11,3
1.0,2,1,830,444,61.1723,-149.8414,1,1,0,1,0,11,3
1.0,2,1,2341,445,42.3895,-71.1039,0,0,1,0,99,20,1
1.0,0,1,1295,445,45.5091,-122.6449,1,1,0,9,0,11,3
1.0,1,1,1175,445,41.8625,-87.6825,1,0,0,6,4,11,6
1.0,2,1,1530,446,42.0454,-87.6964,1,1,0,7,0,11,3
1.0,1,1,1325,446,45.5091,-122.6449,1,1,0,6,4,11,6
1.0,2,1,1099,446,38.6274,-90.304,1,1,0,1,0,11,3
1.0,1,1,545,446,41.4729,-81.7374,1,1,0,5,99,19,1
1.0,1,1,2895,447,37.7599,-122.4379,1,1,0,2,4,11,6
1.0,0,1,2195,447,37.7599,-122.4379,0,0,1,1,0,11,3
1.0,2,1,1684,447,30.3054,-97.7497,0,0,1,4,0,11,3
1.0,2,1,1335,447,47.616,-122.3275,0,1,0,0,0,11,3
1.0,1,1,895,447,30.6505,-97.6809,0,0,1,3,0,11,3
1.0,1,1,775,447,40.1145,-88.2723,0,0,1,3,0,11,3
1.0,1,1,675,447,32.8212,-96.7853,1,0,0,0,0,11,3
1.0,1,1,2500,448,37.7599,-122.4379,0,0,1,0,0,11,3
1.0,2,1,1729,448,30.3054,-97.7497,0,0,1,8,0,11,3
1.0,2,1,1688,448,30.3054,-97.7497,1,1,0,1,0,11,3
1.0,2,1,739,448,39.063,-94.5749,1,1,0,3,0,11,3
1.0,1,1,950,449,42.3882,-83.1122,0,0,1,0,0,11,3
1.0,2,1,820,449,38.8094,-104.8448,1,1,0,2,0,11,3
1.0,0,1,3000,450,37.8651,-122.531,0,0,1,0,0,11,3
1.0,1,1,1950,450,39.3191,-76.6126,1,1,0,4,0,11,3
1.0,2,1,1818,450,38.9118,-77.0132,1,0,0,5,0,11,3
1.0,0,0,1795,450,33.7834,-118.1506,1,1,0,1,99,3,2
1.0,0,1,1750,450,37.7904,-122.2151,0,0,1,0,0,11,3
1.0,1,1,1535,450,38.9118,-77.0132,0,0,1,0,0,11,3
1.0,0,1,1495,450,34.0372,-118.2972,1,1,0,0,3,12,6
1.0,2,1,1475,450,40.4448,-79.9725,0,0,1,0,0,11,3
1.0,1,1,1365,450,41.8625,-87.6825,1,1,0,2,8,10,2
1.0,1,1,1349,450,28.0076,-82.4792,1,1,0,4,0,11,3
1.0,1,1,1345,450,34.0985,-117.466,0,0,1,1,4,11,6
1.0,2,1,1299,450,44.9855,-93.3023,0,0,1,8,16,11,1
1.0,0,1,1295,450,34.0372,-118.2972,0,0,1,3,0,11,3
1.0,1,1,1225,450,30.5969,-96.3034,0,0,1,12,0,11,3
1.0,2,1,1225,450,43.0724,-89.4003,1,1,0,9,0,11,3
1.0,2,1,1200,450,47.5988,-122.1507,0,0,1,2,0,11,3
1.0,2,1,1199,450,42.2711,-83.745,1,1,0,3,0,11,3
1.0,1,1,1195,450,47.5968,-122.7026,1,1,0,0,0,11,3
1.0,1,1,1195,450,40.7936,-74.1644,0,0,1,2,99,21,1
1.0,2,1,1095,450,43.0531,-87.9659,0,0,1,9,4,11,6
1.0,2,1,1073,450,47.8028,-122.2849,0,0,1,9,99,3,2
1.0,1,1,1069,450,44.9855,-93.3023,1,0,0,0,3,12,6
1.0,3,1,1041,450,30.3054,-97.7497,0,0,1,0,0,11,3
1.0,0,1,1000,450,45.5091,-122.6449,0,0,1,0,0,11,3
1.0,1,1,995,450,42.3882,-83.1122,1,1,0,0,0,11,3
1.0,2,1,969,450,30.3054,-97.7497,0,0,1,4,0,11,3
1.0,1,1,900,450,30.3054,-97.7497,0,0,1,0,0,11,3
1.0,2,1,897,450,30.3054,-97.7497,0,0,1,3,0,11,3
1.0,1,1,884,450,36.2548,-115.5263,0,0,1,2,99,20,1
1.0,2,1,860,450,61.1738,-149.9301,1,1,0,1,0,11,3
1.0,2,1,829,450,27.7873,-82.6772,1,1,0,8,0,11,3
1.0,2,1,799,450,40.4969,-86.9659,0,0,1,5,0,11,3
1.0,1,1,790,450,36.0402,-86.6385,1,1,0,9,0,11,3
1.0,1,1,770,450,39.0744,-94.5521,1,1,0,2,0,11,3
1.0,1,1,766,450,39.0744,-94.5521,1,1,0,1,0,11,3
1.0,2,1,752,450,39.7953,-86.1387,1,1,0,9,0,11,3
1.0,1,1,750,450,37.0867,-76.4941,1,1,0,12,0,11,3
1.0,1,1,725,450,42.9112,-78.8171,0,0,1,3,0,11,3
1.0,1,1,719,450,32.878,-96.7511,1,1,0,3,99,21,1
1.0,2,1,687,450,29.6803,-95.1845,1,1,0,0,0,11,3
1.0,1,1,675,450,39.9382,-75.1008,0,0,1,1,14,22,2
1.0,1,1,655,450,39.1679,-84.4933,1,0,0,7,4,11,6
1.0,2,1,650,450,39.0744,-94.5521,0,0,1,5,0,11,3
1.0,3,1,635,450,37.0867,-76.4941,1,1,0,3,0,11,3
1.0,1,1,600,450,40.1145,-88.2723,0,0,1,0,0,11,3
1.0,0,1,595,450,39.1478,-94.5689,1,1,0,2,0,11,3
1.0,0,1,575,450,39.1984,-96.6052,1,1,0,5,0,11,3
1.0,1,1,500,450,37.7262,-89.2229,1,1,0,0,0,11,3
1.0,0,1,490,450,37.7059,-85.8628,1,1,0,5,0,11,3
1.0,1,1,475,450,35.5427,-100.9644,0,0,1,1,6,21,3
1.0,1,1,2525,451,42.3739,-71.1155,0,0,1,3,99,20,1
1.0,0,1,1818,451,38.9057,-76.9861,1,1,0,14,7,9,3
1.0,3,1,1483,451,42.2081,-70.9524,0,0,1,15,0,11,3
1.0,2,1,805,451,30.3054,-97.7497,0,0,1,0,0,11,3
1.0,1,1,1796,452,38.9118,-77.0132,0,0,1,0,0,11,3
1.0,3,1,605,452,32.6857,-96.6013,0,0,1,4,99,0,2
1.0,1,1,1722,453,30.3054,-97.7497,0,0,1,0,0,11,3
1.0,0,1,1650,453,33.9966,-118.4305,0,0,1,3,11,10,6
1.0,1,1,3595,454,37.7599,-122.4379,1,1,0,2,0,11,3
1.0,1,1,950,454,42.6742,-73.7936,1,0,0,0,0,11,3
1.0,1,1,1250,455,45.5091,-122.6449,0,0,1,7,4,11,6
1.0,1,1,570,455,32.2276,-110.8226,1,1,0,11,0,11,3
1.0,0,1,550,455,32.2264,-110.9438,1,1,0,3,0,11,3
1.0,2,1,1830,456,33.8412,-118.3572,0,0,1,14,99,1,2
1.0,2,1,1795,456,33.8363,-118.333,1,1,0,11,0,11,3
1.0,2,1,1612,456,38.9118,-77.0132,1,1,0,6,0,11,3
1.0,1,1,835,456,43.0724,-89.4003,1,1,0,2,4,11,6
1.0,2,1,825,456,37.0835,-113.5823,1,1,0,9,0,11,3
1.0,1,1,825,456,33.4146,-111.766,1,1,0,2,0,11,3
1.0,1,1,550,456,41.9419,-86.3526,0,0,1,0,0,11,3
1.0,2,1,1230,457,43.6046,-116.2475,0,0,1,4,0,11,3
1.0,1,1,2395,458,37.7599,-122.4379,0,0,1,1,0,11,3
1.0,2,1,485,458,26.1605,-97.9198,0,0,1,2,0,11,3
1.0,1,1,1275,459,45.5091,-122.6449,0,0,1,8,4,11,6
1.0,2,1,1135,459,39.3191,-76.6126,1,1,0,1,0,11,3
1.0,3,1,700,459,42.0259,-93.6516,1,1,0,8,0,11,3
1.0,2,1,1695,460,41.3245,-72.9194,1,1,0,5,0,11,3
1.0,1,1,1469,460,44.041,-123.1254,0,0,1,3,0,11,3
1.0,3,1,1150,460,43.0531,-87.9659,1,1,0,0,0,11,3
1.0,1,1,840,460,30.3054,-97.7497,1,1,0,0,0,11,3
1.0,1,1,820,460,38.8562,-104.772,1,1,0,1,0,11,3
1.0,0,1,815,460,61.1723,-149.8414,1,1,0,1,0,11,3
1.0,1,1,805,460,38.8862,-104.7389,1,1,0,4,99,2,2
1.0,2,1,785,460,38.8562,-104.772,0,0,1,1,0,11,3
1.0,1,1,709,460,40.1145,-88.2723,0,0,1,3,0,11,3
1.0,2,1,705,460,41.2399,-75.8848,1,1,0,0,0,11,3
1.0,1,1,525,460,48.2469,-101.3017,1,1,0,0,0,11,3
1.0,2,1,1125,461,47.4342,-120.3202,1,1,0,2,0,11,3
1.0,2,1,1245,462,40.7061,-111.9048,1,1,0,1,0,11,3
1.0,1,1,600,462,32.2264,-110.9438,1,1,0,3,0,11,3
1.0,1,1,560,463,32.2264,-110.9438,1,1,0,3,0,11,3
1.0,2,1,1905,464,41.8625,-87.6825,1,1,0,5,0,11,3
1.0,1,1,890,464,30.3054,-97.7497,0,0,1,3,0,11,3
1.0,2,1,1510,465,38.7999,-77.1072,1,1,0,6,0,11,3
1.0,1,1,1475,465,33.761,-118.1284,0,0,1,2,99,3,2
1.0,2,1,931,465,33.8694,-84.5196,1,1,0,0,0,11,3
1.0,1,1,840,465,39.1679,-84.4933,1,1,0,0,0,11,3
1.0,2,1,695,465,33.5944,-112.1837,1,1,0,0,3,12,6
1.0,1,1,560,465,39.76,-94.8272,0,0,1,3,11,21,5
1.0,1,1,3095,466,37.7599,-122.4379,1,1,0,3,4,11,6
1.0,2,1,1330,467,44.9855,-93.3023,1,0,0,0,4,11,6
2.0,2,1,689,467,41.0821,-81.5176,0,0,1,4,99,22,1
1.0,1,1,1100,468,30.3054,-97.7497,0,0,1,3,0,11,3
1.0,1,1,1099,468,42.9833,-71.4574,0,0,1,2,99,1,2
1.0,1,1,1040,468,43.1689,-77.6289,1,1,0,5,0,11,3
1.0,2,1,885,468,41.2562,-96.0404,1,1,0,0,0,11,3
1.0,1,1,749,468,40.1145,-88.2723,0,0,1,3,0,11,3
1.0,1,1,740,468,27.7332,-97.4058,1,1,0,9,0,11,3
1.0,1,1,625,468,40.1171,-88.1889,0,0,1,4,0,11,3
1.0,1,1,1395,469,45.5091,-122.6449,1,1,0,9,0,11,3
1.0,1,1,1210,469,41.8625,-87.6825,1,1,0,10,0,11,3
1.0,0,1,1100,469,40.4969,-86.9659,1,0,0,6,0,11,3
1.0,1,1,2000,470,38.9118,-77.0132,0,0,1,9,0,11,3
1.0,1,1,1995,470,37.8726,-122.2707,0,0,1,0,0,11,3
1.0,2,1,1755,470,41.889,-87.6336,1,0,0,0,0,11,3
1.0,1,1,1625,470,34.0628,-118.2754,1,1,0,5,99,22,1
1.0,1,1,1570,470,38.9118,-77.0132,1,1,0,2,0,11,3
1.0,1,1,1475,470,42.9833,-71.4574,1,1,0,12,0,11,3
1.0,2,1,1040,470,40.4969,-86.9659,0,0,1,2,0,11,3
1.0,1,1,1039,470,42.2711,-83.745,1,1,0,2,0,11,3
1.0,2,1,1009,470,41.8625,-87.6825,1,1,0,0,4,11,6
1.0,1,1,999,470,40.4969,-86.9659,0,0,1,8,0,11,3
1.0,1,1,800,470,61.1723,-149.8414,1,1,0,1,0,11,3
1.0,3,1,550,470,39.1676,-86.5,1,1,0,4,0,11,3
1.0,1,1,3195,471,37.7599,-122.4379,1,1,0,2,4,11,6
1.0,2,1,1500,471,41.8625,-87.6825,1,1,0,0,3,12,6
1.0,1,1,3300,472,37.7599,-122.4379,0,0,1,2,4,11,6
1.0,1,1,1206,472,39.1063,-77.1812,1,1,0,6,0,11,3
1.0,2,1,1165,472,40.4448,-79.9725,0,0,1,0,0,11,3
1.0,1,1,715,472,32.878,-96.7511,1,1,0,8,99,21,1
1.0,2,1,1210,473,39.8999,-104.9442,1,1,0,12,99,20,1
1.0,1,1,3395,474,37.7599,-122.4379,1,1,0,1,4,11,6
1.0,3,1,960,474,33.6047,-112.2456,1,1,0,3,0,11,3
1.0,3,1,855,474,28.5964,-81.3237,1,1,0,9,0,11,3
1.0,1,1,1625,475,37.7904,-122.2151,0,0,1,0,0,11,3
1.0,1,1,1350,475,45.5091,-122.6449,1,1,0,5,4,11,6
1.0,1,1,1295,475,41.1908,-73.1965,1,1,0,4,0,11,3
1.0,2,1,1150,475,45.4102,-122.7084,1,1,0,0,0,11,3
1.0,0,1,1125,475,45.5091,-122.6449,0,0,1,0,0,11,3
1.0,1,1,1095,475,26.1343,-80.233,0,0,1,2,0,11,3
1.0,1,1,1050,475,33.7848,-84.3922,1,1,0,0,0,11,3
1.0,1,1,940,475,30.228,-97.7183,0,0,1,7,0,11,3
1.0,2,1,933,475,30.4433,-97.6282,0,0,1,0,0,11,3
1.0,2,1,901,475,30.4433,-97.6282,0,0,1,0,0,11,3
1.0,2,1,900,475,42.5286,-92.4509,1,1,0,7,0,11,3
1.0,2,1,847,475,27.4849,-82.5345,0,0,1,1,99,18,1
1.0,1,1,740,475,39.1679,-84.4933,1,0,0,6,4,11,6
1.0,1,1,721,475,29.9142,-93.9383,0,0,1,3,0,11,3
1.0,1,1,645,475,29.7714,-95.4343,1,0,0,0,0,11,3
1.0,2,1,1200,476,30.3054,-97.7497,0,0,1,3,0,11,3
1.0,1,1,845,476,32.8212,-96.7853,1,1,0,3,0,11,3
1.0,1,1,690,476,39.9591,-75.2725,0,0,1,2,4,11,6
1.0,3,1,1610,477,41.8871,-87.7901,1,1,0,7,0,11,3
1.0,1,1,1350,477,45.5091,-122.6449,0,0,1,3,0,11,3
1.0,1,1,835,477,32.9012,-96.7916,1,1,0,1,99,21,1
1.0,1,1,785,477,32.9012,-96.7916,1,1,0,1,99,21,1
1.0,1,1,3095,478,37.7599,-122.4379,1,1,0,1,4,11,6
1.0,0,1,1875,478,37.5444,-121.982,1,1,0,15,0,11,3
1.0,2,1,535,478,36.0723,-79.8196,1,1,0,0,0,11,3
1.0,0,1,1708,479,39.0004,-77.1051,1,0,0,0,0,20,2
1.0,0,1,1295,479,45.5091,-122.6449,1,1,0,0,0,11,3
1.0,2,1,890,479,43.0133,-88.2374,1,0,0,9,0,11,3
1.0,2,1,829,479,30.3054,-97.7497,0,0,1,3,0,11,3
1.0,1,1,687,479,32.8212,-96.7853,1,0,0,0,0,11,3
1.0,1,1,495,479,47.9299,-97.0173,0,0,1,0,0,11,3
1.0,0,1,2650,480,40.7457,-73.9814,0,0,1,1,78,20,1
1.0,0,1,1747,480,38.9348,-77.059,1,1,0,0,0,20,2
1.0,2,1,1102,480,30.3054,-97.7497,0,0,1,0,0,11,3
1.0,1,1,969,480,29.4624,-98.5253,0,0,1,5,0,11,3
1.0,1,1,858,480,30.3054,-97.7497,0,0,1,5,0,11,3
1.0,1,1,710,480,33.5178,-112.0848,1,1,0,0,0,11,3
1.0,1,1,689,480,40.1145,-88.2723,0,0,1,2,0,11,3
1.0,1,1,669,480,32.6924,-97.1324,0,0,1,6,99,2,2
1.0,1,1,575,480,43.6309,-84.2394,0,0,1,0,4,11,6
1.0,2,1,1538,481,39.736,-104.9819,1,1,0,11,0,11,3
1.0,3,1,1145,481,33.0476,-96.7467,1,1,0,7,4,11,6
1.0,1,1,1014,481,30.3054,-97.7497,1,1,0,0,0,11,3
1.0,1,1,990,481,30.3054,-97.7497,0,0,1,0,0,11,3
1.0,1,1,926,481,30.3054,-97.7497,0,0,1,2,0,11,3
1.0,1,1,922,481,30.3054,-97.7497,0,0,1,3,0,11,3
1.0,1,1,845,481,30.3054,-97.7497,0,0,1,3,0,11,3
1.0,1,1,711,482,36.1554,-115.1733,1,1,0,5,0,11,3
1.0,2,1,1926,483,38.9074,-77.0494,1,1,0,2,0,11,3
1.0,1,1,1595,483,34.1656,-118.3916,1,1,0,0,3,12,6
1.0,3,1,875,483,33.5178,-112.0848,1,1,0,2,0,11,3
1.0,1,1,955,484,30.3054,-97.7497,0,0,1,3,0,11,3
1.0,3,1,890,484,30.3054,-97.7497,0,0,1,0,0,11,3
1.0,1,1,675,484,39.1103,-94.702,1,1,0,12,0,11,3
1.0,1,1,450,484,39.1984,-96.6052,0,0,1,1,0,11,3
1.0,1,1,4200,485,37.7599,-122.4379,1,1,0,3,0,11,3
1.0,1,1,1220,485,41.8625,-87.6825,0,0,1,0,4,11,6
1.0,1,1,1125,485,40.4969,-86.9659,0,0,1,5,0,11,3
1.0,1,1,925,485,40.1145,-88.2723,0,0,1,5,0,11,3
1.0,2,1,895,485,45.5091,-122.6449,1,1,0,0,0,11,3
1.0,1,1,1499,486,39.7726,-105.0491,1,1,0,2,99,18,1
1.0,2,1,1350,486,32.6197,-117.0226,1,1,0,10,0,11,3
1.0,1,1,1235,486,45.5091,-122.6449,1,1,0,10,0,11,3
1.0,1,1,1093,486,41.8625,-87.6825,1,1,0,3,4,11,6
1.0,2,1,1360,487,40.4993,-74.5214,1,1,0,5,0,11,3
1.0,1,1,859,487,30.3054,-97.7497,0,0,1,4,0,11,3
1.0,3,1,615,487,37.1892,-93.2908,1,1,0,10,0,11,3
1.0,2,1,2394,488,37.7599,-122.4379,0,0,1,6,0,11,3
1.0,1,1,1799,488,21.3155,-157.8379,0,0,1,0,0,11,3
1.0,2,1,1610,488,38.9348,-77.059,1,1,0,0,0,20,2
1.0,1,1,1570,488,38.9348,-77.059,1,1,0,0,0,20,2
1.0,1,1,1275,488,45.5091,-122.6449,1,1,0,6,0,11,3
1.0,2,1,1185,488,40.7061,-111.9048,1,1,0,12,0,11,3
1.0,1,1,1069,488,28.5163,-81.3644,1,1,0,5,0,11,3
1.0,2,1,895,488,43.0152,-89.4529,1,1,0,7,0,11,3
1.0,2,1,1537,489,33.9883,-118.0875,0,0,1,7,99,2,2
1.0,1,1,1485,489,32.8479,-116.9881,1,1,0,6,4,11,6
1.0,1,1,1427,489,33.9883,-118.0875,1,1,0,11,99,2,2
1.0,2,1,1417,489,33.9883,-118.0875,1,1,0,11,99,2,2
1.0,2,1,1397,489,33.9883,-118.0875,0,0,1,6,99,2,2
1.0,2,1,1061,489,32.8212,-96.7853,1,1,0,2,0,11,3
1.0,2,1,1575,490,33.9299,-117.8849,0,0,1,0,0,11,3
1.0,1,1,1505,490,47.5988,-122.1507,1,0,0,4,0,11,3
1.0,0,1,1500,490,34.0372,-118.2972,1,1,0,0,0,11,3
1.0,2,1,1500,490,47.6869,-122.1896,1,1,0,3,99,2,2
1.0,1,1,1250,490,41.4648,-81.6794,1,1,0,8,4,11,6
1.0,1,1,1199,490,42.333,-122.8597,0,0,1,0,3,12,6
1.0,2,1,1160,490,45.7896,-108.5306,0,0,1,4,0,11,3
1.0,0,1,1130,490,45.5221,-123.1071,1,1,0,0,0,11,3
1.0,1,1,909,490,37.2139,-77.4557,0,0,1,3,99,23,1
1.0,2,1,800,490,41.2562,-96.0404,1,1,0,9,0,11,3
1.0,2,1,790,490,40.1145,-88.2723,0,0,1,3,0,11,3
1.0,2,1,650,490,29.4624,-98.5253,1,1,0,3,0,11,3
1.0,1,1,1365,491,40.8625,-74.0748,1,1,0,1,99,4,2
1.0,2,1,1249,491,44.9855,-93.3023,1,1,0,11,19,13,4
1.0,2,1,1215,491,45.5091,-122.6449,1,1,0,0,0,11,3
1.0,1,1,1000,491,30.5118,-97.6873,0,0,1,8,0,11,3
1.0,1,1,919,491,30.3054,-97.7497,0,0,1,3,0,11,3
1.0,1,1,869,491,30.3054,-97.7497,1,1,0,0,3,12,6
1.0,2,1,1505,492,44.9855,-93.3023,1,1,0,4,0,11,3
1.0,2,1,870,493,43.0257,-83.701,0,0,1,0,0,11,3
1.0,2,1,750,493,40.4448,-79.9725,1,1,0,4,4,11,6
1.0,1,1,995,494,45.6558,-122.5888,1,1,0,0,3,12,6
1.0,3,1,620,494,38.8503,-104.7586,1,1,0,4,99,1,2
1.0,2,1,3600,495,37.7599,-122.4379,1,1,0,1,0,11,3
1.0,1,1,1825,495,37.6541,-122.0735,0,0,1,4,4,11,6
1.0,2,1,1615,495,39.1649,-76.7156,0,0,1,11,99,3,2
1.0,0,1,1495,495,33.7815,-118.1934,0,0,1,4,99,3,2
1.0,2,1,1467,495,30.3054,-97.7497,1,1,0,0,3,12,6
1.0,0,1,980,495,29.4624,-98.5253,0,0,1,0,0,11,3
1.0,1,1,929,495,30.3054,-97.7497,0,0,1,3,0,11,3
1.0,1,1,888,495,30.3054,-97.7497,0,0,1,2,0,11,3
1.0,1,1,800,495,30.3054,-97.7497,1,1,0,0,3,12,6
1.0,2,1,1776,496,34.0372,-118.2972,0,0,1,0,0,11,3
1.0,2,1,1540,496,40.9151,-74.6004,0,0,1,3,99,1,2
1.0,2,1,1375,496,44.9855,-93.3023,1,1,0,9,4,11,6
1.0,2,1,1325,497,30.3054,-97.7497,0,0,1,0,0,11,3
1.0,1,1,1295,497,44.9855,-93.3023,1,0,0,0,0,11,3
1.0,2,1,1188,497,35.2016,-80.8124,1,1,0,5,4,11,6
1.0,1,1,917,497,38.8562,-104.772,0,0,1,12,6,21,3
1.0,2,1,1665,498,39.1649,-76.7156,0,0,1,11,99,3,2
1.0,3,1,1065,498,30.3054,-97.7497,0,0,1,0,0,11,3
1.0,2,1,1631,499,33.8056,-118.1696,1,1,0,3,0,11,3
1.0,2,1,1310,499,45.5091,-122.6449,1,1,0,6,0,11,3
1.0,2,1,817,499,35.1211,-89.9517,1,1,0,10,0,11,3
1.0,2,1,799,499,43.1225,-89.2936,1,0,0,11,4,11,6
1.0,1,1,2999,500,33.9943,-118.462,0,0,1,5,99,0,2
1.0,1,1,2250,500,37.7904,-122.2151,0,0,1,0,0,11,3
1.0,1,1,2160,500,34.0939,-118.3801,1,1,0,12,99,22,1
1.0,2,1,1995,500,33.852,-118.3759,1,0,0,0,0,11,3
1.0,1,1,1885,500,34.0372,-118.2972,1,1,0,3,19,14,4
1.0,1,1,1850,500,39.3191,-76.6126,1,1,0,6,4,11,6
1.0,4,1,1799,500,41.8625,-87.6825,0,0,1,10,4,11,6
1.0,1,1,1795,500,33.1201,-117.2858,0,0,1,0,0,11,3
1.0,2,1,1700,500,38.9348,-77.059,1,1,0,0,0,20,2
1.0,2,1,1695,500,37.7078,-122.1435,1,1,0,0,0,11,3
1.0,0,1,1635,500,40.918,-73.7837,0,0,1,2,4,11,6
1.0,1,1,1600,500,40.7029,-73.8797,0,0,1,1,6,21,3
1.0,1,1,1599,500,28.0076,-82.4792,1,1,0,4,0,11,3
1.0,1,1,1599,500,32.7876,-117.1265,1,1,0,0,0,11,3
1.0,2,1,1595,500,33.9299,-117.8849,0,0,1,0,0,11,3
1.0,1,1,1585,500,33.9299,-117.8849,0,0,1,0,0,11,3
1.0,1,1,1495,500,32.7994,-116.9256,0,0,1,0,4,12,6
1.0,2,1,1410,500,38.8488,-77.3296,1,1,0,0,0,11,3
1.0,1,1,1395,500,41.8625,-87.6825,1,0,0,2,0,11,3
1.0,1,1,1365,500,40.162,-105.1342,1,1,0,5,0,11,3
1.0,1,1,1365,500,47.3851,-122.1882,1,1,0,7,0,11,3
1.0,0,1,1350,500,33.7363,-117.8131,0,0,1,0,0,11,3
1.0,2,1,1345,500,30.3054,-97.7497,0,0,1,0,0,11,3
1.0,1,1,1326,500,47.3907,-122.2626,0,0,1,0,99,2,2
1.0,2,1,1305,500,34.1132,-117.6615,0,0,1,0,0,11,3
1.0,1,1,1300,500,42.1583,-122.6338,1,1,0,0,0,11,3
1.0,2,1,1300,500,44.9405,-93.1027,1,1,0,8,8,10,2
1.0,1,1,1295,500,32.7213,-117.1626,1,1,0,4,1,10,2
1.0,1,1,1279,500,47.3907,-122.2626,1,1,0,3,99,2,2
1.0,1,1,1250,500,38.992,-77.0056,0,0,1,0,4,11,6
1.0,2,1,1248,500,44.9405,-93.1027,0,0,1,0,4,11,6
1.0,1,1,1245,500,42.8719,-71.3599,0,0,1,0,0,11,3
1.0,1,1,1209,500,44.041,-123.1254,0,0,1,6,0,11,3
1.0,1,1,1195,500,38.5587,-121.432,1,1,0,0,0,11,3
1.0,1,1,1145,500,43.0724,-89.4003,0,0,1,2,4,11,6
1.0,1,1,1119,500,28.5163,-81.3644,1,1,0,3,0,11,3
1.0,1,1,1050,500,45.5091,-122.6449,1,1,0,0,0,11,3
1.0,2,1,1025,500,40.4146,-104.7321,1,0,0,5,0,11,3
1.0,1,1,999,500,28.5163,-81.3644,1,1,0,7,0,11,3
1.0,1,1,995,500,40.7061,-111.9048,0,0,1,0,0,11,3
1.0,2,1,989,500,30.3054,-97.7497,0,0,1,0,0,11,3
1.0,3,1,956,500,44.9235,-93.4704,1,1,0,13,0,11,3
1.0,1,1,950,500,43.0724,-89.4003,1,0,0,6,0,11,3
1.0,1,1,950,500,29.8831,-97.945,1,0,0,0,4,11,6
1.0,1,1,949,500,30.3054,-97.7497,0,0,1,1,0,11,3
1.0,1,1,944,500,30.3054,-97.7497,0,0,1,3,0,11,3
1.0,2,1,935,500,38.8562,-104.772,1,1,0,4,0,11,3
1.0,1,1,925,500,40.7061,-111.9048,1,1,0,0,0,11,3
1.0,1,1,920,500,40.4448,-79.9725,0,0,1,0,0,11,3
1.0,2,1,900,500,30.3054,-97.7497,0,0,1,0,0,11,3
1.0,0,1,895,500,39.3136,-76.6154,1,1,0,5,12,10,5
1.0,1,1,890,500,32.5975,-85.4777,1,1,0,6,0,11,3
1.0,1,1,875,500,45.3672,-122.6496,1,0,0,1,15,21,1
1.0,2,1,849,500,42.2368,-83.6103,1,1,0,10,0,11,3
1.0,1,1,840,500,33.0653,-97.0251,1,1,0,9,4,11,6
1.0,1,1,835,500,30.3054,-97.7497,0,0,1,4,0,11,3
1.0,2,1,829,500,43.1921,-89.2195,1,0,0,12,0,11,3
1.0,2,1,820,500,28.6658,-81.3932,1,1,0,11,4,11,6
1.0,1,1,819,500,32.7407,-97.3394,1,0,0,0,0,11,3
1.0,3,1,800,500,35.6066,-77.3928,1,1,0,8,0,11,3
1.0,1,1,800,500,44.8956,-122.5661,1,1,0,0,0,11,3
1.0,1,1,800,500,33.5823,-84.5451,1,1,0,0,8,11,2
1.0,1,1,799,500,35.471,-97.5299,1,1,0,0,0,11,3
1.0,1,1,780,500,61.1723,-149.8414,1,1,0,1,0,11,3
1.0,1,1,775,500,33.2572,-95.9291,1,1,0,4,99,0,2
1.0,1,1,760,500,32.6857,-96.6013,0,0,1,4,99,0,2
1.0,1,1,750,500,42.7242,-84.477,0,0,1,3,0,11,3
1.0,2,1,747,500,61.1723,-149.8414,0,0,1,4,0,11,3
1.0,1,1,739,500,35.9695,-83.981,1,1,0,8,0,11,3
1.0,1,1,736,500,32.8212,-96.7853,1,1,0,9,0,11,3
1.0,1,1,729,500,32.8212,-96.7853,1,1,0,8,0,11,3
1.0,1,1,725,500,43.0531,-87.9659,1,1,0,3,0,11,3
1.0,1,1,700,500,42.877,-73.1898,1,0,0,0,99,2,2
1.0,1,1,695,500,42.9497,-85.6417,0,0,1,1,0,11,3
1.0,1,1,660,500,40.3613,-86.9005,0,0,1,3,0,11,3
1.0,1,1,650,500,32.8212,-96.7853,1,0,0,0,0,11,3
1.0,1,1,645,500,39.0744,-94.5521,1,1,0,5,4,11,6
1.0,1,1,625,500,47.9179,-97.0658,0,0,1,0,0,11,3
1.0,1,1,615,500,40.3613,-86.9005,1,1,0,5,0,11,3
1.0,2,1,615,500,40.1145,-88.2723,0,0,1,0,4,12,6
1.0,2,1,605,500,38.6274,-90.304,1,1,0,13,4,11,6
1.0,1,1,600,500,42.5286,-92.4509,1,1,0,1,0,11,3
1.0,1,1,599,500,41.4121,-81.5566,0,0,1,1,99,21,1
1.0,4,1,575,500,37.1892,-93.2908,1,1,0,9,0,11,3
1.0,1,0,575,500,36.7437,-108.1896,0,0,1,1,0,20,2
1.0,2,1,565,500,40.3613,-86.9005,0,0,1,2,0,11,3
1.0,1,1,560,500,29.9473,-95.3949,1,1,0,10,4,11,6
1.0,3,1,555,500,37.1892,-93.2908,1,1,0,9,0,11,3
1.0,1,1,525,500,40.4969,-86.9659,0,0,1,3,0,11,3
1.0,0,1,510,500,38.0604,-84.4531,0,0,1,2,0,22,2
1.0,1,1,501,500,43.4248,-98.4049,0,0,1,2,0,11,3
1.0,4,1,495,500,33.5137,-86.7893,1,1,0,7,0,11,3
1.0,1,1,495,500,48.2469,-101.3017,0,0,1,0,0,11,3
1.0,2,1,495,500,39.0744,-94.5521,1,1,0,3,4,11,6
2.0,1,1,475,500,40.5755,-79.7224,1,1,0,2,99,3,2
1.0,1,1,365,500,30.6732,-88.1443,0,0,1,0,8,21,1
1.0,2,1,2501,501,42.328,-71.071,1,1,0,10,0,11,3
1.0,1,1,1405,501,43.0724,-89.4003,1,1,0,11,12,11,5
1.0,1,1,885,501,30.3054,-97.7497,0,0,1,3,0,11,3
1.0,1,1,1275,502,45.5091,-122.6449,1,1,0,6,0,11,3
1.0,3,1,949,502,39.1471,-86.5136,1,0,0,7,0,11,3
1.0,2,1,935,502,33.5178,-112.0848,1,1,0,3,0,11,3
1.0,1,1,625,502,41.4814,-81.793,1,0,0,2,99,20,1
1.0,2,1,2195,503,34.0372,-118.2972,1,1,0,0,0,11,3
1.0,0,1,1675,503,38.9118,-77.0132,1,1,0,7,0,11,3
1.0,1,1,841,503,30.3054,-97.7497,0,0,1,9,0,11,3
1.0,1,1,2750,504,42.3739,-71.1155,1,0,0,8,0,11,3
2.0,3,1,1554,504,32.8524,-97.0886,0,0,1,0,99,3,2
1.0,1,1,1260,504,38.7701,-77.2263,1,1,0,0,0,11,3
1.0,1,1,950,504,40.1145,-88.2723,0,0,1,8,0,11,3
1.0,2,1,889,504,33.1993,-97.1268,1,1,0,0,3,12,6
1.0,2,1,795,504,34.8583,-82.3915,1,1,0,0,3,12,6
1.0,1,1,785,504,61.1723,-149.8414,1,1,0,2,0,11,3
1.0,1,1,742,504,32.8524,-97.0886,0,0,1,0,99,3,2
1.0,1,1,680,504,29.7714,-95.4343,1,1,0,2,0,11,3
1.0,1,1,540,504,29.7714,-95.4343,1,1,0,8,4,11,6
1.0,0,1,1934,505,39.0004,-77.1051,1,1,0,1,0,20,2
1.0,1,1,1626,505,40.8627,-73.987,1,1,0,2,0,11,3
1.0,2,1,1450,505,47.616,-122.3275,0,0,1,0,0,11,3
1.0,1,1,1375,505,42.4173,-71.684,1,1,0,11,0,11,3
1.0,2,1,1138,505,30.3054,-97.7497,0,0,1,0,0,11,3
1.0,1,1,1093,505,30.3054,-97.7497,0,0,1,2,0,11,3
1.0,0,1,874,505,29.4624,-98.5253,0,0,1,1,4,11,6
1.0,1,1,675,505,32.8212,-96.7853,1,1,0,8,4,11,6
1.0,1,1,675,505,29.4672,-98.53,1,1,0,3,9,9,1
1.0,1,1,674,505,29.7714,-95.4343,1,0,0,0,0,11,3
1.0,1,1,495,505,37.7262,-89.2229,0,0,1,0,0,11,3
1.0,2,1,1630,506,36.137,-86.783,1,1,0,10,0,11,3
1.0,2,1,1095,506,47.616,-122.3275,0,0,1,2,0,11,3
1.0,1,1,855,506,30.3054,-97.7497,0,0,1,3,0,11,3
1.0,3,1,1297,507,30.3054,-97.7497,1,1,0,0,0,11,3
1.0,1,1,850,507,41.5506,-72.0272,1,1,0,6,0,11,3
1.0,1,1,822,507,33.5859,-101.8698,1,0,0,10,0,11,3
1.0,1,1,2995,508,37.7599,-122.4379,1,1,0,1,4,11,6
1.0,1,1,1350,508,45.5091,-122.6449,1,1,0,0,0,11,3
1.0,1,1,1299,508,30.3054,-97.7497,0,0,1,0,0,11,3
1.0,1,1,1200,508,45.5091,-122.6449,1,1,0,0,0,11,3
1.0,2,1,1050,508,30.3054,-97.7497,0,0,1,0,0,11,3
1.0,2,1,775,508,32.8212,-96.7853,1,1,0,3,4,11,6
1.0,1,1,973,509,28.5163,-81.3644,1,1,0,14,0,11,3
1.0,1,1,2050,510,47.616,-122.3275,1,1,0,0,0,11,3
1.0,1,0,1640,510,47.7544,-122.1932,0,0,1,2,99,1,2
1.0,1,1,1450,510,45.5091,-122.6449,1,1,0,9,0,11,3
1.0,3,1,1443,510,47.8616,-122.2729,0,0,1,4,99,4,2
1.0,1,1,1246,510,25.8886,-80.1902,1,1,0,1,0,11,3
1.0,1,1,1239,510,28.5163,-81.3644,1,1,0,5,0,11,3
1.0,3,1,1225,510,43.0724,-89.4003,1,1,0,9,4,11,6
1.0,1,1,1125,510,43.0531,-87.9659,1,1,0,10,0,11,3
1.0,1,1,1050,510,40.8062,-96.6778,0,0,1,0,3,12,6
1.0,1,1,1002,510,41.3498,-72.1062,0,0,1,4,99,4,2
1.0,3,1,839,510,28.5163,-81.3644,1,1,0,10,4,11,6
1.0,1,1,770,510,29.4624,-98.5253,1,1,0,6,0,11,3
1.0,1,1,602,510,32.275,-95.3017,1,1,0,2,99,1,2
1.0,1,1,600,510,29.7714,-95.4343,1,0,0,0,0,11,3
1.0,1,1,577,510,32.275,-95.3017,1,1,0,2,99,1,2
1.0,1,1,577,510,32.275,-95.3017,1,1,0,3,99,1,2
1.0,3,1,565,510,37.1892,-93.2908,1,1,0,7,0,11,3
1.0,2,1,1755,511,40.7647,-74.2119,1,1,0,12,99,18,1
1.0,3,1,1707,511,41.9138,-87.6339,0,0,1,7,0,11,3
1.0,1,1,720,511,40.1145,-88.2723,0,0,1,0,0,11,3
1.0,1,1,1350,512,44.9855,-93.3023,1,1,0,0,3,12,6
1.0,2,1,1050,512,48.7871,-122.4437,1,1,0,0,0,11,3
1.0,1,1,994,512,30.4415,-91.1012,1,0,0,0,0,11,3
1.0,1,1,994,512,30.3054,-97.7497,0,0,1,2,0,11,3
1.0,1,1,902,512,30.3054,-97.7497,1,1,0,0,3,12,6
1.0,1,1,840,512,39.1471,-86.5136,1,0,0,6,0,11,3
1.0,1,1,755,512,40.4448,-79.9725,0,0,1,2,4,11,6
1.0,1,1,1799,513,38.9118,-77.0132,1,1,0,0,0,11,3
1.0,1,1,1575,513,35.2703,-120.6813,1,1,0,0,16,11,1
1.0,2,1,850,513,30.3054,-97.7497,0,0,1,0,0,11,3
1.0,2,1,1850,514,41.8625,-87.6825,0,0,1,0,0,11,3
1.0,0,1,1799,514,32.7876,-117.1265,0,0,1,0,0,11,3
1.0,1,1,1745,514,41.2318,-73.0586,1,1,0,5,0,11,3
1.0,1,1,1375,514,40.8876,-74.0499,0,0,1,1,99,4,2
1.0,3,1,1300,514,42.7039,-71.1648,1,1,0,9,4,11,6
1.0,1,1,1009,514,30.3054,-97.7497,0,0,1,2,0,11,3
1.0,2,1,1900,515,41.8625,-87.6825,0,0,1,0,0,11,3
1.0,2,0,1680,515,40.7623,-74.1232,0,0,1,4,99,0,2
1.0,2,1,1305,515,39.2946,-76.6235,0,0,1,1,99,4,2
1.0,3,1,1190,515,41.8752,-71.3787,1,1,0,12,4,11,6
1.0,1,1,1155,515,41.8625,-87.6825,1,1,0,0,8,10,2
1.0,2,1,1120,515,39.1471,-86.5136,1,1,0,7,0,11,3
1.0,2,1,1000,515,39.9608,-104.8195,1,1,0,0,0,11,3
1.0,1,1,820,515,32.9012,-96.7916,1,1,0,1,99,21,1
1.0,1,1,725,515,41.2562,-96.0404,0,0,1,0,0,11,3
1.0,1,1,694,515,29.7714,-95.4343,1,1,0,9,4,11,6
1.0,3,1,555,515,37.1892,-93.2908,1,1,0,7,0,11,3
1.0,3,1,550,515,37.1892,-93.2908,1,1,0,6,0,11,3
1.0,4,1,545,515,37.1892,-93.2908,1,0,0,0,0,11,3
1.0,3,1,545,515,37.1892,-93.2908,1,1,0,9,0,11,3
1.0,3,1,1374,516,30.3054,-97.7497,0,0,1,3,0,11,3
1.0,1,1,1130,516,30.3054,-97.7497,0,0,1,5,0,11,3
1.0,3,1,1000,516,30.3054,-97.7497,1,1,0,0,3,12,6
1.0,1,1,974,516,30.3315,-97.6645,0,0,1,3,0,11,3
1.0,2,1,970,516,46.0618,-118.3282,0,0,1,4,0,11,3
1.0,3,1,1352,517,39.5463,-104.8968,1,0,0,0,0,11,3
1.0,1,1,1250,517,41.8625,-87.6825,1,1,0,1,0,11,3
1.0,2,1,949,517,28.5163,-81.3644,1,1,0,5,0,11,3
1.0,1,1,896,517,29.4624,-98.5253,0,0,1,1,0,11,3
1.0,2,1,1609,518,30.3054,-97.7497,0,0,1,0,0,11,3
1.0,2,1,1600,518,30.3054,-97.7497,1,1,0,0,0,11,3
1.0,1,1,1305,518,47.9338,-122.2052,1,1,0,4,0,11,3
1.0,1,1,1060,518,32.8261,-96.7472,1,1,0,3,99,20,1
1.0,1,1,909,518,30.3054,-97.7497,0,0,1,3,0,11,3
1.0,1,1,905,518,30.3054,-97.7497,0,0,1,3,0,11,3
1.0,1,1,850,518,30.3054,-97.7497,0,0,1,3,0,11,3
1.0,1,1,849,518,29.4624,-98.5253,1,1,0,0,0,11,3
1.0,1,1,599,518,32.7025,-97.1196,1,1,0,9,0,11,3
1.0,1,1,2749,519,38.9118,-77.0132,1,1,0,10,0,11,3
1.0,1,1,1099,519,40.4969,-86.9659,0,0,1,8,0,11,3
1.0,2,1,1009,519,28.5163,-81.3644,1,1,0,7,0,11,3
1.0,1,1,991,519,33.8614,-84.5382,1,1,0,15,99,4,2
1.0,1,1,570,519,29.7714,-95.4343,0,0,1,4,0,11,3
1.0,2,1,565,519,29.7714,-95.4343,1,1,0,5,0,11,3
1.0,1,1,1780,520,21.3155,-157.8379,0,0,1,0,0,11,3
1.0,0,1,1772,520,38.9348,-77.059,1,1,0,0,0,20,2
1.0,1,1,1625,520,34.152,-118.0876,0,0,1,3,99,4,2
1.0,2,1,1458,520,39.736,-104.9819,1,1,0,8,0,11,3
1.0,1,1,1400,520,33.8,-117.8367,0,0,1,1,0,11,3
1.0,2,1,1400,520,44.9405,-93.1027,0,0,1,0,4,11,6
1.0,1,1,920,520,30.5118,-97.6873,0,0,1,3,0,11,3
1.0,1,1,880,520,38.8562,-104.772,1,1,0,0,0,11,3
1.0,4,1,879,520,30.3054,-97.7497,0,0,1,0,0,11,3
1.0,1,1,850,520,30.3054,-97.7497,0,0,1,3,0,11,3
1.0,1,1,845,520,43.0531,-87.9659,1,0,0,5,4,11,6
1.0,1,1,830,520,30.3054,-97.7497,0,0,1,0,0,11,3
1.0,1,1,825,520,47.0012,-120.5424,0,0,1,0,3,12,6
1.0,1,1,757,520,41.2562,-96.0404,1,1,0,12,0,11,3
1.0,1,1,750,520,41.5927,-93.6276,0,0,1,0,8,11,2
1.0,1,1,725,520,47.6794,-117.4018,1,1,0,0,0,11,3
1.0,3,1,635,520,32.4418,-99.7494,1,1,0,6,0,11,3
1.0,3,1,610,520,37.1892,-93.2908,1,1,0,11,0,11,3
1.0,3,1,1182,521,43.0531,-87.9659,1,1,0,10,0,11,3
1.0,2,1,1805,522,30.3054,-97.7497,0,0,1,0,0,11,3
1.0,2,1,1805,522,30.3054,-97.7497,1,1,0,0,0,11,3
1.0,3,1,1802,522,42.2081,-70.9524,1,1,0,11,0,11,3
1.0,3,1,1724,522,42.1666,-70.9511,1,1,0,11,4,11,6
1.0,2,1,1662,522,42.1666,-70.9511,0,0,1,0,99,22,1
1.0,3,1,1085,522,45.6558,-122.5888,1,1,0,13,0,11,3
1.0,1,1,999,522,40.3325,-75.1166,1,1,0,0,0,11,3
1.0,1,1,860,522,29.4624,-98.5253,0,0,1,1,4,11,6
1.0,1,1,805,522,29.4624,-98.5253,1,1,0,6,0,11,3
1.0,3,1,555,522,37.1892,-93.2908,1,1,0,11,0,11,3
1.0,4,1,1135,523,42.7527,-71.4854,1,1,0,12,0,11,3
1.0,2,1,930,523,40.1171,-88.1889,0,0,1,3,0,11,3
1.0,2,1,1530,524,30.3054,-97.7497,0,0,1,0,0,11,3
1.0,1,1,1199,524,38.9401,-92.3167,0,0,1,8,0,11,3
1.0,2,1,1121,524,32.829,-96.8458,1,1,0,1,99,22,1
1.0,2,1,2195,525,32.7876,-117.1265,1,1,0,0,0,11,3
1.0,1,1,1705,525,34.0628,-118.2754,1,1,0,5,99,22,1
1.0,1,1,1705,525,34.0628,-118.2754,1,1,0,5,99,22,1
1.0,1,1,1650,525,39.6041,-104.8594,1,1,0,0,8,11,2
1.0,0,1,1585,525,33.8056,-118.1696,0,0,1,0,0,11,3
1.0,1,1,1500,525,30.3054,-97.7497,0,0,1,3,0,11,3
1.0,1,1,1455,525,30.3054,-97.7497,0,0,1,0,0,11,3
1.0,1,1,1370,525,41.8625,-87.6825,1,0,0,3,0,11,3
1.0,1,1,1370,525,34.0521,-117.6328,0,0,1,0,0,11,3
1.0,1,1,1325,525,32.9631,-96.7212,1,1,0,0,0,11,3
1.0,1,1,1250,525,33.7848,-84.3922,1,1,0,0,19,13,4
1.0,1,1,1200,525,29.4624,-98.5253,1,1,0,0,8,11,2
1.0,1,1,1175,525,38.9259,-94.6916,1,1,0,0,8,11,2
1.0,0,1,1150,525,29.7506,-95.4788,1,1,0,9,0,11,3
1.0,1,1,1125,525,45.5091,-122.6449,1,1,0,0,8,11,2
1.0,1,1,1100,525,37.6836,-97.3369,1,1,0,0,3,12,6
1.0,1,1,1066,525,41.3534,-72.0368,1,1,0,4,99,4,2
1.0,1,1,1059,525,32.8212,-96.7853,1,1,0,7,0,11,3
1.0,3,1,1000,525,30.0066,-97.8071,0,0,1,1,4,11,6
1.0,3,1,950,525,30.5118,-97.6873,0,0,1,0,0,11,3
1.0,1,1,915,525,42.9112,-78.8171,1,1,0,5,0,11,3
1.0,1,1,905,525,30.3054,-97.7497,1,1,0,0,3,12,6
1.0,1,1,900,525,32.8212,-96.7853,1,1,0,8,0,11,3
1.0,1,1,899,525,30.3054,-97.7497,0,0,1,1,0,11,3
1.0,1,1,850,525,30.3054,-97.7497,0,0,1,0,0,11,3
1.0,1,1,840,525,41.2562,-96.0404,1,1,0,0,0,11,3
1.0,1,1,830,525,37.1892,-93.2908,0,0,1,8,0,11,3
1.0,1,1,815,525,39.1679,-84.4933,1,0,0,4,4,11,6
1.0,1,1,750,525,38.6274,-90.304,1,1,0,4,19,13,4
1.0,1,1,745,525,38.816,-90.7054,1,1,0,8,0,11,3
1.0,1,1,741,525,32.9954,-96.7849,0,0,1,3,99,0,2
1.0,1,1,700,525,41.2562,-96.0404,1,1,0,0,0,11,3
1.0,1,1,695,525,39.8597,-86.3822,1,1,0,8,0,11,3
1.0,1,1,515,525,36.116,-95.9281,1,1,0,0,0,11,3
1.0,0,1,2130,526,34.0372,-118.2972,1,1,0,4,0,11,3
1.0,1,1,2117,526,42.328,-71.071,1,1,0,2,0,11,3
1.0,2,1,1400,526,44.9776,-93.3594,1,1,0,8,8,10,2
1.0,1,1,1084,526,30.3054,-97.7497,0,0,1,3,0,11,3
1.0,1,1,915,526,32.7407,-97.3394,1,1,0,6,0,11,3
1.0,1,1,1560,527,30.3054,-97.7497,0,0,1,6,0,11,3
1.0,3,1,1085,527,29.4624,-98.5253,1,1,0,0,0,11,3
1.0,1,1,1030,527,30.3054,-97.7497,1,1,0,5,0,11,3
1.0,1,1,980,527,30.3054,-97.7497,0,0,1,4,0,11,3
1.0,1,1,680,527,41.6251,-93.7375,1,0,0,4,0,11,3
1.0,1,1,590,527,29.7714,-95.4343,1,1,0,7,0,11,3
1.0,1,1,559,527,35.4595,-97.3973,1,1,0,8,99,4,2
1.0,1,1,1055,528,29.4624,-98.5253,1,1,0,4,0,11,3
1.0,1,1,990,528,39.9071,-75.0838,1,1,0,9,99,3,2
1.0,1,1,975,528,29.4624,-98.5253,0,0,1,1,0,11,3
1.0,1,1,965,528,30.4433,-97.6282,0,0,1,0,0,11,3
1.0,3,1,895,528,46.8608,-96.8096,1,1,0,0,0,11,3
1.0,1,0,715,528,32.3252,-95.2948,0,0,1,2,99,1,2
1.0,1,1,698,528,29.7714,-95.4343,1,1,0,11,0,11,3
1.0,1,1,3900,529,37.7599,-122.4379,1,1,0,2,4,11,6
1.0,2,1,1616,529,30.3054,-97.7497,0,0,1,0,0,11,3
1.0,1,1,1405,529,30.3054,-97.7497,0,0,1,3,0,11,3
1.0,2,1,1399,529,30.3054,-97.7497,0,0,1,0,0,11,3
1.0,1,1,1125,529,30.3054,-97.7497,0,0,1,8,4,11,6
1.0,1,1,1125,529,30.3054,-97.7497,0,0,1,8,4,11,6
1.0,1,1,2050,530,34.1594,-118.2498,1,0,0,0,0,11,3
1.0,1,1,1850,530,38.9118,-77.0132,0,0,1,5,0,11,3
1.0,1,1,1750,530,47.616,-122.3275,1,1,0,0,19,13,4
1.0,0,1,1489,530,39.0017,-77.0353,1,1,0,0,0,20,2
1.0,2,1,1425,530,44.9855,-93.3023,1,1,0,11,8,10,2
1.0,1,1,1375,530,35.1825,-111.6031,1,1,0,7,0,11,3
1.0,1,1,1368,530,30.3054,-97.7497,0,0,1,0,0,11,3
1.0,1,1,1355,530,34.1132,-117.6615,0,0,1,0,0,11,3
1.0,2,1,1350,530,44.9855,-93.3023,1,1,0,9,8,10,2
1.0,1,1,1343,530,29.4624,-98.5253,0,0,1,2,4,11,6
1.0,2,1,1245,530,45.0201,-93.4623,1,1,0,11,0,11,3
1.0,2,1,1195,530,41.4029,-73.4637,1,1,0,0,0,11,3
1.0,1,1,1149,530,28.5964,-81.3237,1,1,0,6,0,11,3
1.0,1,1,1105,530,31.8666,-102.3901,1,1,0,10,0,11,3
1.0,1,1,945,530,29.4624,-98.5253,0,0,1,0,0,11,3
1.0,1,1,838,530,36.8328,-76.3529,0,0,1,1,13,21,3
1.0,1,1,640,530,41.5486,-90.5922,1,1,0,5,0,11,3
1.0,2,1,1258,531,30.3054,-97.7497,0,0,1,0,0,11,3
1.0,3,1,800,531,46.8013,-100.7562,1,1,0,0,0,11,3
1.0,1,1,775,531,38.6274,-90.304,1,1,0,8,0,11,3
1.0,2,1,2220,532,34.1474,-118.1391,0,0,1,4,99,4,2
1.0,3,1,1095,532,43.1472,-88.1182,1,1,0,8,8,10,2
1.0,1,1,962,532,30.3054,-97.7497,0,0,1,3,0,11,3
1.0,1,1,575,532,43.4251,-83.9731,0,0,1,3,11,21,5
1.0,2,1,2667,533,40.722,-74.0644,0,0,1,1,99,3,2
1.0,2,1,2100,533,38.8738,-77.1055,1,1,0,7,0,11,3
1.0,1,1,1295,533,45.5091,-122.6449,1,1,0,9,0,11,3
1.0,2,1,1130,533,44.0346,-92.468,0,0,1,0,0,11,3
1.0,2,1,1035,533,37.53,-77.477,1,1,0,5,0,11,3
1.0,1,1,859,533,30.3054,-97.7497,0,0,1,0,0,11,3
1.0,1,1,1537,534,40.6999,-74.3233,0,0,1,3,99,20,1
1.0,1,1,1416,534,40.6999,-74.3233,1,1,0,6,99,1,2
1.0,2,1,1252,534,45.4305,-122.7798,1,1,0,1,0,11,3
1.0,1,1,920,534,40.4969,-86.9659,1,0,0,6,0,11,3
1.0,1,1,815,534,29.4624,-98.5253,1,1,0,0,12,11,5
1.0,1,1,2775,535,42.3739,-71.1155,1,0,0,8,0,11,3
1.0,2,1,2150,535,38.8738,-77.1055,1,1,0,1,0,11,3
1.0,2,1,1269,535,30.3054,-97.7497,0,0,1,0,0,11,3
1.0,2,1,1233,535,30.3054,-97.7497,0,0,1,4,0,11,3
1.0,1,1,1119,535,41.8625,-87.6825,1,1,0,5,0,11,3
1.0,2,1,969,535,39.6169,-104.919,1,1,0,0,0,11,3
1.0,1,1,750,535,35.1038,-106.611,0,0,1,0,0,11,3
1.0,1,1,750,535,35.1038,-106.611,1,1,0,0,0,11,3
1.0,1,1,660,535,41.4712,-81.5155,1,0,0,1,99,20,1
1.0,1,1,594,535,35.2441,-97.4144,0,0,1,5,99,4,2
1.0,2,1,2435,536,42.3787,-71.0159,1,1,0,14,0,11,3
1.0,3,1,1405,536,44.9776,-93.3594,1,1,0,5,0,11,3
1.0,1,1,1295,536,39.1474,-77.2032,1,1,0,12,0,11,3
1.0,2,1,1290,536,44.8338,-93.3197,1,1,0,8,0,11,3
1.0,1,1,1275,536,47.616,-122.3275,1,0,0,0,0,11,3
1.0,2,1,1255,536,40.5853,-105.0839,0,0,1,3,99,0,2
1.0,2,1,930,536,38.9571,-95.2657,1,1,0,0,8,11,2
1.0,1,1,785,536,29.7714,-95.4343,1,1,0,1,0,11,3
1.0,1,1,400,536,29.9142,-93.9383,1,1,0,6,0,11,3
1.0,1,1,1940,537,29.4624,-98.5253,0,0,1,6,0,11,3
1.0,1,1,1450,537,32.7876,-117.1265,1,1,0,10,4,11,6
1.0,1,1,1395,537,44.9855,-93.3023,1,1,0,0,12,11,5
1.0,2,1,1340,537,32.829,-96.8458,0,0,1,2,99,21,1
1.0,1,1,1195,537,33.7416,-84.2614,1,1,0,0,3,12,6
1.0,1,1,999,537,30.3054,-97.7497,0,0,1,1,0,11,3
1.0,1,1,840,537,30.3054,-97.7497,0,0,1,4,0,11,3
1.0,1,1,3800,538,37.7599,-122.4379,1,1,0,0,0,11,3
1.0,1,1,1500,538,39.736,-104.9819,1,1,0,0,0,11,3
1.0,1,1,1250,538,45.5091,-122.6449,1,1,0,0,0,11,3
1.0,3,1,989,538,28.5964,-81.3237,1,1,0,5,0,11,3
1.0,2,1,910,538,40.1171,-88.1889,0,0,1,3,0,11,3
1.0,1,1,624,538,32.5548,-94.7807,0,0,1,8,99,1,2
1.0,1,1,819,539,28.5163,-81.3644,1,1,0,5,0,11,3
1.0,1,1,535,539,29.7714,-95.4343,1,1,0,2,0,11,3
1.0,1,1,1795,540,32.7876,-117.1265,1,1,0,0,0,11,3
1.0,1,1,1615,540,47.7046,-122.1989,1,1,0,5,0,11,3
1.0,1,1,1600,540,39.3191,-76.6126,1,1,0,5,0,11,3
1.0,2,1,1499,540,34.1383,-117.9635,0,0,1,0,0,11,3
1.0,2,1,1450,540,44.9855,-93.3023,1,1,0,3,4,11,6
1.0,1,1,1400,540,35.9517,-79.071,0,0,1,7,8,10,2
1.0,1,1,1400,540,44.9405,-93.1027,0,1,0,8,8,10,2
1.0,1,1,1399,540,28.0076,-82.4792,1,1,0,3,0,11,3
1.0,2,1,1250,540,44.9405,-93.1027,1,1,0,9,8,10,2
1.0,1,1,1200,540,35.823,-78.6438,1,1,0,3,0,11,3
1.0,2,1,1161,540,44.8653,-93.4749,1,1,0,15,0,11,3
1.0,2,1,1111,540,44.9855,-93.3023,1,1,0,10,0,11,3
1.0,1,1,1099,540,28.5163,-81.3644,1,1,0,2,0,11,3
1.0,1,1,960,540,30.3054,-97.7497,0,0,1,3,0,11,3
1.0,1,1,920,540,61.1723,-149.8414,1,1,0,3,0,11,3
1.0,1,1,840,540,30.5118,-97.6873,0,0,1,3,0,11,3
1.0,2,1,835,540,32.8255,-97.1039,1,1,0,10,99,4,2
1.0,1,1,805,540,39.1471,-86.5136,1,1,0,7,0,11,3
1.0,1,1,770,540,46.599,-120.5572,0,0,1,0,0,11,3
1.0,1,1,720,540,42.9497,-85.6417,1,1,0,6,0,11,3
1.0,1,1,710,540,40.1145,-88.2723,0,0,1,0,0,11,3
1.0,1,1,650,540,38.6274,-90.304,1,0,0,5,8,10,2
1.0,1,1,620,540,35.2399,-97.4552,1,1,0,9,0,11,3
1.0,1,1,609,540,42.5589,-89.0873,1,1,0,1,0,11,3
1.0,1,1,599,540,40.4969,-86.9659,1,1,0,5,0,11,3
1.0,1,1,599,540,40.4969,-86.9659,0,0,1,2,0,11,3
1.0,1,1,3395,541,37.7599,-122.4379,1,1,0,2,4,11,6
1.0,2,1,1276,541,44.9855,-93.3023,1,1,0,12,4,11,6
1.0,1,1,725,541,44.5099,-88.0178,0,0,1,1,0,11,3
1.0,1,1,2195,542,33.852,-118.3759,1,0,0,0,0,11,3
1.0,1,1,1028,542,39.1634,-76.6165,0,0,1,4,0,11,3
1.0,1,1,883,542,30.3054,-97.7497,0,0,1,4,0,11,3
1.0,2,1,825,542,41.2562,-96.0404,1,1,0,4,0,11,3
1.0,1,1,772,542,43.6046,-116.2475,1,1,0,3,0,11,3
1.0,1,1,550,542,33.56,-101.8904,1,1,0,0,3,12,6
1.0,2,1,2184,543,34.0451,-118.2414,0,0,1,3,99,18,1
1.0,1,1,922,543,29.5917,-95.5978,1,1,0,3,0,11,3
1.0,1,1,745,543,39.0744,-94.5521,1,1,0,3,4,11,6
1.0,1,1,1265,544,30.3054,-97.7497,0,0,1,6,0,11,3
1.0,1,1,940,544,61.3186,-149.5355,1,1,0,1,0,11,3
1.0,1,1,899,544,33.1993,-97.1268,1,1,0,0,3,12,6
1.0,1,1,754,544,40.8062,-96.6778,1,1,0,9,0,11,3
1.0,1,1,665,544,32.275,-95.3017,1,1,0,3,99,1,2
1.0,1,1,1965,545,38.9348,-77.059,1,1,0,0,0,20,2
1.0,2,1,1576,545,41.8625,-87.6825,1,0,0,9,0,11,3
1.0,1,1,1505,545,41.8625,-87.6825,1,1,0,4,8,10,2
1.0,1,1,1475,545,40.0054,-75.1415,1,1,0,0,0,11,3
1.0,3,1,1310,545,32.8212,-96.7853,1,1,0,5,0,11,3
1.0,3,1,1050,545,35.471,-97.5299,1,1,0,3,0,11,3
1.0,1,1,1025,545,40.7061,-111.9048,1,1,0,0,0,11,3
1.0,1,1,835,545,41.2562,-96.0404,1,1,0,0,0,11,3
1.0,2,1,2680,546,34.1056,-118.3668,0,0,1,2,99,21,1
1.0,2,1,2265,546,34.1056,-118.3668,1,1,0,2,99,21,1
1.0,1,1,1565,546,34.1175,-117.7702,1,1,0,0,0,11,3
1.0,2,1,1495,546,34.0648,-84.0849,1,1,0,14,99,1,2
1.0,2,1,1490,546,44.9368,-93.3605,1,1,0,8,0,11,3
1.0,2,1,1316,546,38.8115,-77.1257,1,1,0,9,0,11,3
1.0,2,1,1261,546,39.6169,-104.919,1,1,0,10,0,11,3
1.0,2,1,1250,546,40.1145,-88.2723,0,0,1,2,0,11,3
1.0,2,1,1120,546,29.4624,-98.5253,0,0,1,0,0,11,3
1.0,1,1,895,546,28.279,-81.4156,1,1,0,13,4,11,6
1.0,1,1,625,546,29.7714,-95.4343,1,1,0,7,4,11,6
1.0,1,1,495,546,47.9299,-97.0173,0,0,1,0,0,11,3
1.0,1,1,1216,547,41.8625,-87.6825,1,1,0,2,0,11,3
1.0,2,1,1185,547,29.4624,-98.5253,0,0,1,5,0,11,3
1.0,1,1,1000,547,30.3054,-97.7497,0,0,1,5,0,11,3
1.0,1,1,999,547,30.3054,-97.7497,0,0,1,3,0,11,3
1.0,1,1,915,547,61.1723,-149.8414,0,0,1,1,0,11,3
1.0,1,1,850,547,46.8901,-96.7447,1,1,0,0,3,12,6
1.0,2,1,1595,548,33.7848,-84.3922,1,1,0,6,0,11,3
1.0,0,1,1309,548,29.7714,-95.4343,1,1,0,3,0,11,3
1.0,3,1,1230,548,30.3054,-97.7497,0,0,1,0,0,11,3
1.0,0,1,1189,548,29.7714,-95.4343,1,1,0,3,0,11,3
1.0,1,1,1065,548,33.5178,-112.0848,1,1,0,0,0,11,3
1.0,1,1,935,548,61.1723,-149.8414,1,0,0,0,0,11,3
1.0,1,1,4200,549,37.7599,-122.4379,1,1,0,2,0,11,3
1.0,2,1,2659,549,42.3739,-71.1155,0,0,1,8,99,20,1
1.0,1,1,1617,549,47.6829,-122.1209,1,1,0,4,99,3,2
1.0,1,1,903,549,29.4624,-98.5253,0,0,1,1,0,11,3
1.0,2,1,840,549,40.1171,-88.1889,0,0,1,2,0,11,3
1.0,1,1,828,549,29.4624,-98.5253,0,0,1,1,0,11,3
1.0,1,1,2175,550,38.9118,-77.0132,0,0,1,7,0,11,3
1.0,1,1,2075,550,33.866,-118.3958,1,0,0,0,0,11,3
1.0,1,1,1899,550,37.6541,-122.0735,1,1,0,0,0,11,3
1.0,1,1,1895,550,33.852,-118.3759,1,0,0,0,0,11,3
1.0,0,1,1820,550,38.9348,-77.059,1,1,0,0,0,20,2
1.0,1,1,1700,550,47.616,-122.3275,1,1,0,0,3,12,6
1.0,1,1,1599,550,28.0076,-82.4792,1,1,0,3,0,11,3
1.0,1,1,1500,550,39.736,-104.9819,0,0,1,0,0,11,3
1.0,1,1,1485,550,33.8323,-117.9079,0,0,1,0,0,11,3
1.0,2,1,1420,550,44.9855,-93.3023,1,1,0,4,4,11,6
1.0,2,1,1400,550,44.9855,-93.3023,1,1,0,4,8,10,2
1.0,1,1,1385,550,32.7876,-117.1265,1,1,0,1,0,11,3
1.0,1,0,1385,550,38.9403,-77.0888,0,0,1,3,7,9,3
1.0,0,1,1332,550,39.0004,-77.1051,1,0,0,1,0,20,2
1.0,1,1,1320,550,42.0454,-87.6964,1,0,0,6,0,11,3
1.0,2,1,1200,550,42.4194,-71.111,0,0,1,0,0,23,2
1.0,1,1,1195,550,30.3054,-97.7497,0,0,1,3,0,11,3
1.0,1,1,1165,550,32.8212,-96.7853,1,1,0,9,0,11,3
1.0,1,1,1100,550,39.5197,-119.8342,1,1,0,0,19,13,4
1.0,1,1,1100,550,32.8472,-96.827,1,1,0,13,99,19,1
1.0,1,1,1055,550,27.7873,-82.6772,1,1,0,1,0,11,3
1.0,2,1,1020,550,39.0744,-94.5521,1,1,0,6,4,11,6
1.0,1,1,995,550,39.736,-104.9819,0,0,1,0,0,11,3
1.0,1,1,995,550,33.7848,-84.3922,1,1,0,0,0,11,3
1.0,1,1,985,550,28.0076,-82.4792,1,1,0,8,4,11,6
1.0,1,1,979,550,39.9173,-75.3005,1,1,0,0,0,11,3
1.0,1,1,975,550,43.0042,-88.0184,1,1,0,8,12,11,5
1.0,1,1,955,550,43.0724,-89.4003,1,0,0,2,4,11,6
1.0,1,1,950,550,39.7333,-104.914,0,0,1,2,99,19,1
1.0,1,1,945,550,30.3054,-97.7497,0,0,1,5,0,11,3
1.0,1,1,925,550,41.8608,-88.1128,1,0,0,0,0,11,3
1.0,1,1,916,550,30.3054,-97.7497,0,0,1,0,0,11,3
1.0,1,1,910,550,30.3054,-97.7497,1,1,0,0,0,11,3
1.0,1,1,899,550,39.1679,-84.4933,1,0,0,3,4,11,6
1.0,1,1,890,550,30.3054,-97.7497,0,0,1,3,0,11,3
1.0,0,1,889,550,39.1471,-86.5136,0,0,1,0,0,11,3
1.0,1,1,865,550,32.9012,-96.7916,1,1,0,5,99,21,1
1.0,1,1,850,550,39.1471,-86.5136,1,1,0,6,0,11,3
1.0,1,1,845,550,44.9855,-93.3023,1,0,0,4,4,11,6
1.0,1,1,837,550,28.0076,-82.4792,1,1,0,13,4,11,6
1.0,1,1,835,550,32.9012,-96.7916,1,1,0,1,99,21,1
1.0,1,1,834,550,29.4624,-98.5253,0,0,1,1,0,11,3
1.0,1,1,830,550,61.1723,-149.8414,1,1,0,0,0,11,3
1.0,1,1,829,550,42.2368,-83.6103,1,1,0,4,0,11,3
1.0,1,1,825,550,30.6505,-97.6809,0,1,0,0,0,11,3
1.0,1,1,825,550,32.9012,-96.7916,1,1,0,1,99,21,1
1.0,1,1,800,550,41.2562,-96.0404,1,1,0,7,0,11,3
1.0,2,0,795,550,41.7566,-72.689,1,1,0,4,99,3,2
1.0,1,1,784,550,39.3191,-76.6126,1,1,0,0,0,11,3
1.0,1,1,779,550,39.1471,-86.5136,0,0,1,0,16,11,1
1.0,1,1,775,550,43.0531,-87.9659,1,0,0,3,0,11,3
1.0,2,1,750,550,40.3613,-86.9005,1,1,0,7,0,11,3
1.0,1,1,720,550,42.7242,-84.477,1,1,0,4,12,11,5
1.0,1,1,695,550,35.6982,-97.4325,0,0,1,6,99,3,2
1.0,1,1,665,550,39.1103,-94.702,1,1,0,10,0,11,3
1.0,0,1,650,550,47.6794,-117.4018,0,0,1,1,0,11,3
1.0,1,1,635,550,40.4969,-86.9659,1,1,0,2,0,11,3
1.0,1,1,635,550,29.7714,-95.4343,1,1,0,6,0,11,3
1.0,2,1,630,550,38.9954,-94.6422,1,1,0,2,0,11,3
1.0,1,1,625,550,42.0393,-94.0292,0,0,1,0,4,11,6
1.0,2,1,610,550,41.2562,-96.0404,1,1,0,7,0,11,3
1.0,2,1,600,550,41.6675,-83.5837,1,1,0,4,0,11,3
1.0,1,1,600,550,34.678,-92.7603,0,0,1,3,14,21,2
1.0,1,0,584,550,40.7228,-84.0782,0,0,1,1,99,3,2
1.0,1,1,580,550,37.1892,-93.2908,1,1,0,6,0,11,3
1.0,1,1,550,550,38.7835,-82.9413,0,0,1,0,99,2,2
1.0,2,1,545,550,48.2469,-101.3017,1,1,0,0,0,11,3
1.0,1,1,545,550,48.2469,-101.3017,1,1,0,0,0,11,3
1.0,1,1,525,550,47.9179,-97.0658,0,0,1,0,0,11,3
1.0,1,1,525,550,48.2469,-101.3017,1,1,0,0,0,11,3
1.0,1,1,515,550,48.2469,-101.3017,1,1,0,0,0,11,3
1.0,1,1,510,550,35.4441,-94.3428,1,1,0,0,12,11,5
1.0,1,1,500,550,36.116,-95.9281,1,1,0,0,0,11,3
1.0,1,1,480,550,48.2469,-101.3017,0,0,1,0,0,11,3
1.0,2,1,1855,551,47.616,-122.3275,1,1,0,0,0,11,3
1.0,1,1,1250,551,40.8876,-74.0499,0,0,1,2,99,4,2
1.0,3,1,980,551,38.9571,-95.2657,1,1,0,0,3,12,6
1.0,2,1,900,551,44.0346,-92.468,1,1,0,9,0,11,3
1.0,1,1,3495,552,37.7599,-122.4379,1,1,0,1,0,11,3
1.0,2,1,1665,552,47.6156,-122.2109,0,0,1,2,99,0,2
1.0,1,1,1595,552,43.0791,-73.7766,1,1,0,0,3,12,6
1.0,2,1,1250,552,29.4624,-98.5253,1,1,0,0,0,11,3
1.0,2,1,1195,552,37.53,-77.477,1,1,0,8,0,11,3
1.0,1,1,1030,552,39.7953,-86.1387,1,1,0,7,0,11,3
1.0,1,1,995,553,38.6274,-90.304,1,1,0,5,16,11,1
1.0,1,1,970,553,30.3961,-91.1152,1,1,0,10,0,11,3
1.0,2,1,1392,554,33.7848,-84.3922,1,0,0,0,0,11,3
1.0,3,1,1050,554,33.0476,-96.7467,1,1,0,0,0,11,3
1.0,1,1,860,554,30.3054,-97.7497,0,0,1,3,0,11,3
1.0,1,1,750,554,29.7714,-95.4343,1,1,0,7,0,11,3
1.0,1,1,1350,555,45.5091,-122.6449,1,1,0,8,0,11,3
1.0,1,1,840,555,38.8562,-104.772,1,1,0,5,0,11,3
1.0,1,1,780,555,40.1145,-88.2723,0,0,1,2,0,11,3
1.0,1,1,2600,556,32.6596,-117.1595,1,1,0,0,0,11,3
1.0,1,1,1250,556,43.0531,-87.9659,0,1,0,7,4,11,6
1.0,1,1,1107,556,30.3054,-97.7497,0,0,1,4,0,11,3
1.0,1,1,910,556,30.3054,-97.7497,0,0,1,3,0,11,3
1.0,3,1,1747,557,33.7848,-84.3922,1,1,0,7,0,11,3
1.0,1,1,1350,557,40.0054,-75.1415,0,0,1,0,0,11,3
1.0,1,1,845,557,29.4624,-98.5253,0,0,1,1,0,11,3
1.0,2,1,2180,558,40.4841,-74.4526,0,0,1,0,3,12,6
1.0,1,1,1125,558,30.3054,-97.7497,0,0,1,2,0,11,3
1.0,1,1,1047,558,29.4624,-98.5253,0,0,1,0,4,11,6
1.0,1,1,960,558,29.4624,-98.5253,0,0,1,4,0,11,3
1.0,1,1,840,558,32.9012,-96.7916,1,1,0,7,99,21,1
1.0,3,1,764,558,33.7866,-84.1802,1,1,0,11,0,11,3
1.0,1,1,730,558,36.116,-95.9281,1,1,0,5,0,11,3
1.0,2,1,2388,559,37.9003,-122.0495,1,1,0,11,0,11,3
1.0,1,1,1650,559,34.1683,-118.1209,0,0,1,3,99,4,2
1.0,1,1,1450,559,45.5091,-122.6449,1,1,0,0,0,11,3
1.0,1,1,1290,559,30.3054,-97.7497,0,0,1,3,0,11,3
1.0,1,1,1290,559,30.3054,-97.7497,1,1,0,6,0,11,3
1.0,3,1,1216,559,40.7061,-111.9048,1,1,0,8,0,11,3
1.0,1,1,1199,559,42.8631,-71.5151,0,0,1,1,99,1,2
1.0,1,1,3500,560,37.7599,-122.4379,0,0,1,1,0,11,3
1.0,1,1,2045,560,34.0372,-118.2972,1,1,0,0,8,11,2
1.0,1,1,1565,560,30.3054,-97.7497,0,0,1,7,0,11,3
1.0,2,1,1387,560,44.9855,-93.3023,1,1,0,10,0,11,3
1.0,2,1,1233,560,30.3054,-97.7497,0,0,1,3,0,11,3
1.0,1,1,1160,560,38.9633,-76.9375,1,1,0,6,0,11,3
1.0,1,1,1150,560,47.8056,-122.3716,0,0,1,0,99,1,2
1.0,1,1,1009,560,29.6533,-82.3656,1,1,0,7,0,11,3
1.0,1,1,1000,560,30.3054,-97.7497,0,0,1,0,0,11,3
1.0,1,1,975,560,43.662,-116.3456,1,1,0,0,0,11,3
1.0,1,1,947,560,42.6742,-73.7936,0,0,1,0,0,11,3
1.0,1,1,935,560,41.3498,-72.1062,0,0,1,5,99,4,2
1.0,1,1,925,560,41.3498,-72.1062,0,0,1,5,99,4,2
1.0,1,1,900,560,33.5178,-112.0848,0,0,1,0,0,11,3
1.0,1,1,894,560,29.108,-80.9792,1,1,0,4,0,11,3
1.0,1,1,808,560,36.017,-78.9496,1,1,0,10,99,3,2
1.0,1,1,800,560,26.5761,-81.8644,1,1,0,3,0,11,3
1.0,1,1,695,560,40.1171,-88.1889,0,0,1,0,3,12,6
1.0,1,1,662,560,40.2669,-86.5305,1,1,0,10,0,11,3
1.0,1,1,650,560,41.3712,-83.6212,1,1,0,0,0,11,3
1.0,1,1,650,560,40.3613,-86.9005,0,0,1,4,0,11,3
1.0,1,1,644,560,42.5018,-96.3886,0,0,1,0,3,12,6
1.0,2,1,625,560,41.3675,-82.1146,1,0,0,0,0,11,3
1.0,1,1,615,560,40.426,-86.8894,1,1,0,3,0,11,3
1.0,1,1,450,560,46.8861,-96.9,1,1,0,2,0,11,3
1.0,1,1,3495,561,37.7599,-122.4379,1,1,0,7,4,11,6
1.0,3,1,1889,561,38.8738,-77.1055,1,1,0,5,0,11,3
1.0,1,1,1610,561,33.8505,-118.1466,1,1,0,0,99,2,2
1.0,1,1,1300,561,29.4624,-98.5253,1,1,0,5,0,11,3
1.0,1,1,1183,561,43.0531,-87.9659,1,1,0,2,0,11,3
1.0,1,1,999,561,28.0076,-82.4792,1,1,0,5,0,11,3
1.0,1,1,990,561,32.0057,-102.1036,1,1,0,7,0,11,3
1.0,1,1,974,561,32.8212,-96.7853,1,1,0,9,0,11,3
1.0,1,1,959,561,32.8212,-96.7853,1,1,0,10,0,11,3
1.0,2,1,898,561,35.0462,-85.2352,1,1,0,7,0,11,3
1.0,1,1,715,561,29.7714,-95.4343,1,1,0,8,0,11,3
1.0,3,1,1670,562,38.8077,-76.9886,1,1,0,6,4,11,6
1.0,1,1,1523,562,30.3054,-97.7497,1,1,0,5,0,11,3
1.0,2,1,1285,562,43.0735,-88.0172,1,1,0,10,0,11,3
1.0,1,1,1170,562,40.7061,-111.9048,1,1,0,0,0,11,3
1.0,1,1,1115,562,45.6558,-122.5888,1,1,0,7,0,11,3
1.0,1,1,1089,562,30.3054,-97.7497,0,0,1,2,0,11,3
1.0,1,1,904,562,30.3054,-97.7497,0,0,1,3,0,11,3
1.0,1,1,901,562,30.3054,-97.7497,1,1,0,0,12,11,5
1.0,1,1,880,562,39.0744,-94.5521,1,1,0,3,4,11,6
1.0,1,1,695,562,41.2562,-96.0404,1,1,0,0,0,11,3
1.0,1,1,685,562,35.1038,-106.611,1,1,0,0,0,11,3
1.0,2,1,1409,563,44.9855,-93.3023,1,1,0,11,0,11,3
1.0,1,1,820,563,30.3054,-97.7497,0,0,1,3,0,11,3
1.0,2,1,777,563,35.823,-78.6438,1,1,0,10,0,11,3
1.0,1,1,745,563,29.7714,-95.4343,0,0,1,2,0,11,3
1.0,1,1,615,563,38.9571,-95.2657,0,0,1,0,19,14,4
1.0,2,1,1475,564,30.3054,-97.7497,0,0,1,1,0,11,3
1.0,1,1,1305,564,43.0724,-89.4003,1,1,0,9,0,11,3
1.0,1,1,1150,564,30.3054,-97.7497,0,0,1,0,0,11,3
1.0,3,1,975,564,41.5927,-93.6276,1,1,0,0,0,11,3
1.0,3,1,530,564,35.471,-97.5299,1,1,0,3,0,11,3
1.0,1,1,2075,565,38.9118,-77.0132,0,0,1,9,0,11,3
1.0,2,1,1310,565,40.1171,-88.1889,0,0,1,4,0,11,3
1.0,1,1,1100,565,36.8691,-76.2924,0,0,1,1,99,21,1
1.0,2,1,1064,565,38.6274,-90.304,1,1,0,6,8,10,2
1.0,1,1,980,565,30.3054,-97.7497,0,0,1,3,0,11,3
1.0,1,1,865,565,30.3054,-97.7497,0,0,1,1,0,11,3
1.0,1,1,849,565,30.3054,-97.7497,0,0,1,3,0,11,3
1.0,1,1,765,565,32.8212,-96.7853,1,1,0,5,0,11,3
1.0,3,1,670,565,47.9179,-97.0658,1,1,0,0,0,11,3
1.0,2,1,655,565,40.1171,-88.1889,0,0,1,4,0,11,3
1.0,1,1,600,565,41.6077,-81.5066,0,0,1,4,99,21,1
1.0,1,1,3495,566,37.7599,-122.4379,1,1,0,3,0,11,3
1.0,2,1,2097,566,30.3054,-97.7497,1,1,0,0,0,11,3
1.0,2,1,1595,566,38.9118,-77.0132,1,1,0,9,0,11,3
1.0,1,1,1245,566,44.9855,-93.3023,1,0,0,0,0,11,3
1.0,1,1,1025,566,32.0057,-102.1036,1,1,0,9,0,11,3
1.0,1,1,850,566,41.2562,-96.0404,1,1,0,0,0,11,3
1.0,1,1,755,566,29.7714,-95.4343,1,1,0,1,0,11,3
1.0,1,1,685,566,32.2182,-110.8408,1,1,0,5,0,11,3
1.0,1,1,704,567,43.0531,-87.9659,1,1,0,7,4,11,6
1.0,2,1,1953,568,38.8738,-77.1055,1,1,0,1,0,11,3
1.0,1,1,1635,568,42.6398,-71.3184,1,0,0,10,0,11,3
1.0,1,1,1400,568,45.5091,-122.6449,0,0,1,0,12,11,5
1.0,1,1,800,568,29.4624,-98.5253,0,0,1,1,0,11,3
1.0,1,1,750,568,47.6485,-117.2657,1,1,0,1,0,11,3
1.0,2,1,1512,569,30.3054,-97.7497,0,0,1,3,0,11,3
1.0,1,1,1415,569,32.8212,-96.7853,1,1,0,0,0,11,3
1.0,1,1,1225,569,45.6558,-122.5888,1,1,0,5,0,11,3
1.0,1,1,1165,569,45.6558,-122.5888,1,1,0,8,0,11,3
1.0,1,1,1100,569,45.7585,-122.9342,1,1,0,0,0,11,3
1.0,2,1,932,569,29.4624,-98.5253,0,0,1,0,0,11,3
1.0,1,1,717,569,43.0531,-87.9659,1,0,0,5,4,11,6
1.0,1,1,610,569,41.5486,-90.5922,1,1,0,6,0,11,3
1.0,1,1,3995,570,37.7599,-122.4379,1,1,0,3,0,11,3
1.0,2,1,2695,570,42.328,-71.071,1,1,0,7,0,11,3
1.0,3,1,2099,570,40.0054,-75.1415,1,1,0,8,4,11,6
1.0,3,1,1996,570,33.8,-117.8367,1,1,0,8,0,11,3
1.0,1,1,1475,570,26.1343,-80.233,0,0,1,0,3,12,6
1.0,1,1,1249,570,28.0076,-82.4792,0,0,1,7,0,11,3
1.0,3,1,1249,570,28.0076,-82.4792,1,1,0,4,0,11,3
1.0,1,1,1110,570,30.3054,-97.7497,0,0,1,1,0,11,3
1.0,1,1,1020,570,30.3054,-97.7497,0,0,1,3,0,11,3
1.0,1,1,999,570,30.3054,-97.7497,0,0,1,3,0,11,3
1.0,1,1,905,570,30.0066,-97.8071,0,0,1,1,4,11,6
1.0,1,1,877,570,30.3054,-97.7497,0,0,1,3,0,11,3
1.0,1,1,809,570,42.2711,-83.745,1,1,0,3,0,11,3
1.0,1,1,750,570,40.1145,-88.2723,0,0,1,6,0,11,3
1.0,1,1,710,570,38.6274,-90.304,1,1,0,6,8,10,2
1.0,1,1,705,570,43.5329,-96.7265,1,1,0,4,0,11,3
1.0,1,1,702,570,32.8255,-97.1039,1,1,0,2,99,4,2
1.0,1,1,670,570,39.9974,-82.9829,1,0,0,0,0,11,3
1.0,1,1,649,570,29.7714,-95.4343,1,1,0,5,0,11,3
1.0,1,1,626,570,35.1354,-89.7585,1,1,0,12,0,11,3
1.0,1,1,510,570,37.1892,-93.2908,0,0,1,3,0,11,3
1.0,1,1,450,570,41.6675,-83.5837,0,0,1,0,0,11,3
1.0,1,1,1903,571,30.3054,-97.7497,0,0,1,3,0,11,3
1.0,1,1,1065,571,32.8212,-96.7853,1,1,0,2,0,11,3
1.0,1,1,1060,571,39.9071,-75.0838,1,1,0,9,99,3,2
1.0,1,1,899,571,29.7398,-98.1021,0,0,1,0,4,11,6
1.0,1,1,821,571,29.4624,-98.5253,0,0,1,1,4,11,6
1.0,1,1,776,571,33.8618,-117.5596,1,1,0,5,4,11,6
1.0,2,1,1400,572,44.9855,-93.3023,1,1,0,8,8,10,2
1.0,2,1,1385,572,38.5587,-121.432,1,1,0,1,0,11,3
1.0,1,1,1328,572,30.3054,-97.7497,0,0,1,1,0,11,3
1.0,1,1,980,572,29.7714,-95.4343,1,1,0,8,0,11,3
1.0,1,1,670,572,39.0805,-94.3997,1,1,0,5,0,11,3
1.0,1,1,395,572,41.0102,-95.2202,1,1,0,0,0,11,3
1.0,3,1,2320,573,47.6156,-122.2109,1,1,0,7,99,0,2
1.0,2,1,2120,573,47.6869,-122.1896,1,1,0,7,99,2,2
1.0,1,1,974,573,40.6077,-74.2824,0,1,0,8,8,10,2
1.0,2,1,840,573,40.1171,-88.1889,0,0,1,2,0,11,3
1.0,1,1,795,573,44.4469,-100.1875,1,1,0,0,0,11,3
1.0,1,1,546,573,29.7714,-95.4343,0,0,1,4,0,11,3
1.0,2,1,1220,574,40.1145,-88.2723,0,0,1,3,0,11,3
1.0,1,1,825,574,30.3054,-97.7497,0,0,1,1,0,11,3
1.0,1,1,803,574,29.4624,-98.5253,0,0,1,0,0,11,3
1.0,1,1,3699,575,33.9943,-118.462,0,0,1,9,99,0,2
1.0,2,1,2695,575,37.7599,-122.4379,1,1,0,3,0,11,3
1.0,1,1,1725,575,34.0827,-118.2462,1,1,0,0,0,11,3
1.0,1,1,1650,575,34.152,-118.0876,0,0,1,2,99,4,2
1.0,2,1,1534,575,41.8625,-87.6825,1,1,0,9,0,11,3
1.0,1,1,1022,575,41.8625,-87.6825,1,1,0,6,0,11,3
1.0,1,1,965,575,30.3054,-97.7497,0,0,1,3,0,11,3
1.0,1,1,925,575,44.9855,-93.3023,1,0,0,5,4,11,6
1.0,1,1,920,575,30.3054,-97.7497,0,0,1,3,0,11,3
1.0,1,1,899,575,40.4969,-86.9659,0,0,1,3,0,11,3
1.0,1,1,899,575,39.1679,-84.4933,1,1,0,3,4,11,6
1.0,1,1,875,575,32.9012,-96.7916,1,1,0,1,99,21,1
1.0,3,1,775,575,35.9126,-79.0796,1,1,0,11,4,11,6
1.0,1,1,750,575,43.475,-72.4274,0,0,1,1,99,2,2
1.0,1,1,739,575,39.1679,-84.4933,0,0,1,0,6,21,3
1.0,1,1,684,575,41.473,-81.5781,0,0,1,2,99,20,1
1.0,1,1,635,575,37.1892,-93.2908,0,0,1,1,0,11,3
1.0,1,1,620,575,32.4764,-93.8774,0,0,1,3,99,18,1
1.0,1,1,505,575,39.0744,-94.5521,1,1,0,6,0,11,3
1.0,1,1,2495,576,34.0372,-118.2972,1,1,0,0,19,14,4
1.0,1,1,1265,576,39.7349,-105.2492,1,1,0,0,0,11,3
1.0,1,1,1106,576,41.8019,-72.2494,0,0,1,0,0,11,3
1.0,1,1,1040,576,30.5104,-97.9027,0,0,1,6,0,11,3
1.0,1,1,975,576,44.9855,-93.3023,1,0,0,4,4,11,6
1.0,1,1,850,576,30.3054,-97.7497,0,0,1,3,0,11,3
1.0,1,1,825,576,42.3214,-83.3897,1,1,0,0,0,11,3
1.0,1,1,819,576,42.2368,-83.6103,1,1,0,5,0,11,3
1.0,1,1,798,576,35.9695,-83.981,1,1,0,8,0,11,3
1.0,1,1,750,576,47.1284,-119.2946,0,0,1,0,0,11,3
1.0,1,1,730,576,37.1451,-76.5397,1,1,0,5,99,22,1
1.0,2,1,725,576,43.3241,-73.6522,1,0,0,0,8,11,2
1.0,1,1,640,576,42.0259,-93.6516,1,0,0,0,4,12,6
1.0,1,1,630,576,47.9717,-118.9707,0,0,1,0,0,11,3
1.0,1,1,3795,577,37.7599,-122.4379,1,1,0,2,0,11,3
1.0,2,1,2110,577,38.9118,-77.0132,1,1,0,0,0,11,3
1.0,1,1,1175,577,45.6558,-122.5888,1,1,0,12,0,11,3
1.0,1,1,1120,577,45.6558,-122.5888,1,1,0,11,0,11,3
1.0,1,1,749,577,29.7714,-95.4343,1,1,0,2,0,11,3
1.0,1,1,660,577,29.7714,-95.4343,1,1,0,8,0,11,3
1.0,1,1,1250,578,40.1145,-88.2723,0,0,1,6,0,11,3
1.0,1,1,825,578,41.2562,-96.0404,1,1,0,0,0,11,3
1.0,1,1,745,578,42.815,-83.7152,1,1,0,0,0,11,3
1.0,1,1,625,578,29.4624,-98.5253,1,1,0,4,0,11,3
1.0,2,1,1785,579,47.616,-122.3275,1,0,0,0,0,11,3
1.0,1,1,1670,579,30.3054,-97.7497,0,0,1,4,0,11,3
1.0,1,1,1325,579,47.2154,-122.4608,1,1,0,0,0,11,3
1.0,1,1,1220,579,30.3054,-97.7497,0,0,1,3,0,11,3
1.0,1,1,1100,579,34.123,-117.3836,1,1,0,4,0,11,3
1.0,2,1,1050,579,32.8212,-96.7853,1,1,0,3,0,11,3
1.0,1,1,1015,579,30.3054,-97.7497,0,0,1,3,0,11,3
1.0,1,1,930,579,29.4624,-98.5253,1,1,0,4,0,11,3
1.0,1,1,863,579,29.4624,-98.5253,0,0,1,5,4,11,6
1.0,1,1,450,579,29.7714,-95.4343,0,1,0,6,0,11,3
1.0,2,1,2150,580,41.8625,-87.6825,1,1,0,0,0,11,3
1.0,1,1,2050,580,34.1881,-118.3905,1,1,0,7,0,11,3
1.0,2,1,2036,580,34.07,-118.3501,0,0,1,4,99,20,1
1.0,1,1,1530,580,47.7179,-122.2059,0,0,1,2,99,2,2
1.0,1,1,1450,580,42.4583,-83.138,1,1,0,0,8,11,2
1.0,1,1,1326,580,39.6894,-105.1119,1,1,0,0,0,11,3
1.0,1,1,1270,580,45.6112,-122.4121,1,1,0,0,0,11,3
1.0,1,1,1267,580,39.7136,-105.0655,1,1,0,8,99,19,1
1.0,1,1,1259,580,39.9006,-104.9694,1,1,0,0,3,12,6
1.0,1,1,1150,580,29.7714,-95.4343,1,1,0,2,0,11,3
1.0,2,1,1125,580,29.4624,-98.5253,1,1,0,5,0,11,3
1.0,1,1,1030,580,39.9071,-75.0838,1,1,0,9,99,3,2
1.0,1,1,950,580,41.8787,-87.9798,1,1,0,0,0,11,3
1.0,1,1,915,580,39.5416,-119.7383,0,0,1,2,99,21,1
1.0,1,1,875,580,61.1723,-149.8414,1,1,0,1,0,11,3
1.0,1,1,849,580,29.4624,-98.5253,1,1,0,0,0,11,3
1.0,1,1,825,580,30.4376,-91.0221,1,1,0,11,0,11,3
1.0,0,1,750,580,37.6836,-97.3369,1,1,0,0,0,11,3
1.0,1,1,675,580,40.4969,-86.9659,1,1,0,5,0,11,3
1.0,1,1,635,580,40.3613,-86.9005,1,1,0,3,0,11,3
1.0,1,1,1845,581,30.3054,-97.7497,1,1,0,6,0,11,3
1.0,2,1,1499,581,47.5632,-122.2265,0,0,1,1,99,3,2
1.0,1,1,1150,581,30.3054,-97.7497,0,0,1,1,0,11,3
1.0,1,1,1145,581,27.9657,-82.7464,1,1,0,6,0,11,3
1.0,1,1,1145,581,35.4751,-97.5035,0,0,1,4,99,4,2
1.0,1,1,1073,581,39.0744,-94.5521,1,1,0,3,0,11,3
1.0,1,1,975,581,39.8228,-105.1107,1,1,0,0,0,11,3
1.0,1,1,900,581,46.8901,-96.7447,1,1,0,0,0,11,3
1.0,1,1,799,581,29.7714,-95.4343,1,1,0,11,0,11,3
1.0,2,1,1695,582,41.2318,-73.0586,1,1,0,5,0,11,3
1.0,2,1,1570,582,40.0054,-75.1415,1,0,0,0,0,11,3
1.0,2,1,1355,582,39.2946,-76.6235,0,0,1,0,99,4,2
1.0,1,1,1126,582,30.3054,-97.7497,0,0,1,3,0,11,3
1.0,1,1,725,582,42.0259,-93.6516,1,1,0,5,0,11,3
1.0,2,1,2085,583,47.616,-122.3275,1,0,0,0,0,11,3
1.0,1,1,1650,583,34.0291,-118.3543,0,0,1,1,99,18,1
1.0,1,1,1189,583,40.3942,-79.9046,1,1,0,3,99,3,2
1.0,1,1,1150,583,39.5902,-74.3541,0,0,1,2,99,3,2
1.0,1,1,1093,583,40.3942,-79.9046,0,0,1,3,99,3,2
1.0,1,1,900,583,30.5118,-97.6873,0,0,1,8,0,11,3
1.0,1,1,875,583,39.0269,-94.6516,1,0,0,0,0,11,3
1.0,1,1,1032,584,30.4433,-97.6282,0,0,1,3,0,11,3
1.0,1,1,2349,585,33.7696,-118.1926,0,0,1,2,99,3,2
1.0,1,1,2000,585,37.5444,-121.982,1,1,0,11,0,11,3
1.0,0,1,1620,585,30.3054,-97.7497,1,1,0,0,3,12,6
1.0,1,1,1495,585,45.5091,-122.6449,1,1,0,7,4,11,6
1.0,3,1,1380,585,33.7416,-84.2614,1,0,0,0,0,11,3
1.0,2,1,1317,585,33.7848,-84.3922,0,0,1,7,4,11,6
1.0,1,1,1300,585,45.5091,-122.6449,1,0,0,0,0,11,3
1.0,1,1,1089,585,39.1679,-84.4933,1,1,0,7,4,11,6
1.0,1,1,1080,585,36.1366,-78.7604,1,1,0,4,99,22,1
1.0,1,1,1050,585,41.4648,-81.6794,1,1,0,7,0,11,3
1.0,2,1,985,585,39.1679,-84.4933,1,1,0,9,0,11,3
1.0,2,1,755,585,40.1145,-88.2723,0,0,1,6,0,11,3
1.0,1,1,700,585,29.7714,-95.4343,0,0,1,2,0,11,3
1.0,1,1,675,585,46.4805,-84.3582,1,1,0,0,0,11,3
1.0,1,1,660,585,46.4805,-84.3582,1,1,0,0,0,11,3
1.0,1,1,575,585,30.4415,-91.1012,0,0,1,0,26,11,5
1.0,1,1,545,585,37.9906,-87.5563,1,1,0,4,0,11,3
1.0,1,1,1510,586,33.8323,-117.9079,1,1,0,0,4,12,6
1.0,1,1,1495,586,47.616,-122.3275,0,0,1,0,0,11,3
1.0,1,1,1419,586,34.2285,-118.4435,0,0,1,0,0,11,3
1.0,1,1,1215,586,33.7848,-84.3922,1,1,0,2,0,11,3
1.0,1,1,1184,586,30.3054,-97.7497,0,0,1,0,0,11,3
1.0,3,1,1126,586,39.905,-74.9965,1,1,0,10,0,11,3
1.0,1,1,1027,586,30.3054,-97.7497,1,1,0,5,0,11,3
1.0,1,1,830,586,29.48,-98.6103,0,0,1,0,0,11,3
1.0,2,1,1246,587,35.1211,-89.9517,1,1,0,11,0,11,3
1.0,1,1,1170,587,29.4624,-98.5253,1,1,0,5,0,11,3
1.0,1,1,849,587,30.5969,-96.3034,1,1,0,7,0,11,3
1.0,1,1,815,587,29.4624,-98.5253,0,0,1,1,4,11,6
1.0,1,1,529,587,33.4632,-94.0736,1,1,0,5,99,0,2
1.0,1,1,224,587,40.8297,-84.927,0,0,1,2,0,11,3
1.0,1,1,1750,588,30.3054,-97.7497,0,0,1,3,0,11,3
1.0,1,1,1515,588,32.8212,-96.7853,1,1,0,0,0,11,3
1.0,1,1,1135,588,45.6558,-122.5888,0,0,1,0,0,11,3
1.0,1,1,1075,588,48.7871,-122.4437,1,0,0,0,0,11,3
1.0,1,1,800,588,38.6274,-90.304,1,1,0,5,4,11,6
1.0,1,1,1775,589,32.7685,-117.0046,1,1,0,0,0,11,3
1.0,2,1,1256,589,38.7368,-77.4203,1,1,0,1,0,11,3
1.0,1,1,1220,589,36.8532,-76.2902,1,1,0,10,99,21,1
1.0,1,1,1199,589,28.0076,-82.4792,1,1,0,4,4,11,6
1.0,1,1,779,589,41.7068,-83.6497,0,0,1,0,99,19,1
1.0,1,1,1250,590,33.9264,-117.2346,0,0,1,6,0,11,3
1.0,1,1,1191,590,30.3054,-97.7497,0,0,1,3,0,11,3
1.0,1,1,1130,590,30.3054,-97.7497,0,0,1,0,0,11,3
1.0,1,1,998,590,34.508,-82.6913,1,1,0,0,3,12,6
1.0,1,1,976,590,30.4973,-97.8276,0,0,1,3,0,11,3
1.0,1,1,825,590,41.2715,-96.2423,1,1,0,0,0,11,3
1.0,3,1,665,590,40.8062,-96.6778,1,1,0,9,0,11,3
1.0,1,1,1409,591,30.3054,-97.7497,1,1,0,6,0,11,3
1.0,1,1,1360,591,30.3054,-97.7497,0,0,1,3,0,11,3
1.0,2,1,1230,591,32.8212,-96.7853,1,1,0,6,0,11,3
1.0,1,1,1080,591,29.7714,-95.4343,1,1,0,2,0,11,3
1.0,1,1,1668,592,30.3054,-97.7497,0,0,1,3,0,11,3
1.0,1,1,1230,592,29.4624,-98.5253,1,1,0,5,0,11,3
1.0,1,1,1226,592,38.6274,-90.304,0,0,1,2,19,13,4
1.0,1,1,1140,592,30.3054,-97.7497,1,1,0,0,0,11,3
1.0,1,1,1110,592,41.5459,-87.4562,0,0,1,0,0,11,3
1.0,1,1,1036,592,39.6828,-104.8078,1,1,0,9,0,11,3
1.0,1,1,815,592,32.7162,-97.0052,1,1,0,8,0,11,3
1.0,3,1,745,592,37.1892,-93.2908,1,1,0,8,0,11,3
1.0,0,1,1599,593,38.8571,-77.0609,1,1,0,0,0,20,2
1.0,1,1,1192,593,29.7714,-95.4343,0,0,1,0,0,11,3
1.0,1,1,1180,593,38.9414,-76.9292,0,0,1,1,99,19,1
1.0,1,1,1095,593,39.1471,-86.5136,1,1,0,6,0,11,3
1.0,2,1,1095,593,43.1472,-88.1182,1,1,0,8,12,11,5
1.0,1,1,960,593,33.3772,-111.9248,1,1,0,0,0,11,3
1.0,1,1,932,593,32.8212,-96.7853,1,1,0,6,0,11,3
1.0,1,1,870,593,30.3054,-97.7497,0,0,1,2,0,11,3
1.0,1,1,599,593,36.5311,-82.5209,1,1,0,0,0,11,3
1.0,1,1,1146,594,29.6755,-95.4243,1,1,0,9,0,11,3
1.0,1,1,1100,594,39.9071,-75.0838,1,1,0,9,99,3,2
1.0,1,1,1091,594,29.4624,-98.5253,0,0,1,4,0,11,3
1.0,1,1,1082,594,40.4448,-79.9725,0,0,1,1,0,11,3
1.0,1,1,1009,594,29.4624,-98.5253,0,0,1,1,4,11,6
1.0,3,1,791,594,38.0172,-84.4931,1,1,0,11,0,11,3
1.0,1,1,750,594,32.8212,-96.7853,1,1,0,8,0,11,3
1.0,1,1,735,594,29.7714,-95.4343,1,1,0,2,0,11,3
1.0,1,1,665,594,41.5486,-90.5922,1,1,0,6,0,11,3
1.0,1,1,1561,595,30.3054,-97.7497,0,0,1,0,0,11,3
1.0,3,1,1559,595,39.0873,-77.1745,0,0,1,6,99,22,1
1.0,1,1,1300,595,35.2016,-80.8124,0,0,1,0,0,11,3
1.0,2,1,1175,595,43.0724,-89.4003,1,0,0,0,0,11,3
1.0,1,1,1138,595,39.8668,-105.0055,1,1,0,3,99,22,1
1.0,1,1,850,595,37.1892,-93.2908,1,1,0,0,8,11,2
1.0,2,1,810,595,40.1145,-88.2723,0,0,1,1,0,11,3
1.0,1,1,425,595,37.7825,-90.4215,1,1,0,0,3,12,6
1.0,2,1,1207,596,32.829,-96.8458,0,0,1,4,99,22,1
1.0,1,1,1141,596,32.8212,-96.7853,1,0,0,0,0,11,3
1.0,1,1,800,596,37.1892,-93.2908,1,1,0,7,0,11,3
1.0,1,1,1260,597,30.3054,-97.7497,0,0,1,0,0,11,3
1.0,3,1,1210,597,30.3054,-97.7497,0,0,1,4,0,11,3
1.0,1,1,922,597,32.8524,-97.0886,1,1,0,2,99,3,2
1.0,1,1,915,597,29.4624,-98.5253,0,0,1,0,4,11,6
1.0,3,1,860,597,29.4624,-98.5253,0,0,1,0,4,11,6
1.0,1,1,849,597,30.6505,-97.6809,0,0,1,4,0,11,3
1.0,1,1,788,597,29.4782,-98.2759,1,1,0,9,0,11,3
1.0,1,1,750,597,42.0259,-93.6516,0,0,1,0,16,11,1
1.0,1,1,3599,598,37.7599,-122.4379,0,0,1,0,0,11,3
1.0,1,1,1431,598,40.9047,-74.1194,0,0,1,2,99,22,1
1.0,1,1,1268,598,44.9855,-93.3023,0,0,1,3,0,11,3
1.0,1,1,1011,598,33.7848,-84.3922,1,1,0,2,0,11,3
1.0,1,1,780,598,32.8255,-97.1039,0,0,1,2,99,4,2
1.0,1,1,619,598,32.5548,-94.7807,1,1,0,9,99,0,2
1.0,3,1,1270,599,30.3054,-97.7497,0,0,1,0,0,11,3
1.0,3,1,1260,599,30.3054,-97.7497,1,1,0,0,3,12,6
1.0,1,1,734,599,29.7714,-95.4343,1,1,0,0,0,11,3
1.0,1,1,3900,600,34.0149,-118.4914,0,0,1,5,99,1,2
1.0,1,1,3695,600,37.7599,-122.4379,1,1,0,3,0,11,3
1.0,1,1,2995,600,33.7667,-118.3667,0,0,1,0,16,11,1
1.0,1,1,2800,600,37.4356,-122.134,1,1,0,0,0,11,3
1.0,1,1,2800,600,37.7904,-122.2151,0,0,1,0,0,11,3
1.0,1,1,2640,600,42.3882,-83.1122,1,1,0,4,0,11,3
1.0,1,1,2366,600,33.9855,-118.4532,0,0,1,3,99,0,2
1.0,1,1,2295,600,37.4356,-122.134,0,0,1,2,0,11,3
1.0,1,1,2250,600,37.8726,-122.2707,0,0,1,0,0,11,3
1.0,1,1,2145,600,34.0372,-118.2972,1,1,0,0,0,11,3
1.0,1,1,2095,600,34.0314,-118.4885,0,0,1,3,99,1,2
1.0,1,1,2050,600,37.7904,-122.2151,0,0,1,0,0,11,3
1.0,2,1,1865,600,40.8211,-73.989,1,1,0,0,0,11,3
1.0,1,1,1865,600,38.8738,-77.1055,1,1,0,14,0,11,3
1.0,1,1,1750,600,40.9256,-74.5343,1,1,0,0,16,11,1
1.0,1,1,1742,600,32.7876,-117.1265,1,1,0,1,0,11,3
1.0,2,1,1700,600,21.3155,-157.8379,1,1,0,0,0,11,3
1.0,0,1,1700,600,40.722,-74.0644,0,0,1,5,99,3,2
1.0,1,1,1695,600,47.616,-122.3275,0,0,1,0,0,11,3
1.0,1,1,1650,600,43.6046,-116.2475,0,0,1,0,0,11,3
1.0,1,1,1645,600,40.649,-74.3464,1,1,0,7,99,2,2
1.0,1,1,1595,600,34.0372,-118.2972,1,1,0,0,0,11,3
1.0,0,1,1585,600,34.0372,-118.2972,1,1,0,0,0,11,3
1.0,2,1,1550,600,47.892,-122.0581,1,0,0,0,0,11,3
1.0,2,1,1550,600,44.9855,-93.3023,1,1,0,7,4,11,6
1.0,1,1,1460,600,41.8625,-87.6825,1,0,0,0,0,11,3
1.0,1,1,1460,600,33.9883,-118.0875,1,1,0,3,99,2,2
1.0,1,1,1450,600,40.0054,-75.1415,1,1,0,0,3,12,6
1.0,1,1,1425,600,40.0054,-75.1415,1,1,0,0,0,11,3
1.0,1,1,1400,600,45.5091,-122.6449,1,0,0,0,0,11,3
1.0,2,1,1400,600,44.8338,-93.3197,1,1,0,7,0,11,3
1.0,2,1,1399,600,61.1723,-149.8414,0,0,1,2,19,13,4
1.0,1,1,1385,600,47.8318,-122.2834,1,1,0,10,0,11,3
1.0,1,1,1360,600,47.4608,-122.2095,0,0,1,5,99,4,2
1.0,2,1,1355,600,44.9855,-93.3023,1,1,0,11,0,11,3
1.0,1,1,1350,600,30.3054,-97.7497,1,1,0,4,0,11,3
1.5,1,1,1350,600,47.616,-122.3275,0,0,1,0,0,11,3
1.0,1,1,1350,600,41.8625,-87.6825,1,1,0,0,0,11,3
1.0,0,1,1345,600,38.9118,-77.0132,0,0,1,0,0,11,3
1.0,1,1,1335,600,47.4608,-122.2095,0,0,1,5,99,4,2
1.0,1,1,1333,600,47.8495,-122.2825,0,0,1,9,99,3,2
1.0,1,1,1295,600,43.0724,-89.4003,0,0,1,10,0,11,3
1.0,1,1,1260,600,47.4608,-122.2095,1,1,0,5,99,4,2
1.0,1,1,1260,600,47.4608,-122.2095,0,0,1,5,99,4,2
1.0,3,1,1250,600,33.3898,-111.9272,1,1,0,9,0,11,3
1.0,1,1,1250,600,40.5649,-105.0824,1,1,0,9,0,11,3
1.0,1,1,1200,600,39.1268,-76.5127,0,0,1,2,99,4,2
1.0,1,1,1171,600,33.9386,-84.6151,1,1,0,12,99,3,2
1.0,1,1,1170,600,43.2523,-70.8736,0,0,1,3,99,2,2
1.0,1,1,1150,600,45.5091,-122.6449,1,1,0,0,0,11,3
1.0,1,1,1148,600,30.3054,-97.7497,0,0,1,3,0,11,3
1.0,1,1,1125,600,30.3054,-97.7497,0,0,1,0,0,11,3
1.0,1,1,1125,600,39.736,-104.9819,1,0,0,0,3,12,6
1.0,1,1,1125,600,43.0724,-89.4003,1,0,0,5,4,11,6
1.0,1,1,1095,600,45.5091,-122.6449,1,1,0,0,0,11,3
1.0,1,1,1095,600,45.5091,-122.6449,1,1,0,0,0,11,3
1.0,1,1,1095,600,26.1571,-80.1523,0,0,1,2,4,11,6
1.0,1,1,1095,600,26.1343,-80.233,0,0,1,4,4,11,6
1.0,1,1,1075,600,30.3054,-97.7497,0,0,1,2,0,11,3
1.0,1,1,1075,600,30.3054,-97.7497,1,1,0,0,0,11,3
1.0,1,1,1055,600,32.0057,-102.1036,1,1,0,11,0,11,3
1.0,1,1,1050,600,39.5816,-105.0387,1,1,0,0,0,11,3
1.0,1,1,1050,600,39.9974,-82.9829,1,0,0,6,0,11,3
1.0,1,1,1040,600,31.8666,-102.3901,1,1,0,10,0,11,3
1.0,1,1,1040,600,39.9974,-82.9829,1,1,0,7,0,11,3
1.0,1,1,1032,600,30.3054,-97.7497,0,0,1,3,0,11,3
1.0,1,1,1025,600,30.3054,-97.7497,1,1,0,0,3,12,6
1.0,1,1,1009,600,28.5163,-81.3644,1,1,0,4,0,11,3
1.0,1,1,1000,600,61.1723,-149.8414,1,1,0,1,0,11,3
1.0,1,1,1000,600,26.6138,-80.0897,0,0,1,4,0,22,2
1.0,1,1,995,600,30.4433,-97.6282,0,0,1,3,0,11,3
1.0,1,1,995,600,30.3054,-97.7497,0,0,1,0,0,11,3
1.0,2,1,995,600,42.9908,-89.5684,1,1,0,10,4,11,6
1.0,1,1,995,600,27.3375,-82.5126,1,1,0,5,99,19,1
1.0,2,1,980,600,40.4969,-86.9659,0,0,1,3,0,11,3
1.0,1,1,963,600,33.9649,-84.5107,1,1,0,0,0,11,3
1.0,2,1,950,600,40.5059,-80.1869,1,1,0,0,0,11,3
1.0,2,1,949,600,30.4973,-97.8276,0,0,1,4,0,11,3
1.0,1,1,925,600,40.7061,-111.9048,0,0,1,0,0,11,3
1.0,1,1,905,600,30.3054,-97.7497,0,0,1,0,0,11,3
1.0,1,1,899,600,30.3054,-97.7497,0,0,1,3,0,11,3
1.0,1,1,895,600,30.2989,-81.6324,1,1,0,0,0,11,3
1.0,1,1,895,600,29.4624,-98.5253,0,0,1,5,0,11,3
1.0,2,1,880,600,38.9571,-95.2657,0,0,1,0,19,14,4
1.0,1,1,870,600,32.8436,-96.7006,0,0,1,1,99,20,1
1.0,1,1,850,600,32.7407,-97.3394,1,1,0,11,0,11,3
1.0,1,1,850,600,39.1471,-86.5136,1,0,0,0,0,11,3
1.0,1,1,849,600,29.4624,-98.5253,0,0,1,1,0,11,3
1.0,1,1,840,600,41.2562,-96.0404,1,1,0,7,0,11,3
1.0,1,1,835,600,29.717,-95.612,1,1,0,6,0,11,3
1.0,1,1,830,600,29.6533,-98.4261,0,0,1,1,0,11,3
1.0,1,1,830,600,38.6274,-90.304,1,1,0,3,0,11,3
1.0,1,1,825,600,47.4394,-117.6274,0,0,1,0,0,11,3
1.0,1,1,825,600,42.9497,-85.6417,0,0,1,1,0,11,3
1.0,1,1,825,600,40.4448,-79.9725,0,0,1,7,16,11,1
1.0,1,1,815,600,35.9907,-78.9074,0,0,1,2,99,3,2
1.0,1,1,814,600,36.0808,-79.4527,1,1,0,0,3,12,6
1.0,1,1,810,600,44.0346,-92.468,1,0,0,0,0,11,3
1.0,1,1,809,600,38.6274,-90.304,1,1,0,0,0,11,3
1.0,1,1,800,600,39.0744,-94.5521,1,1,0,6,4,11,6
1.0,2,1,795,600,38.3454,-81.6219,0,1,0,0,0,11,3
1.0,2,1,789,600,42.2368,-83.6103,1,1,0,5,0,11,3
1.0,1,1,780,600,29.1812,-81.0341,1,1,0,3,0,11,3
1.0,1,1,775,600,36.1554,-115.1733,1,1,0,10,0,11,3
1.0,1,1,765,600,41.5835,-93.7597,1,1,0,10,0,11,3
1.0,1,1,755,600,30.2989,-81.6324,1,1,0,9,4,11,6
1.0,1,1,750,600,39.1471,-86.5136,1,1,0,5,0,11,3
1.0,2,0,750,600,35.4751,-97.5035,0,0,1,4,99,4,2
1.0,1,1,750,600,40.5007,-80.0667,1,0,0,4,99,4,2
1.0,1,1,740,600,39.1471,-86.5136,0,0,1,5,0,11,3
1.0,1,1,740,600,43.7012,-85.4657,0,0,1,0,0,11,3
1.0,1,1,740,600,43.7012,-85.4657,0,0,1,0,4,11,6
1.0,1,1,735,600,32.9954,-96.7849,1,0,0,3,99,0,2
1.0,1,1,735,600,32.9954,-96.7849,0,0,1,3,99,23,1
1.0,1,1,725,600,39.1471,-86.5136,1,1,0,5,0,11,3
1.0,1,1,725,600,42.9112,-78.8171,0,0,1,2,0,11,3
1.0,1,1,720,600,39.397,-84.5558,1,1,0,8,0,11,3
1.0,2,1,712,600,40.1171,-88.1889,1,1,0,2,0,11,3
1.0,1,1,710,600,41.5844,-93.6594,1,1,0,5,0,11,3
1.0,1,1,704,600,32.722,-97.083,0,0,1,1,99,2,2
1.0,1,1,700,600,42.2686,-84.945,1,0,0,1,0,11,3
1.0,1,1,700,600,39.1471,-86.5136,1,1,0,6,0,11,3
1.0,2,1,700,600,32.4842,-92.6682,1,1,0,0,0,11,3
1.0,0,1,700,600,42.7199,-84.5731,1,0,0,6,22,0,2
1.0,1,1,699,600,43.6055,-83.8209,1,1,0,7,0,11,3
1.0,1,1,699,600,29.4624,-98.5253,1,1,0,0,0,11,3
1.0,1,1,695,600,39.1471,-86.5136,0,0,1,6,0,11,3
1.0,1,1,695,600,41.2562,-96.0404,1,1,0,0,0,11,3
1.0,1,1,690,600,38.6274,-90.304,1,1,0,6,19,13,4
1.0,1,1,675,600,36.2548,-115.5263,1,1,0,11,99,20,1
1.0,1,1,645,600,33.5944,-112.1837,1,1,0,0,0,11,3
1.0,1,1,645,600,42.0259,-93.6516,1,0,0,0,3,12,6
1.0,3,1,639,600,39.7953,-86.1387,1,1,0,9,0,11,3
1.0,1,0,635,600,39.1263,-84.5172,1,1,0,1,99,0,2
1.0,1,1,615,600,42.0216,-93.6727,0,0,1,0,0,11,3
1.0,1,1,605,600,34.7264,-92.348,1,1,0,10,0,11,3
1.0,2,1,599,600,36.2548,-115.5263,1,1,0,11,99,20,1
1.0,2,1,599,600,36.2548,-115.5263,1,1,0,11,99,20,1
1.0,2,1,599,600,36.2548,-115.5263,1,1,0,11,99,20,1
1.0,1,1,589,600,36.116,-95.9281,1,1,0,0,0,11,3
1.0,1,1,580,600,29.7714,-95.4343,1,1,0,7,4,11,6
1.0,1,1,575,600,39.1103,-94.702,1,1,0,2,4,11,6
1.0,1,1,550,600,42.0621,-93.8855,1,1,0,0,3,12,6
1.0,1,1,550,600,42.418,-83.1068,0,0,1,1,0,22,2
1.0,1,1,539,600,40.1145,-88.2723,1,0,0,2,0,11,3
1.0,1,1,509,600,37.7059,-85.8628,1,1,0,5,0,11,3
1.0,1,1,500,600,26.19,-97.7023,0,0,1,0,0,11,3
1.0,1,1,500,600,39.7539,-84.2418,0,0,1,2,99,2,2
1.0,1,1,495,600,38.6274,-90.304,0,0,1,4,0,11,3
1.0,2,1,495,600,48.2469,-101.3017,0,0,1,0,0,11,3
1.0,1,1,450,600,37.8203,-96.8648,1,1,0,0,8,11,2
1.0,2,1,1474,601,44.9776,-93.3594,1,1,0,9,12,11,5
1.0,1,1,1285,601,30.3054,-97.7497,1,1,0,6,0,11,3
1.0,1,1,1250,601,30.3054,-97.7497,0,0,1,3,0,11,3
1.0,1,1,860,601,32.8255,-97.1039,1,1,0,10,99,4,2
1.0,1,1,2835,602,42.328,-71.071,1,1,0,7,0,11,3
1.0,1,1,1305,602,39.905,-74.9965,1,1,0,4,99,2,2
1.0,1,1,1110,602,39.9071,-75.0838,1,1,0,9,99,3,2
1.0,1,1,905,602,30.3054,-97.7497,0,0,1,3,0,11,3
1.0,1,1,780,602,29.7714,-95.4343,1,1,0,1,0,11,3
1.0,2,1,605,602,43.0531,-87.9659,0,0,1,6,4,11,6
1.0,2,1,2250,603,33.8056,-118.1696,1,0,0,0,0,11,3
1.0,1,1,2000,603,47.616,-122.3275,0,0,1,2,0,11,3
1.0,1,1,1450,603,38.9974,-76.8818,0,0,1,6,99,21,1
1.0,1,1,1299,603,38.9401,-92.3167,0,0,1,8,0,11,3
1.0,1,1,1200,603,30.4415,-91.1012,1,1,0,7,0,11,3
1.0,1,1,1150,603,48.7871,-122.4437,1,1,0,5,0,11,3
1.0,1,1,1130,603,30.3054,-97.7497,0,0,1,0,0,11,3
1.0,1,1,1085,603,30.3054,-97.7497,0,0,1,3,0,11,3
1.0,2,1,1075,603,32.7407,-97.3394,1,1,0,9,0,11,3
1.0,1,1,915,603,29.7714,-95.4343,1,1,0,1,0,11,3
1.0,1,1,860,603,30.3054,-97.7497,1,1,0,0,3,12,6
1.0,1,1,750,603,42.5286,-92.4509,1,1,0,0,3,12,6
1.0,1,1,2000,604,47.616,-122.3275,1,1,0,0,0,11,3
1.0,2,1,1720,604,47.616,-122.3275,0,0,1,0,0,11,3
1.0,1,1,1409,604,30.3054,-97.7497,1,1,0,5,3,12,6
1.0,3,1,1005,604,46.8608,-96.8096,1,1,0,0,0,11,3
1.0,1,1,950,604,33.1932,-87.5349,1,1,0,0,3,12,6
1.0,1,1,890,604,30.3054,-97.7497,0,0,1,2,0,11,3
1.0,1,1,1449,605,45.5091,-122.6449,1,1,0,0,0,11,3
1.5,1,1,1395,605,45.5091,-122.6449,1,1,0,0,0,11,3
1.0,1,1,1094,605,38.8562,-104.772,1,1,0,3,0,11,3
1.0,1,1,1050,605,36.3741,-94.2105,1,1,0,0,0,11,3
1.0,1,1,965,605,43.0367,-86.1865,1,1,0,0,0,11,3
1.0,1,1,675,605,38.8842,-94.5213,1,1,0,4,0,11,3
1.0,4,1,557,605,37.1892,-93.2908,1,1,0,7,0,11,3
1.0,1,1,1730,606,32.8212,-96.7853,1,1,0,0,0,11,3
1.0,3,1,1530,606,38.8738,-77.1055,1,1,0,4,0,11,3
1.0,0,1,1530,606,38.8571,-77.0609,1,1,0,0,0,20,2
1.0,1,1,1295,606,45.5091,-122.6449,0,0,1,0,0,11,3
1.0,1,1,895,606,61.1723,-149.8414,1,1,0,3,0,11,3
1.0,1,1,1300,607,37.53,-77.477,1,1,0,0,0,11,3
1.0,1,1,1149,607,29.4624,-98.5253,1,1,0,4,0,11,3
1.0,1,1,959,607,29.8831,-97.945,0,0,1,1,4,11,6
1.0,1,1,675,607,34.0505,-81.0098,1,1,0,0,12,11,5
1.0,1,1,1176,608,30.3054,-97.7497,0,0,1,3,0,11,3
1.0,1,1,975,608,30.3054,-97.7497,1,1,0,0,3,12,6
1.0,1,1,877,608,30.4433,-97.6282,0,0,1,3,0,11,3
1.0,1,1,800,608,43.0531,-87.9659,1,0,0,5,4,11,6
1.0,1,1,775,608,43.0531,-87.9659,1,1,0,5,0,11,3
1.0,1,1,575,608,35.471,-97.5299,0,0,1,0,4,12,6
1.0,1,1,4195,609,37.7599,-122.4379,1,1,0,3,0,11,3
1.0,1,0,1860,609,47.6124,-122.1427,0,0,1,1,99,1,2
1.0,1,1,1500,609,35.9907,-78.9074,1,1,0,6,0,11,3
1.0,1,1,1355,609,29.7714,-95.4343,1,1,0,3,0,11,3
1.0,2,1,1135,609,45.2924,-93.4325,0,1,0,10,0,11,3
1.0,2,1,1045,609,43.0724,-89.4003,1,0,0,11,0,11,3
1.0,1,1,970,609,40.8382,-111.9184,1,1,0,11,0,11,3
1.0,1,1,2000,610,37.5444,-121.982,1,1,0,5,4,11,6
1.0,1,1,1870,610,37.6812,-121.7519,1,1,0,11,4,11,6
1.0,2,1,1808,610,33.7696,-118.1926,0,0,1,4,99,2,2
1.0,1,1,1745,610,34.0524,-117.9132,1,1,0,0,0,11,3
1.0,1,1,1150,610,30.3054,-97.7497,0,0,1,3,0,11,3
1.0,1,1,1000,610,26.6045,-80.1102,0,0,1,1,15,21,1
1.0,1,1,975,610,32.0057,-102.1036,1,1,0,8,0,11,3
1.0,1,1,966,610,35.9003,-78.7061,0,0,1,4,99,2,2
1.0,1,1,930,610,30.3054,-97.7497,0,0,1,3,0,11,3
1.0,1,0,805,610,38.8565,-104.7149,1,1,0,7,99,1,2
1.0,1,1,745,610,32.8524,-97.0886,0,0,1,0,99,3,2
1.0,1,1,685,610,40.3613,-86.9005,0,0,1,3,0,11,3
1.0,1,1,665,610,40.2874,-84.1585,1,1,0,2,7,21,2
1.0,1,1,650,610,36.0909,-79.9272,1,1,0,14,99,20,1
1.0,1,1,550,610,40.3613,-86.9005,1,1,0,2,0,11,3
1.0,1,1,2700,611,42.3362,-71.1037,0,0,1,4,99,20,1
1.0,1,1,2060,611,41.8625,-87.6825,0,0,1,3,0,11,3
1.0,2,1,1299,611,30.3054,-97.7497,0,0,1,0,0,11,3
1.0,2,1,1089,611,33.8007,-84.4083,1,1,0,1,0,11,3
1.0,1,1,1049,611,30.3054,-97.7497,0,0,1,2,0,11,3
1.0,3,1,880,611,47.9179,-97.0658,1,1,0,0,0,11,3
1.0,1,1,878,611,29.4624,-98.5253,0,0,1,1,4,11,6
1.0,3,1,825,611,46.8608,-96.8096,1,1,0,0,3,12,6
1.0,1,1,790,611,61.1723,-149.8414,1,0,0,1,0,11,3
1.0,1,1,551,611,40.4448,-79.9725,0,0,1,2,0,11,3
1.0,2,1,1735,612,30.3054,-97.7497,1,1,0,4,0,11,3
1.0,3,1,1726,612,30.3054,-97.7497,0,0,1,0,0,11,3
1.0,1,1,1686,612,30.3054,-97.7497,1,1,0,6,0,11,3
1.0,1,1,1369,612,42.829,-71.658,0,0,1,4,99,1,2
1.0,1,1,1235,612,43.0724,-89.4003,1,1,0,10,4,11,6
1.0,1,1,1097,612,29.4624,-98.5253,0,0,1,0,4,11,6
1.0,2,1,1070,612,43.0724,-89.4003,1,1,0,12,0,11,3
1.0,1,1,1039,612,29.4624,-98.5253,0,0,1,0,4,11,6
1.0,1,1,980,612,40.7061,-111.9048,1,1,0,12,0,11,3
1.0,1,1,649,612,29.7714,-95.4343,1,1,0,4,0,11,3
1.0,1,1,520,612,33.4632,-94.0736,0,0,1,5,99,0,2
1.0,1,1,3395,613,37.7599,-122.4379,1,1,0,2,4,11,6
1.0,1,1,2187,613,34.1375,-118.1656,0,0,1,2,99,4,2
1.0,1,1,2100,613,42.5784,-83.032,0,0,1,4,0,11,3
1.0,2,1,2096,613,34.1594,-118.2498,1,0,0,0,0,11,3
1.0,3,1,1924,613,38.9598,-77.3615,0,0,1,6,0,11,3
1.0,1,1,1700,613,33.8323,-117.9079,0,0,1,3,0,11,3
1.0,1,1,1499,613,28.0076,-82.4792,1,1,0,5,0,11,3
1.0,1,1,1200,613,40.0054,-75.1415,1,1,0,1,0,11,3
1.0,2,1,1200,613,29.7714,-95.4343,1,1,0,5,0,11,3
1.0,1,1,965,613,29.4624,-98.5253,1,1,0,4,0,11,3
1.0,1,1,895,613,42.5784,-83.032,1,1,0,10,4,11,6
1.0,1,1,853,613,29.5605,-98.496,0,0,1,1,0,11,3
1.0,1,1,853,613,42.663,-83.0352,1,1,0,13,4,11,6
1.0,1,1,3486,614,37.7599,-122.4379,0,0,1,0,0,11,3
1.0,1,0,2287,614,40.722,-74.0644,0,0,1,2,99,3,2
1.0,1,1,1965,614,33.7834,-118.1506,1,1,0,4,99,3,2
1.0,1,1,1940,614,33.7834,-118.1506,0,0,1,4,99,3,2
1.0,1,1,1815,614,41.8625,-87.6825,1,1,0,4,0,11,3
1.0,1,1,1295,614,40.7061,-111.9048,1,1,0,0,3,12,6
1.0,1,1,1065,614,29.7714,-95.4343,1,1,0,8,0,11,3
1.0,4,1,899,614,40.1145,-88.2723,0,0,1,8,0,11,3
1.0,1,1,590,614,29.7714,-95.4343,1,1,0,9,4,11,6
1.0,1,1,1649,615,39.145,-77.1376,0,0,1,3,99,23,1
1.0,1,1,1350,615,32.8288,-116.7554,1,1,0,0,24,11,0
1.0,1,1,1295,615,45.5091,-122.6449,1,1,0,0,0,11,3
1.0,3,1,1236,615,29.4624,-98.5253,0,0,1,1,0,11,3
1.0,1,1,975,615,29.4624,-98.5253,1,1,0,4,0,11,3
1.0,1,1,950,615,39.1471,-86.5136,1,1,0,8,0,11,3
1.0,1,1,695,615,39.0744,-94.5521,1,1,0,7,4,11,6
1.0,1,1,595,615,35.8199,-90.7016,0,0,1,0,0,11,3
1.0,1,1,575,615,39.1103,-94.702,1,1,0,6,0,11,3
1.0,1,1,535,615,26.19,-97.7023,0,0,1,0,0,11,3
1.0,1,1,1451,616,30.3054,-97.7497,0,0,1,4,0,11,3
1.0,1,1,1235,616,39.065,-76.9815,0,0,1,4,99,0,2
1.0,1,1,1225,616,34.0035,-118.0357,0,0,1,2,99,1,2
1.0,3,1,1219,616,38.9633,-76.9375,1,0,0,8,0,11,3
1.0,1,1,1110,616,32.9158,-96.8961,0,0,1,0,99,21,1
1.0,1,1,1025,616,43.2128,-89.3435,1,1,0,12,0,11,3
1.0,1,1,778,616,39.0744,-94.5521,0,0,1,0,0,11,3
1.0,1,1,1935,617,47.6869,-122.1896,1,1,0,3,99,2,2
1.0,1,1,1365,617,33.5178,-112.0848,1,1,0,2,0,11,3
1.0,1,1,1239,617,42.9833,-71.4574,1,1,0,4,99,1,2
1.0,1,1,635,617,35.9515,-77.8025,1,1,0,6,0,11,3
1.0,1,1,1325,618,42.2676,-71.8079,1,1,0,12,0,11,3
1.0,1,1,1109,618,29.7714,-95.4343,1,1,0,4,0,11,3
1.0,1,1,970,618,32.6924,-97.1324,0,0,1,3,99,2,2
1.0,1,1,830,618,32.8212,-96.7853,1,0,0,0,0,11,3
1.0,1,1,635,618,36.1106,-79.7406,0,0,1,5,99,20,1
1.0,1,1,595,618,32.2264,-110.9438,1,1,0,7,0,11,3
1.0,3,1,1680,619,25.7236,-80.269,1,1,0,1,0,11,3
1.0,1,1,1345,619,44.8144,-93.1655,1,1,0,0,0,11,3
1.0,4,1,1040,619,39.1679,-84.4933,1,0,0,10,4,11,6
1.0,1,1,1000,619,41.6595,-91.535,0,0,1,8,0,11,3
1.0,1,1,820,619,42.5281,-96.5033,0,0,1,0,0,11,3
1.0,1,1,810,619,29.4624,-98.5253,0,0,1,4,0,11,3
1.0,1,1,680,619,43.5329,-96.7265,1,1,0,0,0,11,3
1.0,1,1,1995,620,40.7236,-74.3006,0,0,1,5,99,0,2
1.0,1,1,1850,620,34.0372,-118.2972,1,1,0,0,0,11,3
1.0,1,1,1650,620,47.616,-122.3275,1,1,0,7,4,11,6
1.0,1,1,1595,620,40.0054,-75.1415,1,1,0,0,0,11,3
1.0,1,1,1495,620,33.9069,-118.0806,0,0,1,4,99,2,2
1.0,1,1,1360,620,47.4608,-122.2095,1,1,0,16,99,4,2
1.0,1,1,1289,620,42.6398,-71.3184,0,0,1,4,4,11,6
1.0,1,1,1275,620,44.9405,-93.1027,1,1,0,3,4,11,6
1.0,1,1,1269,620,30.3054,-97.7497,0,0,1,0,0,11,3
1.0,1,1,1225,620,30.3054,-97.7497,0,0,1,3,0,11,3
1.0,1,1,1212,620,35.1825,-111.6031,1,0,0,0,0,11,3
1.0,1,1,1195,620,30.3054,-97.7497,0,0,1,0,0,11,3
1.0,1,0,1105,620,42.9338,-70.8233,0,0,1,0,99,2,2
1.0,1,1,1085,620,39.1679,-84.4933,1,0,0,7,4,11,6
1.0,1,1,1055,620,39.1471,-86.5136,1,0,0,7,0,11,3
1.0,1,1,925,620,39.0744,-94.5521,1,1,0,7,0,11,3
1.0,1,1,925,620,30.5118,-97.6873,0,0,1,7,0,11,3
1.0,1,1,915,620,29.8831,-97.945,0,0,1,1,0,11,3
1.0,1,1,899,620,30.3054,-97.7497,0,0,1,0,0,11,3
1.0,1,1,899,620,40.7061,-111.9048,1,1,0,0,0,11,3
1.0,1,1,899,620,29.8055,-98.1548,0,1,0,0,3,12,6
1.0,1,1,875,620,30.3054,-97.7497,0,0,1,0,0,11,3
1.0,1,1,875,620,40.4969,-86.9659,0,0,1,2,0,11,3
1.0,1,1,859,620,30.5118,-97.6873,0,0,1,0,0,11,3
1.0,1,1,851,620,37.6108,-77.44,1,1,0,4,99,18,1
1.0,1,1,840,620,32.7767,-97.0816,0,0,1,7,99,1,2
1.0,1,1,825,620,37.1888,-77.4306,1,1,0,5,3,12,6
1.0,1,1,799,620,29.7961,-94.9758,1,1,0,11,7,16,2
1.0,1,1,780,620,34.2057,-77.8894,1,1,0,5,0,11,3
1.0,2,1,767,620,33.5178,-112.0848,1,1,0,0,0,11,3
1.0,1,1,750,620,41.2376,-85.8527,0,0,1,3,8,21,1
1.0,1,1,600,620,39.0805,-94.3997,1,1,0,7,4,11,6
1.0,1,1,2150,621,38.9118,-77.0132,0,0,1,0,3,12,6
1.0,2,1,1690,621,30.3054,-97.7497,0,0,1,5,0,11,3
1.0,3,1,1050,621,30.3054,-97.7497,0,0,1,0,0,11,3
1.0,1,1,900,621,33.5178,-112.0848,1,1,0,3,0,11,3
1.0,1,1,900,621,36.116,-95.9281,1,1,0,0,0,11,3
1.0,1,1,825,621,42.7509,-73.6189,0,0,1,0,0,11,3
1.0,1,1,824,621,35.6696,-78.6648,1,1,0,3,99,3,2
1.0,3,1,2624,622,37.3108,-121.8645,1,1,0,8,0,11,3
1.0,2,1,2145,622,42.4194,-71.111,1,1,0,1,0,11,3
1.0,1,1,2000,622,42.2919,-71.4269,1,1,0,6,0,11,3
1.0,1,0,1460,622,39.0747,-76.7017,0,0,1,4,99,3,2
1.0,1,1,1417,622,41.8625,-87.6825,1,1,0,1,8,10,2
1.0,1,1,1235,622,38.6487,-77.3152,1,1,0,3,0,11,3
1.0,1,1,1148,622,38.942,-76.9632,0,0,1,1,99,20,1
1.0,1,1,1115,622,28.0076,-82.4792,1,1,0,6,0,11,3
1.0,1,1,884,622,29.4624,-98.5253,0,0,1,1,0,11,3
1.0,1,1,802,622,29.4624,-98.5253,0,0,1,1,4,11,6
1.0,1,1,759,622,29.7864,-94.9631,1,1,0,11,0,11,3
1.0,1,1,739,622,35.1038,-106.611,1,1,0,0,0,11,3
1.0,1,1,680,622,41.6675,-83.5837,1,1,0,7,0,11,3
1.0,1,1,1970,623,30.3054,-97.7497,0,0,1,0,0,11,3
1.0,1,1,1335,623,32.8212,-96.7853,1,1,0,8,0,11,3
1.0,1,1,1294,623,29.6533,-82.3656,1,1,0,10,0,11,3
1.0,1,1,1275,623,45.5091,-122.6449,1,0,0,0,3,12,6
1.0,1,1,1240,623,47.5968,-122.7026,1,1,0,9,0,11,3
1.0,1,1,1235,623,38.8562,-104.772,1,1,0,8,0,11,3
1.0,1,1,1145,623,30.3054,-97.7497,0,0,1,4,0,11,3
1.0,3,1,1139,623,39.0459,-104.8179,1,1,0,2,99,2,2
1.0,1,1,914,623,27.7873,-82.6772,1,1,0,12,4,11,6
1.0,3,1,810,623,41.6013,-93.8697,1,1,0,11,0,11,3
1.0,1,1,605,623,40.4448,-79.9725,0,0,1,8,4,11,6
1.0,2,1,2281,624,37.9407,-122.3533,0,0,1,2,81,21,5
1.0,1,1,1360,624,45.6558,-122.5888,1,1,0,6,0,11,3
1.0,1,1,1240,624,39.7436,-105.063,1,1,0,7,99,18,1
1.0,1,1,1239,624,35.2016,-80.8124,1,1,0,7,0,11,3
1.0,1,1,1099,624,30.3054,-97.7497,0,0,1,2,0,11,3
1.0,2,1,1040,624,39.1471,-86.5136,1,0,0,0,3,12,6
1.0,1,1,1035,624,30.3054,-97.7497,0,0,1,3,0,11,3
1.0,1,1,1029,624,42.2711,-83.745,1,1,0,6,0,11,3
1.0,1,1,1009,624,42.2711,-83.745,1,1,0,6,0,11,3
1.0,1,1,975,624,35.1038,-106.611,1,1,0,0,0,11,3
1.0,1,1,975,624,37.6249,-77.4948,1,1,0,10,99,18,1
1.0,1,1,675,624,42.2837,-85.5793,1,1,0,0,0,11,3
1.0,1,1,580,624,38.9885,-84.6468,0,0,1,1,11,21,5
1.0,1,1,2195,625,37.3905,-122.0796,1,0,0,1,0,11,3
1.0,1,1,1933,625,33.7848,-84.3922,1,0,0,0,4,11,6
1.0,1,1,1595,625,47.616,-122.3275,1,1,0,0,8,11,2
1.0,1,1,1550,625,47.75,-122.24,1,1,0,6,0,11,3
1.0,1,1,1495,625,47.3949,-122.0287,1,1,0,5,99,3,2
1.0,1,1,1450,625,32.7876,-117.1265,0,0,1,0,0,11,3
1.0,1,1,1445,625,47.3949,-122.0287,0,0,1,3,99,3,2
1.0,1,1,1430,625,25.7603,-80.3005,1,1,0,1,0,11,3
1.0,1,1,1403,625,30.3054,-97.7497,0,0,1,3,0,11,3
1.0,1,1,1375,625,41.8625,-87.6825,1,1,0,0,0,11,3
1.0,1,1,1275,625,30.3054,-97.7497,0,0,1,0,0,11,3
1.0,1,1,1185,625,47.5968,-122.7026,1,1,0,5,0,11,3
1.0,1,1,1179,625,26.0066,-80.2959,1,1,0,6,0,11,3
1.0,1,1,1154,625,30.3054,-97.7497,1,1,0,6,0,11,3
1.0,1,1,1120,625,30.1763,-97.7784,1,1,0,6,0,11,3
1.0,2,1,1100,625,26.2142,-80.2217,0,0,1,0,7,9,3
1.0,1,1,1099,625,37.9824,-121.2995,0,0,1,0,0,11,3
1.0,1,1,1075,625,45.5221,-123.1071,1,1,0,0,0,11,3
1.0,1,1,1047,625,30.3054,-97.7497,1,1,0,4,0,11,3
1.0,1,1,1039,625,30.3054,-97.7497,0,0,1,1,0,11,3
1.0,1,1,1024,625,30.3054,-97.7497,1,1,0,4,0,11,3
1.0,1,1,1009,625,30.0066,-97.8071,0,0,1,0,4,11,6
1.0,1,1,1000,625,33.3898,-111.9272,0,0,1,6,0,11,3
1.0,1,1,999,625,29.4624,-98.5253,1,1,0,0,0,11,3
1.0,1,1,955,625,30.4433,-97.6282,1,1,0,3,0,11,3
1.0,1,1,955,625,30.3054,-97.7497,0,0,1,3,0,11,3
1.0,1,1,950,625,32.7407,-97.3394,0,0,1,0,16,11,1
1.0,1,1,949,625,30.4601,-84.2714,1,1,0,8,0,11,3
1.0,1,1,795,625,41.2562,-96.0404,1,1,0,0,0,11,3
1.0,1,1,710,625,39.1471,-86.5136,0,0,1,7,0,11,3
1.0,1,1,709,625,39.1679,-84.4933,1,1,0,5,0,11,3
1.0,1,1,690,625,29.7714,-95.4343,0,0,1,1,0,11,3
1.0,1,1,630,625,38.0604,-84.4531,0,0,1,2,0,22,2
1.0,1,1,425,625,39.0744,-94.5521,0,0,1,7,4,11,6
1.0,1,1,1592,626,30.3054,-97.7497,1,1,0,6,0,11,3
1.0,1,1,1334,626,26.7173,-80.1164,0,0,1,1,0,11,3
1.0,1,1,1145,626,30.3054,-97.7497,0,0,1,2,0,11,3
1.0,1,1,930,626,29.8831,-97.945,0,0,1,1,4,11,6
1.0,1,1,1375,627,45.5091,-122.6449,1,1,0,7,0,11,3
1.0,2,1,1245,627,33.7848,-84.3922,1,1,0,0,0,11,3
1.0,1,1,1050,627,41.5672,-90.462,1,1,0,0,16,11,1
1.0,1,1,1001,627,30.3054,-97.7497,1,1,0,4,3,12,6
1.0,1,1,941,627,39.3191,-76.6126,1,1,0,2,0,11,3
1.0,1,1,916,627,30.3054,-97.7497,0,0,1,3,0,11,3
1.0,1,1,799,627,29.7714,-95.4343,1,1,0,1,0,11,3
1.0,1,1,499,627,31.1254,-93.2763,0,0,1,6,99,18,1
1.0,1,1,1790,628,29.7714,-95.4343,1,1,0,2,0,11,3
1.0,0,1,1568,628,38.8571,-77.0609,1,1,0,0,0,20,2
1.0,1,1,1495,628,41.8625,-87.6825,1,1,0,3,8,10,2
1.0,1,1,1376,628,40.9047,-74.1194,0,0,1,2,99,22,1
1.0,1,1,1060,628,29.7714,-95.4343,1,1,0,2,0,11,3
1.0,1,1,1031,628,30.0066,-97.8071,0,0,1,1,4,11,6
1.0,1,1,1000,628,42.9408,-88.0498,1,1,0,11,0,11,3
1.0,2,1,979,628,37.5802,-77.5191,1,1,0,6,99,18,1
1.0,1,1,925,628,29.565,-98.3361,0,0,1,1,4,11,6
1.0,1,1,835,628,32.2264,-110.9438,1,1,0,2,0,11,3
1.0,1,1,3851,629,37.7599,-122.4379,0,0,1,0,0,11,3
1.0,1,1,2695,629,42.331,-71.0434,1,0,0,8,0,11,3
1.0,1,1,1595,629,30.3054,-97.7497,0,0,1,3,0,11,3
1.0,2,1,1490,629,33.945,-117.4074,1,1,0,8,0,11,3
1.0,1,1,1260,629,30.3054,-97.7497,0,0,1,10,0,11,3
1.0,1,1,1145,629,30.3054,-97.7497,0,0,1,4,0,11,3
1.0,1,1,1030,629,30.0066,-97.8071,0,0,1,1,4,11,6
1.0,1,1,1019,629,29.4624,-98.5253,0,0,1,1,4,11,6
1.0,1,1,815,629,39.0146,-94.2843,1,1,0,11,4,11,6
1.0,1,1,1650,630,34.2802,-119.2268,1,1,0,0,3,12,6
1.0,0,1,1623,630,39.0017,-77.0353,1,1,0,0,0,20,2
1.0,2,1,1607,630,47.4831,-122.1298,0,0,1,5,99,4,2
1.0,1,1,1550,630,42.1733,-71.0495,1,1,0,3,99,22,1
1.0,1,1,1510,630,33.2181,-117.3166,1,1,0,0,0,11,3
1.0,1,1,1326,630,40.4448,-79.9725,0,0,1,1,0,11,3
1.0,1,1,1308,630,38.6274,-90.304,1,1,0,6,0,11,3
1.0,1,1,1299,630,29.7714,-95.4343,1,1,0,2,0,11,3
1.0,1,1,1263,630,38.8562,-104.772,1,1,0,7,0,11,3
1.0,1,1,1213,630,41.8625,-87.6825,1,1,0,1,0,11,3
1.0,1,1,1200,630,29.7714,-95.4343,0,0,1,1,4,11,6
1.0,1,1,1180,630,39.6767,-104.8854,0,0,1,4,99,22,1
1.0,1,1,1160,630,39.6767,-104.8854,0,0,1,5,99,22,1
1.0,1,1,1135,630,39.6767,-104.8854,1,1,0,4,99,22,1
1.0,1,1,1121,630,40.3942,-79.9046,0,0,1,3,99,3,2
1.0,1,1,1100,630,30.3054,-97.7497,0,0,1,3,0,11,3
1.0,1,1,1065,630,38.9577,-104.7566,0,0,1,4,99,2,2
1.0,1,1,1045,630,41.5506,-72.0272,0,0,1,2,99,4,2
1.0,1,1,1039,630,29.4624,-98.5253,0,0,1,0,0,11,3
1.0,1,1,1000,630,42.5286,-92.4509,1,1,0,5,0,11,3
1.0,1,1,990,630,30.3054,-97.7497,0,0,1,3,0,11,3
1.0,1,1,988,630,40.3942,-79.9046,1,1,0,3,99,3,2
1.0,1,1,933,630,32.9661,-96.7988,1,1,0,5,99,23,1
1.0,1,1,920,630,30.3054,-97.7497,1,1,0,0,3,12,6
1.0,1,1,875,630,40.7061,-111.9048,0,0,1,0,0,11,3
1.0,1,1,860,630,40.4448,-79.9725,0,0,1,0,0,11,3
1.0,1,1,860,630,61.1723,-149.8414,1,1,0,1,0,11,3
1.0,1,1,829,630,32.7025,-97.1196,0,0,1,7,0,11,3
1.0,1,1,825,630,30.3054,-97.7497,0,0,1,4,0,11,3
1.0,1,1,805,630,43.5329,-96.7265,1,1,0,9,0,11,3
1.0,1,1,799,630,30.4601,-84.2714,1,1,0,8,0,11,3
1.0,2,1,785,630,40.4353,-80.0747,0,0,1,2,99,4,2
1.0,2,1,715,630,41.321,-81.6752,0,0,1,1,99,21,1
1.0,1,1,680,630,29.4624,-98.5253,1,1,0,0,8,11,2
1.0,2,1,650,630,41.321,-81.6752,1,0,0,5,4,11,6
1.0,1,1,650,630,36.1106,-79.7406,1,1,0,0,99,20,1
1.0,1,1,625,630,40.8423,-79.8899,0,0,1,8,8,10,2
1.0,1,1,593,630,41.39,-81.527,0,0,1,3,99,21,1
1.0,1,1,2460,631,34.1659,-118.1629,0,0,1,3,99,4,2
1.0,1,0,2375,631,34.1659,-118.1629,0,0,1,0,99,4,2
1.0,1,1,2325,631,34.1659,-118.1629,1,1,0,0,99,4,2
1.0,1,1,1649,631,41.8625,-87.6825,1,1,0,3,4,11,6
1.0,2,1,1365,631,41.8625,-87.6825,1,1,0,1,4,11,6
1.0,1,1,1085,631,47.2154,-122.4608,1,1,0,10,0,11,3
1.0,1,1,804,631,29.7714,-95.4343,1,1,0,4,0,11,3
1.0,2,1,4295,632,37.7599,-122.4379,0,0,1,1,4,11,6
1.0,1,1,2175,632,38.9348,-77.059,1,1,0,0,0,20,2
1.0,1,1,1795,632,42.0454,-87.6964,1,0,0,0,0,11,3
1.0,2,1,1575,632,45.5091,-122.6449,1,1,0,8,0,11,3
1.0,2,1,1553,632,30.3054,-97.7497,0,0,1,0,0,11,3
1.0,1,1,1425,632,40.5545,-74.4602,1,1,0,6,0,11,3
1.0,1,1,1270,632,30.3054,-97.7497,0,0,1,0,0,11,3
1.0,1,1,995,632,37.53,-77.477,0,0,1,0,0,11,3
1.0,2,1,3995,633,37.7599,-122.4379,0,0,1,2,0,11,3
1.0,1,1,1380,633,32.8212,-96.7853,1,0,0,0,0,11,3
1.0,1,1,1135,633,39.0459,-104.8179,0,0,1,2,99,2,2
1.0,2,1,1018,633,33.3898,-111.9272,1,1,0,0,0,11,3
1.0,0,1,885,633,29.7714,-95.4343,0,0,1,0,4,11,6
1.0,2,1,2715,634,34.0372,-118.2972,0,0,1,4,0,11,3
1.0,1,1,1796,634,36.137,-86.783,0,0,1,5,0,11,3
1.0,1,1,1695,634,47.616,-122.3275,1,1,0,0,0,11,3
1.0,1,1,1475,634,41.8625,-87.6825,1,1,0,2,0,11,3
1.0,1,1,1115,634,29.4624,-98.5253,0,0,1,4,0,11,3
1.0,2,1,1110,634,40.1145,-88.2723,0,0,1,3,0,11,3
1.0,1,1,1100,634,30.3054,-97.7497,0,0,1,3,0,11,3
1.0,1,1,915,634,29.4624,-98.5253,1,1,0,8,4,11,6
1.0,1,1,749,634,29.7714,-95.4343,1,1,0,7,0,11,3
1.0,1,1,490,634,39.0744,-94.5521,0,0,1,8,4,11,6
1.0,1,1,400,634,32.4645,-93.7879,0,0,1,4,0,11,3
1.0,2,1,4700,635,37.7599,-122.4379,1,1,0,5,0,11,3
1.0,1,1,1550,635,47.4696,-122.1655,1,1,0,5,0,11,3
1.0,1,1,1299,635,47.2154,-122.4608,1,1,0,9,0,11,3
1.0,1,1,1205,635,45.6558,-122.5888,1,1,0,0,0,11,3
1.0,1,1,1195,635,45.4851,-122.8349,1,1,0,0,0,11,3
1.0,1,1,1019,635,29.7714,-95.4343,1,1,0,3,0,11,3
1.0,3,1,960,635,46.8608,-96.8096,1,1,0,0,4,12,6
1.0,1,1,919,635,29.7714,-95.4343,1,1,0,2,0,11,3
1.0,1,1,879,635,35.2016,-80.8124,1,1,0,8,0,11,3
1.0,1,1,835,635,44.9855,-93.3023,1,0,0,4,8,10,2
1.0,1,1,807,635,29.4624,-98.5253,0,0,1,1,0,11,3
1.0,1,1,800,635,34.2057,-77.8894,0,0,1,0,0,11,3
1.0,1,1,1499,636,47.616,-122.3275,1,0,0,0,0,11,3
1.0,1,1,1450,636,39.736,-104.9819,1,1,0,10,0,11,3
1.0,1,1,1299,636,32.8212,-96.7853,1,1,0,0,0,11,3
1.0,1,1,885,636,29.8831,-97.945,0,0,1,1,4,11,6
1.0,1,1,865,636,30.3054,-97.7497,1,1,0,0,4,12,6
1.0,1,1,1863,637,30.3054,-97.7497,0,0,1,0,0,11,3
1.0,1,1,1490,637,47.5988,-122.1507,0,0,1,1,0,11,3
1.0,1,1,1449,637,43.0724,-89.4003,0,0,1,9,16,11,1
1.0,1,1,1407,637,36.0249,-78.4646,1,1,0,12,99,1,2
1.0,1,1,775,637,38.9259,-94.6916,1,0,0,8,0,11,3
1.0,1,1,625,637,40.3613,-86.9005,1,1,0,7,0,11,3
1.0,1,1,1463,638,38.6487,-77.3152,1,1,0,3,0,11,3
1.0,1,1,1130,638,32.0057,-102.1036,1,1,0,4,0,11,3
1.0,1,1,1111,638,28.1406,-82.6046,1,1,0,11,0,11,3
1.0,1,1,1040,638,30.3054,-97.7497,0,0,1,3,0,11,3
1.0,1,1,920,638,32.8212,-96.7853,1,1,0,9,0,11,3
1.0,1,1,919,638,30.3054,-97.7497,0,0,1,3,0,11,3
1.0,1,1,700,638,29.7714,-95.4343,1,1,0,1,0,11,3
1.0,1,1,1545,639,33.8618,-117.5596,0,0,1,5,0,11,3
1.0,1,1,1140,639,41.8625,-87.6825,1,1,0,1,4,11,6
1.0,1,1,1075,639,30.6505,-97.6809,0,0,1,3,0,11,3
1.0,1,1,795,639,44.9545,-123.0072,0,0,1,4,28,21,2
1.0,1,1,773,639,35.471,-97.5299,1,1,0,0,0,11,3
1.0,1,1,2150,640,42.2523,-71.1287,1,1,0,7,4,11,6
1.0,1,1,1724,640,36.137,-86.783,0,0,1,0,0,11,3
1.0,1,1,1672,640,39.736,-104.9819,1,0,0,0,0,11,3
1.0,1,1,1455,640,30.3054,-97.7497,0,0,1,0,0,11,3
1.0,1,1,1361,640,40.1657,-105.1365,0,0,1,7,99,23,1
1.0,1,1,1312,640,42.9497,-85.6417,0,0,1,5,0,11,3
1.0,1,1,1310,640,36.137,-86.783,1,1,0,8,0,11,3
1.0,1,1,1295,640,44.9235,-93.4704,1,1,0,0,0,11,3
1.0,1,1,1270,640,47.4457,-122.1407,0,0,1,0,99,4,2
1.0,1,1,1250,640,47.8495,-122.2825,1,1,0,7,99,3,2
1.0,1,1,1200,640,30.3054,-97.7497,0,0,1,3,0,11,3
1.0,1,1,1075,640,40.4448,-79.9725,1,1,0,0,0,11,3
1.0,1,1,1045,640,39.9539,-74.9955,1,1,0,5,99,2,2
1.0,1,1,1035,640,39.9539,-74.9955,0,0,1,5,99,2,2
1.0,1,1,1015,640,30.4433,-97.6282,0,0,1,0,0,11,3
1.0,1,1,930,640,30.3054,-97.7497,0,0,1,3,0,11,3
1.0,2,1,920,640,40.4969,-86.9659,0,0,1,3,0,11,3
1.0,1,1,915,640,29.6749,-95.4547,1,1,0,1,0,11,3
1.0,1,1,909,640,30.3054,-97.7497,0,0,1,2,0,11,3
1.0,3,1,885,640,32.9314,-97.0956,0,0,1,4,99,4,2
1.0,1,1,872,640,30.3054,-97.7497,0,0,1,0,0,11,3
1.0,1,1,860,640,32.9012,-96.7916,1,1,0,7,99,21,1
1.0,1,1,845,640,45.6208,-94.2092,1,1,0,6,0,11,3
1.0,1,1,807,640,29.7714,-95.4343,0,0,1,1,0,11,3
1.0,1,1,774,640,29.7714,-95.4343,0,0,1,0,12,10,5
1.0,1,1,735,640,42.5286,-92.4509,1,1,0,0,0,11,3
1.0,1,1,721,640,29.9142,-93.9383,1,1,0,11,0,11,3
1.0,1,1,705,640,43.5329,-96.7265,1,1,0,7,0,11,3
1.0,1,1,685,640,47.9179,-97.0658,0,0,1,0,0,11,3
1.0,1,1,590,640,39.953,-83.7803,1,1,0,9,99,2,2
1.0,1,1,558,640,39.0744,-94.5521,0,0,1,7,4,11,6
1.0,1,1,525,640,43.4614,-88.8407,1,0,0,3,0,11,3
1.0,1,1,989,641,35.2016,-80.8124,1,1,0,5,0,11,3
1.0,1,1,965,641,39.4349,-76.6549,0,0,1,1,99,3,2
1.0,1,1,720,641,42.0259,-93.6516,1,0,0,0,0,11,3
1.0,1,1,1922,642,38.9118,-77.0132,1,1,0,3,4,11,6
1.0,1,1,1595,642,34.431,-118.5222,0,0,1,0,0,11,3
1.0,1,1,1430,642,30.3054,-97.7497,0,0,1,2,0,11,3
1.0,1,1,1310,642,31.8666,-102.3901,1,1,0,11,0,11,3
1.0,1,1,1199,642,30.3054,-97.7497,1,1,0,0,3,12,6
1.0,1,1,1195,642,30.3054,-97.7497,0,0,1,2,0,11,3
1.0,1,1,1125,642,30.3054,-97.7497,1,1,0,4,0,11,3
1.0,1,1,1115,642,30.3054,-97.7497,0,0,1,3,0,11,3
1.0,1,1,985,642,30.3054,-97.7497,1,1,0,0,0,11,3
1.0,1,1,811,642,29.4624,-98.5253,0,0,1,1,0,11,3
1.0,3,1,3450,643,33.9855,-118.4532,1,0,0,0,0,11,3
1.0,1,1,1455,643,44.9484,-93.1976,1,1,0,0,0,11,3
1.0,1,1,1395,643,33.8056,-118.1696,1,1,0,0,0,11,3
1.0,1,1,1261,643,29.7714,-95.4343,1,1,0,3,0,11,3
1.0,1,1,1114,643,33.9649,-84.5107,1,1,0,8,0,11,3
1.0,1,1,965,643,29.8966,-95.6028,1,1,0,10,0,11,3
1.0,1,1,899,643,36.1554,-115.1733,1,1,0,9,0,11,3
1.0,1,1,830,643,30.3054,-97.7497,0,0,1,0,8,11,2
1.0,1,1,570,643,29.7714,-95.4343,1,1,0,8,0,11,3
1.0,1,1,560,643,37.1892,-93.2908,1,1,0,7,0,11,3
1.0,1,0,1681,644,47.8441,-122.1991,0,0,1,0,99,1,2
1.0,1,1,1669,644,47.8441,-122.1991,0,0,1,0,99,1,2
1.0,1,1,1650,644,42.1246,-71.1089,1,1,0,2,4,11,6
1.0,1,1,1369,644,47.4608,-122.2095,1,1,0,3,99,4,2
1.0,1,1,1364,644,47.4608,-122.2095,1,1,0,3,99,4,2
1.0,1,1,1360,644,47.7921,-122.3045,1,1,0,6,99,3,2
1.0,1,1,1320,644,38.6487,-77.3152,1,1,0,3,0,11,3
1.0,1,1,1289,644,47.4608,-122.2095,1,1,0,4,99,4,2
1.0,1,1,1095,644,30.3054,-97.7497,0,0,1,3,0,11,3
1.0,1,1,1059,644,30.6505,-97.6809,0,0,1,0,0,11,3
1.0,1,1,1000,644,30.3054,-97.7497,0,0,1,2,0,11,3
1.0,1,1,910,644,32.8212,-96.7853,1,1,0,4,0,11,3
1.0,2,1,350,644,32.4846,-84.9356,1,1,0,0,3,12,6
1.0,1,1,1986,645,38.8738,-77.1055,1,1,0,0,0,11,3
1.0,1,1,1002,645,28.1253,-82.4468,1,1,0,10,0,11,3
1.0,1,1,975,645,45.6558,-122.5888,1,1,0,0,0,11,3
1.0,1,1,935,645,29.8831,-97.945,0,0,1,1,4,11,6
1.0,1,1,885,645,39.7953,-86.1387,1,0,0,13,0,11,3
1.0,1,1,880,645,39.0269,-94.6516,1,0,0,0,0,11,3
1.0,2,1,675,645,48.2469,-101.3017,1,1,0,0,0,11,3
1.0,1,1,625,645,36.0723,-79.8196,1,1,0,5,0,11,3
1.0,1,1,610,645,40.4775,-88.9786,1,1,0,7,0,11,3
1.0,1,1,560,645,42.5326,-90.6985,0,0,1,5,0,11,3
1.0,1,1,1897,646,30.3054,-97.7497,0,0,1,3,0,11,3
1.0,0,1,1445,646,45.5091,-122.6449,1,1,0,8,0,11,3
1.0,1,1,1020,646,29.553,-98.3049,0,0,1,1,4,11,6
1.0,1,1,1012,646,29.4624,-98.5253,0,0,1,1,0,11,3
1.0,1,1,710,646,29.4624,-98.5253,1,1,0,0,0,11,3
1.0,1,1,3995,647,37.7599,-122.4379,1,1,0,3,0,11,3
1.0,2,1,2085,647,42.4194,-71.111,1,1,0,1,0,11,3
1.0,1,1,1425,647,40.3346,-74.5794,1,1,0,13,99,4,2
1.0,1,1,1425,647,40.3346,-74.5794,1,1,0,13,99,4,2
1.0,1,1,1425,647,40.3346,-74.5794,1,1,0,13,99,4,2
1.0,1,1,1080,647,30.3054,-97.7497,0,0,1,3,0,11,3
1.0,1,1,905,647,35.5795,-80.8153,1,1,0,7,0,11,3
1.0,1,1,890,647,39.8679,-75.0911,0,0,1,1,99,2,2
1.0,1,1,870,647,39.8679,-75.0911,1,1,0,7,99,2,2
1.0,1,1,850,647,38.8562,-104.772,1,1,0,1,0,11,3
1.0,1,1,825,647,42.0259,-93.6516,1,1,0,0,0,11,3
1.0,1,1,736,647,33.7866,-84.1802,1,1,0,9,0,11,3
1.0,1,1,3795,648,37.7599,-122.4379,1,1,0,1,0,11,3
1.0,2,1,2800,648,37.3695,-122.0241,0,0,1,0,0,11,3
1.0,1,1,1465,648,33.7848,-84.3922,0,0,1,0,3,12,6
1.5,2,1,1411,648,38.2722,-76.4664,1,1,0,4,99,19,1
1.0,1,1,1355,648,40.3034,-74.0707,1,1,0,10,99,0,2
1.0,1,1,1290,648,40.3034,-74.0707,1,1,0,10,99,0,2
1.0,1,1,1239,648,28.2966,-81.6162,0,0,1,5,99,22,1
1.0,1,1,1200,648,39.7953,-86.1387,1,1,0,6,0,11,3
1.0,1,1,1155,648,32.9455,-96.7962,0,0,1,5,99,0,2
1.0,1,1,993,648,30.3054,-97.7497,0,0,1,3,0,11,3
1.0,1,1,983,648,30.3054,-97.7497,1,1,0,0,16,11,1
1.0,1,1,865,648,29.4624,-98.5253,0,0,1,3,0,11,3
1.0,1,1,830,648,29.4624,-98.5253,0,0,1,6,4,11,6
1.0,1,1,800,648,40.0656,-88.252,1,1,0,3,0,11,3
1.0,1,1,785,648,39.7953,-86.1387,1,1,0,11,4,11,6
1.0,1,1,765,648,33.9351,-84.5289,1,1,0,1,99,3,2
1.0,1,1,690,648,41.5927,-93.6276,0,0,1,3,0,21,2
1.0,1,1,675,648,31.7894,-95.632,1,1,0,0,8,11,2
1.0,1,1,550,648,39.7953,-86.1387,1,1,0,9,4,11,6
1.0,1,1,2440,649,33.955,-118.3967,1,1,0,16,99,21,1
1.0,1,1,1186,649,38.8154,-104.7779,1,1,0,12,99,1,2
1.0,1,1,1153,649,38.8154,-104.7779,0,0,1,4,99,1,2
1.0,1,1,1115,649,33.5178,-112.0848,1,1,0,3,0,11,3
1.0,1,1,1115,649,35.471,-97.5299,1,1,0,0,0,11,3
1.0,1,1,1099,649,40.1145,-88.2723,0,0,1,4,0,11,3
1.0,1,1,1075,649,27.4081,-82.5233,0,0,1,3,99,20,1
1.0,1,1,975,649,32.8212,-96.7853,1,1,0,0,0,11,3
1.0,1,1,928,649,35.471,-97.5299,1,1,0,0,0,11,3
1.0,1,1,799,649,43.0042,-88.0184,1,1,0,7,8,10,2
1.0,1,1,2895,650,33.9932,-118.4609,1,0,0,0,8,11,2
1.0,1,1,2795,650,33.852,-118.3759,1,0,0,0,0,11,3
1.0,2,1,2500,650,40.7462,-74.0349,0,0,1,2,99,0,2
1.0,1,1,2395,650,34.0372,-118.2972,0,0,1,0,0,11,3
1.0,1,1,2395,650,33.9222,-118.4055,1,1,0,0,8,11,2
1.0,1,1,2195,650,47.616,-122.3275,1,1,0,1,0,11,3
1.0,1,1,2076,650,47.5126,-122.1934,0,0,1,1,99,4,2
1.0,2,1,2000,650,33.8056,-118.1696,1,1,0,2,0,11,3
1.0,1,1,1878,650,37.9913,-122.1643,1,1,0,0,0,11,3
1.0,1,1,1800,650,37.3108,-121.8645,0,0,1,0,0,11,3
1.0,1,1,1800,650,34.0372,-118.2972,1,1,0,0,0,11,3
1.0,1,1,1800,650,39.3191,-76.6126,1,1,0,6,4,11,6
1.0,1,1,1793,650,47.5126,-122.1934,0,0,1,1,99,4,2
1.0,1,1,1786,650,30.3054,-97.7497,0,0,1,6,0,11,3
1.0,1,1,1695,650,32.7876,-117.1265,0,0,1,0,0,11,3
1.0,1,1,1685,650,44.9855,-93.3023,1,1,0,9,8,10,2
1.0,1,1,1645,650,33.9296,-117.9939,0,0,1,6,0,20,2
1.0,1,1,1635,650,47.6829,-122.1209,0,0,1,2,99,3,2
1.0,1,1,1565,650,33.8288,-118.1827,1,1,0,7,99,3,2
1.0,1,1,1549,650,38.1172,-122.2313,1,1,0,0,0,11,3
1.0,1,1,1505,650,34.0372,-118.2972,0,0,1,0,0,11,3
1.0,2,1,1500,650,43.0724,-89.4003,1,1,0,5,19,13,4
1.0,2,1,1495,650,33.7834,-118.1506,0,0,1,2,99,3,2
1.0,1,1,1485,650,38.9974,-76.8818,0,0,1,4,99,21,1
1.0,1,1,1483,650,42.3882,-83.1122,0,0,1,0,0,11,3
1.0,1,1,1475,650,34.2002,-118.5394,1,1,0,0,0,11,3
1.0,1,1,1463,650,39.698,-105.1559,0,0,1,3,99,20,1
1.0,0,1,1456,650,39.0017,-77.0353,1,0,0,0,0,20,2
2.0,3,1,1448,650,32.8525,-97.1399,0,0,1,0,99,3,2
1.0,1,1,1429,650,47.3851,-122.1882,1,1,0,8,0,11,3
1.0,1,1,1425,650,40.862,-74.4061,1,0,0,0,0,11,3
1.0,1,0,1421,650,47.3866,-122.2109,1,1,0,1,99,2,2
1.0,1,1,1421,650,47.3866,-122.2109,0,0,1,1,99,2,2
1.0,1,1,1421,650,47.3866,-122.2109,0,0,1,1,99,2,2
1.0,1,1,1421,650,47.3866,-122.2109,0,0,1,1,99,2,2
1.0,1,1,1391,650,47.8056,-122.3716,0,0,1,0,99,1,2
1.0,1,1,1375,650,44.9405,-93.1027,0,0,1,0,0,11,3
1.0,1,1,1325,650,44.9855,-93.3023,1,0,0,6,0,11,3
1.0,1,1,1299,650,35.9966,-78.8991,1,1,0,5,99,2,2
1.0,1,1,1250,650,42.6398,-71.3184,1,0,0,0,3,12,6
1.0,2,1,1246,650,38.7999,-77.1072,1,1,0,7,0,11,3
1.0,1,1,1229,650,45.5091,-122.6449,1,1,0,0,0,11,3
1.0,1,1,1229,650,45.5091,-122.6449,1,1,0,0,0,11,3
1.0,1,1,1195,650,30.3054,-97.7497,0,0,1,3,0,11,3
1.0,1,1,1194,650,30.3054,-97.7497,0,0,1,3,0,11,3
1.0,1,1,1185,650,29.7714,-95.4343,1,1,0,0,0,11,3
1.0,1,1,1175,650,30.3054,-97.7497,0,0,1,8,0,11,3
1.0,1,1,1169,650,44.9855,-93.3023,1,1,0,15,19,13,4
1.0,1,1,1150,650,27.7873,-82.6772,1,1,0,4,0,11,3
1.0,1,1,1150,650,39.5197,-119.8342,1,1,0,0,3,12,6
1.0,1,1,1140,650,30.3054,-97.7497,0,0,1,0,3,12,6
1.0,1,1,1138,650,30.3054,-97.7497,0,0,1,4,0,11,3
1.0,1,1,1129,650,45.0684,-93.3317,0,0,1,0,0,11,3
1.0,4,1,1100,650,42.7242,-84.477,1,1,0,11,0,11,3
1.0,1,1,1100,650,33.5178,-112.0848,1,1,0,0,0,11,3
1.0,1,1,1100,650,40.7061,-111.9048,1,1,0,0,8,11,2
1.0,1,1,1095,650,29.7714,-95.4343,1,0,0,0,3,12,6
1.0,1,1,1091,650,29.7714,-95.4343,1,1,0,10,0,11,3
1.0,1,1,1075,650,39.9539,-74.9955,0,0,1,5,99,2,2
1.0,1,1,1064,650,33.8144,-84.2804,0,0,1,8,99,2,2
1.0,1,1,1060,650,30.3054,-97.7497,0,0,1,6,0,11,3
1.0,2,1,1055,650,39.1679,-84.4933,1,1,0,3,4,11,6
1.0,3,1,1039,650,33.9369,-84.306,1,1,0,0,0,11,3
1.0,1,1,1035,650,45.4305,-122.7798,1,1,0,0,0,11,3
1.0,1,1,1015,650,44.9855,-93.3023,1,0,0,5,8,10,2
1.0,1,1,1009,650,44.937,-93.4394,1,0,0,0,0,11,3
1.0,1,1,999,650,33.8737,-84.5097,0,0,1,1,99,4,2
1.0,1,1,995,650,39.0744,-94.5521,1,1,0,9,4,11,6
1.0,1,1,995,650,41.9291,-71.0459,0,0,1,2,99,1,2
1.0,1,1,990,650,30.3054,-97.7497,1,1,0,0,3,12,6
1.0,1,1,985,650,29.4624,-98.5253,0,0,1,0,4,11,6
1.0,1,1,980,650,30.3054,-97.7497,0,0,1,2,0,11,3
1.0,1,1,975,650,29.4624,-98.5253,1,1,0,5,0,11,3
1.0,1,1,975,650,33.5944,-112.1837,1,1,0,0,0,11,3
1.0,1,1,975,650,33.4986,-112.0614,1,1,0,0,0,11,3
1.0,1,1,975,650,30.3054,-97.7497,1,1,0,0,3,12,6
1.0,1,1,970,650,43.6046,-116.2475,1,1,0,0,0,11,3
1.0,1,1,960,650,27.7873,-82.6772,0,0,1,1,0,11,3
1.0,2,1,950,650,39.0744,-94.5521,1,1,0,4,0,11,3
1.0,1,1,950,650,30.3054,-97.7497,0,0,1,2,0,11,3
1.0,1,1,950,650,43.0724,-89.4003,1,1,0,5,4,11,6
1.0,1,1,925,650,43.0724,-89.4003,1,0,0,4,8,10,2
1.0,1,1,925,650,39.842,-75.0295,1,1,0,2,99,3,2
1.0,1,1,920,650,43.0724,-89.4003,1,0,0,3,0,11,3
1.0,1,1,906,650,29.5035,-95.0922,1,1,0,0,0,11,3
1.0,1,1,905,650,32.7583,-97.088,0,0,1,2,99,2,2
1.0,1,1,900,650,35.2016,-80.8124,1,1,0,5,0,11,3
1.0,1,1,900,650,39.5197,-119.8342,1,1,0,0,0,11,3
1.0,1,1,899,650,30.3054,-97.7497,0,0,1,3,0,11,3
1.0,1,1,895,650,39.842,-75.0295,1,0,0,2,99,3,2
1.0,2,1,890,650,40.4969,-86.9659,0,0,1,7,0,11,3
1.0,1,1,890,650,61.1723,-149.8414,1,0,0,0,0,11,3
1.0,1,1,880,650,30.3054,-97.7497,0,0,1,3,0,11,3
1.0,1,1,870,650,30.4973,-97.8276,0,0,1,5,0,11,3
1.0,1,1,850,650,39.1679,-84.4933,1,1,0,4,0,11,3
1.0,1,1,850,650,41.2562,-96.0404,0,0,1,0,0,11,3
1.0,1,1,850,650,30.8655,-83.2658,1,1,0,0,0,11,3
1.0,1,1,850,650,39.1679,-84.4933,1,0,0,3,4,11,6
1.0,1,1,850,650,39.1679,-84.4933,1,1,0,3,4,11,6
1.0,1,1,849,650,41.2532,-95.9562,1,1,0,0,0,11,3
1.0,1,1,835,650,40.6493,-111.8828,0,0,1,0,0,11,3
1.0,0,1,835,650,41.8625,-87.6825,1,1,0,0,0,11,3
1.0,1,1,830,650,30.4973,-97.8276,1,1,0,0,3,12,6
1.0,1,1,825,650,40.7282,-111.8726,1,1,0,0,0,11,3
1.0,1,1,820,650,35.7863,-78.4845,1,1,0,7,99,23,1
1.0,1,1,800,650,37.0867,-76.4941,0,0,1,2,0,11,3
1.0,2,1,795,650,37.6836,-97.3369,1,1,0,6,0,11,3
1.0,1,1,795,650,40.7208,-89.6155,0,0,1,0,0,11,3
1.0,1,1,795,650,35.2016,-80.8124,0,0,1,7,0,11,3
1.0,1,1,785,650,40.4261,-79.7631,0,0,1,4,99,4,2
1.0,1,1,705,650,41.6721,-83.6046,0,0,1,3,99,18,1
1.0,1,1,690,650,29.7714,-95.4343,1,1,0,7,4,11,6
1.0,1,1,675,650,42.5965,-82.8821,0,0,1,0,0,11,3
1.0,1,1,675,650,41.5927,-93.6276,0,0,1,5,0,11,3
1.0,1,1,675,650,32.6857,-96.6013,0,0,1,4,99,0,2
1.0,1,1,650,650,40.7901,-86.4084,1,1,0,8,0,11,3
1.0,1,1,650,650,47.4394,-117.6274,0,0,1,4,0,11,3
1.0,1,1,645,650,41.2562,-96.0404,1,1,0,7,0,11,3
1.0,1,1,640,650,41.5927,-93.6276,0,0,1,2,6,21,3
1.0,1,1,635,650,38.9571,-95.2657,1,1,0,4,0,11,3
1.0,1,1,630,650,41.554,-81.4796,1,1,0,3,99,21,1
1.0,1,1,627,650,41.3711,-82.1168,0,0,1,8,99,19,1
1.0,1,1,625,650,41.2562,-96.0404,1,1,0,0,0,11,3
1.0,1,1,625,650,38.6274,-90.304,1,1,0,9,4,11,6
1.0,1,1,620,650,40.3613,-86.9005,1,1,0,5,0,11,3
1.0,1,0,620,650,39.8054,-84.0178,1,1,0,0,99,1,2
1.0,1,1,615,650,37.034,-88.6479,1,1,0,0,8,11,2
1.0,1,1,585,650,36.116,-95.9281,1,1,0,3,0,11,3
1.0,1,1,579,650,41.9879,-91.6737,1,1,0,7,0,11,3
1.0,1,1,550,650,43.5329,-96.7265,1,1,0,0,0,11,3
1.0,1,1,535,650,42.0353,-84.7649,0,0,1,3,0,11,3
1.0,1,1,1912,651,30.3054,-97.7497,1,1,0,6,0,11,3
1.0,1,1,1795,651,32.7876,-117.1265,1,1,0,0,4,12,6
1.0,1,1,1410,651,38.7999,-77.1072,1,1,0,8,0,11,3
1.0,1,1,1295,651,47.4457,-122.1407,1,1,0,0,99,4,2
1.0,1,1,1293,651,30.3054,-97.7497,0,0,1,3,0,11,3
1.0,1,1,1125,651,39.1471,-86.5136,1,1,0,6,0,11,3
1.0,1,1,1120,651,33.9222,-84.0725,1,1,0,10,99,3,2
1.0,1,1,1043,651,30.3054,-97.7497,1,1,0,5,0,11,3
1.0,1,1,1034,651,33.9569,-84.0214,1,1,0,3,0,11,3
1.0,1,1,1033,651,32.8212,-96.7853,1,1,0,7,0,11,3
1.0,1,1,790,651,38.8503,-104.7586,0,0,1,1,99,1,2
1.0,1,1,787,651,43.0531,-87.9659,1,0,0,5,4,11,6
1.0,1,1,714,651,29.7714,-95.4343,1,1,0,2,0,11,3
1.0,2,0,709,651,40.1495,-84.2436,0,0,1,6,99,2,2
1.0,2,1,2318,652,34.1594,-118.2498,1,1,0,8,0,11,3
1.0,1,1,1780,652,36.137,-86.783,0,0,1,0,0,11,3
1.0,1,1,1332,652,39.736,-104.9819,1,1,0,8,0,11,3
1.0,1,1,1245,652,43.0531,-87.9659,1,0,0,0,0,11,3
1.0,1,1,1231,652,30.4973,-97.8276,0,0,1,0,0,11,3
1.0,1,1,1212,652,30.3642,-97.8789,0,0,1,4,0,11,3
1.0,1,1,1185,652,43.0619,-88.4017,1,0,0,7,8,10,2
1.0,1,1,1103,652,30.3054,-97.7497,0,0,1,3,0,11,3
1.0,1,1,983,652,29.4624,-98.5253,0,0,1,4,4,11,6
1.0,1,1,975,652,39.0108,-94.7517,1,1,0,0,0,11,3
1.0,1,1,878,652,30.4433,-97.6282,0,0,1,3,0,11,3
1.0,1,1,809,652,32.8212,-96.7853,1,1,0,7,0,11,3
1.0,1,1,809,652,32.8239,-96.681,1,1,0,8,99,21,1
1.0,1,1,774,652,32.8239,-96.681,1,1,0,8,99,21,1
1.0,1,1,679,652,32.8239,-96.681,1,1,0,8,99,21,1
1.0,1,1,660,652,32.8239,-96.681,1,1,0,3,99,21,1
1.0,1,1,630,652,40.1171,-88.1889,0,0,1,4,0,11,3
1.0,1,1,590,652,37.0488,-93.2933,1,1,0,10,0,11,3
1.0,1,1,1403,653,33.7848,-84.3922,1,0,0,0,0,11,3
1.0,1,1,1240,653,29.4624,-98.5253,0,0,1,0,4,11,6
1.0,1,0,1215,653,35.4815,-97.5355,1,1,0,0,99,4,2
1.0,1,1,979,653,30.3054,-97.7497,0,0,1,0,0,11,3
1.0,1,1,975,653,29.7398,-98.1021,0,0,1,0,4,11,6
1.0,1,1,809,653,30.0021,-95.2555,1,1,0,8,0,11,3
1.0,1,1,1665,654,39.0521,-77.119,0,0,1,4,99,23,1
1.0,1,1,1125,654,30.6505,-97.6809,0,0,1,5,0,11,3
1.0,2,1,1050,654,40.4327,-79.9457,1,1,0,5,99,4,2
1.0,1,1,1025,654,30.3054,-97.7497,0,0,1,1,0,11,3
1.0,1,1,1025,654,29.8831,-97.945,0,0,1,1,4,11,6
1.0,1,1,1025,654,30.4973,-97.8276,1,1,0,0,12,11,5
1.0,1,1,985,654,29.7714,-95.4343,1,0,0,8,0,11,3
1.0,1,1,900,654,30.3054,-97.7497,0,0,1,2,0,11,3
1.0,1,1,865,654,37.1892,-93.2908,1,0,0,10,0,11,3
1.0,1,1,849,654,33.5178,-112.0848,1,1,0,1,0,11,3
1.0,1,1,585,654,36.0572,-90.5015,1,1,0,0,0,11,3
1.0,1,1,1700,655,33.7848,-84.3922,1,1,0,0,0,11,3
1.0,1,1,1130,655,30.3054,-97.7497,0,0,1,13,0,11,3
1.0,1,1,1089,655,34.0648,-84.0849,1,1,0,5,0,11,3
1.0,3,1,1050,655,40.4261,-79.7631,0,0,1,2,99,4,2
1.0,0,1,1000,655,34.063,-118.4363,1,1,0,9,17,10,0
1.0,1,1,955,655,29.4624,-98.5253,1,1,0,4,0,11,3
1.0,1,1,875,655,41.2573,-95.9471,1,1,0,0,0,11,3
1.0,2,1,700,655,40.4261,-79.7631,0,0,1,1,99,4,2
1.0,1,1,625,655,34.0505,-81.0098,1,1,0,0,0,11,3
1.0,1,1,1814,656,39.0521,-77.119,0,0,1,4,99,23,1
1.0,1,1,1120,656,30.4056,-97.7139,0,0,1,3,0,11,3
1.0,1,1,884,656,32.6924,-97.1324,1,1,0,13,99,2,2
1.0,1,1,815,656,35.1038,-106.611,1,1,0,0,0,11,3
1.0,1,1,646,656,43.609,-116.3988,1,1,0,3,0,11,3
1.0,1,1,425,656,36.3317,-82.3837,1,1,0,0,0,11,3
1.0,1,1,2125,657,30.3054,-97.7497,0,0,1,0,0,11,3
1.0,1,1,1525,657,30.3054,-97.7497,1,1,0,3,0,11,3
1.0,1,1,1299,657,43.0531,-87.9659,1,1,0,8,0,11,3
1.0,1,1,1188,657,35.774,-78.6328,1,1,0,7,99,0,2
1.0,1,1,1090,657,30.3054,-97.7497,0,0,1,3,0,11,3
1.0,1,1,1068,657,35.9907,-78.9074,0,0,1,0,0,11,3
1.0,1,1,1030,657,30.3054,-97.7497,0,0,1,4,0,11,3
1.0,1,1,965,657,30.3054,-97.7497,0,0,1,3,0,11,3
1.0,1,1,862,657,33.7289,-84.1257,0,0,1,4,99,3,2
1.0,1,1,2202,658,36.137,-86.783,0,0,1,0,0,11,3
1.0,1,1,1695,658,47.7974,-122.2037,0,0,1,5,4,11,6
1.0,1,1,1653,658,30.3054,-97.7497,0,0,1,4,0,11,3
1.0,3,1,1575,658,42.8719,-71.3599,1,0,0,8,0,11,3
1.0,1,1,1125,658,30.3054,-97.7497,0,0,1,1,0,11,3
1.0,1,1,1081,658,32.8436,-96.7006,0,0,1,3,99,20,1
1.0,1,1,889,658,42.5784,-83.032,1,1,0,13,4,11,6
1.0,1,1,1920,659,42.1666,-70.9511,0,0,1,2,99,22,1
1.0,1,1,1770,659,42.1666,-70.9511,0,0,1,2,99,22,1
1.0,1,1,1720,659,42.1666,-70.9511,1,1,0,2,99,22,1
1.0,1,1,1515,659,40.8625,-74.0748,0,0,1,1,99,4,2
1.0,1,1,1495,659,41.3708,-72.9259,1,1,0,0,0,11,3
1.0,1,1,1475,659,40.8625,-74.0748,0,0,1,1,99,4,2
1.0,1,1,1395,659,33.7815,-118.1934,0,0,1,0,99,3,2
1.0,1,1,1291,659,29.7714,-95.4343,1,1,0,8,0,11,3
1.0,1,1,1265,659,36.1036,-80.2159,1,1,0,11,99,18,1
1.0,1,1,1010,659,30.6505,-97.6809,0,0,1,3,0,11,3
1.0,1,1,1010,659,39.1627,-76.6354,1,1,0,8,99,2,2
1.0,1,1,695,659,29.4624,-98.5253,1,1,0,0,0,11,3
1.0,1,1,555,659,29.7714,-95.4343,1,1,0,8,0,11,3
1.0,1,1,4200,660,37.7599,-122.4379,1,1,0,2,0,11,3
1.0,1,1,2250,660,38.9348,-77.059,1,1,0,0,0,20,2
1.0,1,1,1905,660,32.8212,-96.7853,1,1,0,0,0,11,3
1.0,1,1,1560,660,30.3054,-97.7497,0,0,1,0,0,11,3
1.0,2,1,1530,660,30.3054,-97.7497,0,0,1,0,0,11,3
1.0,1,1,1510,660,33.8323,-117.9079,0,0,1,0,0,11,3
1.0,2,1,1500,660,44.9,-93.3233,1,1,0,8,8,10,2
1.0,1,1,1470,660,33.8813,-117.9263,0,0,1,0,0,11,3
1.0,1,1,1450,660,33.9136,-118.3527,0,0,1,0,3,12,6
1.0,1,1,1450,660,44.9855,-93.3023,1,1,0,6,8,10,2
1.0,1,1,1395,660,40.0213,-105.2552,1,1,0,0,0,11,3
1.0,1,1,1345,660,39.736,-104.9819,1,1,0,13,0,11,3
1.0,1,1,1309,660,29.7714,-95.4343,1,1,0,2,0,11,3
1.0,1,1,1300,660,28.6263,-81.3573,1,1,0,6,0,11,3
1.0,1,1,1299,660,39.8895,-104.9641,1,1,0,0,19,14,4
1.0,2,1,1180,660,40.1145,-88.2723,0,0,1,3,0,11,3
1.0,1,1,1165,660,30.3054,-97.7497,0,0,1,0,0,11,3
1.0,1,1,1150,660,30.3054,-97.7497,1,1,0,2,3,12,6
1.0,1,1,1067,660,27.4549,-82.6381,0,0,1,0,99,18,1
1.0,1,1,1035,660,30.5104,-97.9027,0,0,1,0,0,11,3
1.0,1,1,999,660,44.9142,-93.0954,1,1,0,7,4,11,6
1.0,1,1,982,660,30.3054,-97.7497,0,0,1,4,0,11,3
1.0,2,1,955,660,39.0099,-94.6843,1,1,0,0,0,11,3
1.0,1,1,950,660,41.5163,-81.5746,1,1,0,0,0,11,3
1.0,1,1,905,660,29.7714,-95.4343,1,1,0,1,0,11,3
1.0,2,1,900,660,39.3191,-76.6126,1,1,0,6,4,11,6
1.0,1,1,900,660,29.7714,-95.4343,0,0,1,4,4,11,6
1.0,1,1,895,660,46.8608,-96.8096,1,1,0,0,0,11,3
1.0,1,1,890,660,30.3054,-97.7497,1,1,0,4,0,11,3
1.0,1,1,885,660,30.1051,-98.4216,1,1,0,0,0,11,3
1.0,1,1,855,660,41.5672,-90.462,1,1,0,9,0,11,3
1.0,1,1,849,660,29.7714,-95.4343,1,1,0,4,0,11,3
1.0,1,1,806,660,41.2562,-96.0404,1,1,0,8,0,11,3
1.0,1,1,793,660,39.7953,-86.1387,1,1,0,5,0,11,3
1.0,1,1,780,660,43.5329,-96.7265,1,1,0,0,0,11,3
1.0,1,1,760,660,43.5329,-96.7265,0,0,1,0,0,11,3
1.0,1,1,745,660,36.0909,-79.9272,0,0,1,3,99,20,1
1.0,1,1,740,660,43.5329,-96.7265,0,0,1,0,0,11,3
1.0,1,1,730,660,43.0531,-87.9659,1,0,0,3,0,11,3
1.0,1,1,678,660,32.8212,-96.7853,1,0,0,0,0,11,3
1.0,1,1,650,660,36.0785,-94.1531,1,1,0,12,0,11,3
1.0,1,1,650,660,32.5548,-94.7807,0,0,1,8,99,1,2
1.0,1,1,629,660,41.6023,-83.6297,0,0,1,2,77,21,2
1.0,1,1,615,660,35.1211,-89.9517,1,1,0,10,0,11,3
1.0,1,1,600,660,32.4418,-99.7494,1,1,0,6,0,11,3
1.0,1,1,575,660,30.4415,-91.1012,0,0,1,0,8,11,2
1.0,1,1,2990,661,42.3882,-83.1122,1,1,0,5,0,11,3
1.0,1,1,2885,661,34.1474,-118.1391,0,0,1,4,99,4,2
1.0,2,1,1583,661,47.5632,-122.2265,0,0,1,1,99,3,2
1.0,1,1,1332,661,47.7921,-122.3045,1,1,0,7,0,11,3
1.0,2,1,1320,661,43.0637,-88.1403,1,1,0,7,0,11,3
1.0,1,1,1048,661,29.7714,-95.4343,1,1,0,9,0,11,3
1.0,1,1,1037,661,30.0871,-95.4685,1,1,0,9,0,11,3
1.0,1,1,930,661,29.7898,-95.7613,1,1,0,9,0,11,3
1.0,1,1,862,661,32.3475,-97.3863,1,1,0,4,99,3,2
1.0,1,1,655,661,38.6274,-90.304,1,1,0,11,0,11,3
1.0,3,1,2996,662,40.722,-74.0644,1,1,0,2,99,4,2
1.0,1,1,2750,662,34.1056,-118.3668,1,1,0,12,99,21,1
1.0,1,1,981,662,30.3054,-97.7497,0,0,1,3,0,11,3
1.0,1,1,855,662,29.4624,-98.5253,0,0,1,1,0,11,3
1.0,1,1,845,662,35.471,-97.5299,1,1,0,9,0,11,3
1.0,1,1,835,662,40.4261,-79.7631,1,1,0,1,99,4,2
1.0,1,1,816,662,30.4415,-91.1012,1,1,0,7,0,11,3
1.0,1,1,1590,663,30.3054,-97.7497,1,1,0,6,0,11,3
1.0,1,1,1528,663,47.5632,-122.2265,0,0,1,5,99,3,2
1.0,1,1,1475,663,40.4993,-74.5214,1,1,0,7,0,11,3
1.0,2,1,1355,663,37.53,-77.477,1,1,0,7,0,11,3
1.0,1,1,1290,663,32.8212,-96.7853,1,1,0,9,0,11,3
1.0,2,1,1156,663,32.9631,-96.7212,1,1,0,0,0,11,3
1.0,1,1,1117,663,35.7488,-78.6369,0,0,1,4,99,1,2
1.0,1,1,1045,663,47.1649,-122.5322,1,1,0,0,0,11,3
1.0,1,1,896,663,29.7714,-95.4343,1,1,0,2,8,10,2
1.0,1,1,877,663,32.8525,-97.1399,0,0,1,6,99,3,2
1.0,1,1,754,663,39.2129,-85.9099,1,1,0,0,0,11,3
1.0,1,0,2000,664,33.7606,-118.0806,0,0,1,3,99,2,2
1.0,3,1,1585,664,39.9624,-75.1377,0,0,1,0,0,11,3
1.0,2,1,1385,664,43.0531,-87.9659,1,1,0,9,0,11,3
1.0,1,1,1275,664,30.3054,-97.7497,0,0,1,3,0,11,3
1.0,1,1,1180,664,41.665,-86.1592,1,1,0,7,0,11,3
1.0,1,1,1079,664,30.5118,-97.6873,0,0,1,1,0,11,3
1.0,1,1,1056,664,39.1627,-76.6354,1,1,0,3,99,3,2
1.0,1,1,1056,664,39.1627,-76.6354,1,1,0,6,99,3,2
1.0,1,1,950,664,30.3054,-97.7497,0,0,1,0,0,11,3
1.0,1,1,927,664,32.8281,-97.145,0,0,1,5,99,3,2
1.0,1,1,895,664,33.5178,-112.0848,1,1,0,3,0,11,3
1.0,1,1,817,664,32.8281,-97.145,1,1,0,8,99,3,2
1.0,1,1,775,664,29.4624,-98.5253,1,1,0,0,0,11,3
1.0,1,1,671,664,41.2376,-85.8527,1,1,0,5,0,11,3
1.0,1,1,475,664,33.0769,-83.3032,0,0,1,6,5,21,4
1.0,1,1,2016,665,37.6812,-121.7519,1,1,0,6,0,11,3
1.0,1,1,1935,665,34.1236,-118.2878,0,0,1,6,99,20,1
1.0,1,1,1865,665,34.1236,-118.2878,0,0,1,6,99,20,1
1.0,1,0,1588,665,47.8495,-122.2825,0,0,1,2,99,3,2
1.0,1,1,1115,665,30.3054,-97.7497,0,0,1,3,0,11,3
1.0,1,1,1090,665,30.6505,-97.6809,0,0,1,3,0,11,3
1.0,1,1,985,665,30.5118,-97.6873,0,0,1,3,0,11,3
1.0,1,1,965,665,35.524,-81.5988,1,1,0,13,99,4,2
1.0,1,1,869,665,30.7084,-96.347,1,1,0,8,0,11,3
1.0,1,1,849,665,33.1993,-97.1268,1,1,0,0,12,11,5
1.0,1,1,811,665,38.0269,-84.4223,1,1,0,6,0,11,3
1.0,1,1,790,665,42.0259,-93.6516,0,0,1,0,12,11,5
1.0,1,1,751,665,35.471,-97.5299,1,1,0,5,0,11,3
1.0,1,1,699,665,40.1145,-88.2723,0,0,1,6,0,11,3
1.0,1,1,625,665,34.508,-82.6913,1,1,0,0,0,11,3
1.0,1,1,605,665,43.7815,-88.4411,1,1,0,6,0,11,3
1.0,1,1,600,665,40.1145,-88.2723,0,0,1,6,0,11,3
1.0,1,1,1998,666,30.3054,-97.7497,0,0,1,0,0,11,3
1.0,1,0,984,666,32.8255,-97.1039,1,1,0,2,99,4,2
1.0,1,0,883,666,32.8255,-97.1039,0,0,1,2,99,4,2
1.0,1,1,575,666,29.7714,-95.4343,1,1,0,7,0,11,3
1.0,1,1,3444,667,37.7599,-122.4379,0,0,1,0,0,11,3
1.0,1,1,3087,667,37.7599,-122.4379,0,0,1,3,0,11,3
1.0,1,1,2165,667,34.1087,-118.2606,1,1,0,16,99,21,1
1.0,1,1,1629,667,42.125,-87.844,1,1,0,4,26,11,5
1.0,1,1,1425,667,47.6124,-122.1427,0,0,1,2,99,0,2
1.0,1,1,1295,667,40.1145,-88.2723,0,0,1,3,0,11,3
1.0,1,1,1170,667,29.5521,-95.307,1,1,0,10,0,11,3
1.0,1,1,1049,667,28.0076,-82.4792,1,1,0,6,0,11,3
1.0,1,1,919,667,34.0163,-84.6233,1,1,0,2,0,11,3
1.0,1,1,915,667,36.193,-115.2946,0,0,1,0,99,18,1
1.0,1,1,895,667,36.1554,-115.1733,1,1,0,7,0,11,3
1.0,1,1,835,667,29.4624,-98.5253,0,0,1,2,0,11,3
1.0,2,1,2624,668,42.328,-71.071,0,0,1,8,99,19,1
1.0,1,1,2300,668,37.7904,-122.2151,0,0,1,0,0,11,3
1.0,1,1,1415,668,30.3054,-97.7497,0,0,1,8,0,11,3
1.0,1,1,1285,668,31.8666,-102.3901,1,1,0,1,0,11,3
1.0,1,1,1260,668,47.3071,-122.3404,1,1,0,2,0,11,3
1.0,1,1,1260,668,30.3054,-97.7497,1,1,0,6,0,11,3
1.0,1,1,1125,668,30.3054,-97.7497,0,0,1,3,0,11,3
1.0,1,1,1125,668,36.7434,-76.2257,0,0,1,2,99,19,1
1.0,1,1,1069,668,35.0657,-78.9436,1,1,0,7,0,11,3
1.0,1,1,999,668,40.4969,-86.9659,0,0,1,7,0,11,3
1.0,1,1,969,668,33.1993,-97.1268,1,1,0,4,0,11,3
1.0,1,1,925,668,29.4624,-98.5253,0,0,1,1,0,11,3
1.0,1,1,695,668,33.56,-101.8904,1,1,0,0,3,12,6
1.0,1,1,640,668,30.4266,-89.1051,1,1,0,7,0,11,3
1.0,1,1,615,668,41.5781,-83.6642,1,1,0,7,99,18,1
1.0,1,1,1295,669,45.2764,-92.9901,1,1,0,7,0,11,3
1.0,1,1,1260,669,47.5161,-122.6318,1,1,0,13,0,11,3
1.0,1,1,1230,669,40.7061,-111.9048,1,1,0,12,0,11,3
1.0,1,1,1100,669,39.0744,-94.5521,1,1,0,6,0,11,3
1.0,2,1,1026,669,35.9907,-78.9074,1,1,0,6,8,10,2
1.0,1,1,875,669,41.2562,-96.0404,1,1,0,6,0,11,3
1.0,1,1,2280,670,42.328,-71.071,1,1,0,1,99,19,1
1.0,1,1,2250,670,47.5988,-122.1507,1,1,0,2,0,11,3
1.0,2,1,2140,670,34.0372,-118.2972,1,1,0,6,0,11,3
1.0,1,1,1650,670,40.8876,-74.0499,0,0,1,2,99,4,2
1.0,1,1,1500,670,39.7333,-104.914,0,0,1,2,99,19,1
1.0,1,1,1210,670,42.9833,-71.4574,1,1,0,7,99,1,2
1.0,1,1,1200,670,39.736,-104.9819,1,1,0,11,0,11,3
1.0,1,1,1135,670,29.4624,-98.5253,1,1,0,4,0,11,3
1.0,1,1,1100,670,42.4869,-92.3426,1,1,0,8,0,11,3
1.0,1,1,1095,670,30.3054,-97.7497,0,0,1,2,0,11,3
1.0,1,1,1095,670,30.3054,-97.7497,0,0,1,6,0,11,3
1.0,1,1,1089,670,29.7714,-95.4343,1,1,0,3,0,11,3
1.0,1,1,1000,670,38.6274,-90.304,1,1,0,0,3,12,6
1.0,1,1,925,670,41.2562,-96.0404,1,1,0,0,0,11,3
1.0,1,1,890,670,35.2016,-80.8124,0,0,1,8,0,11,3
1.0,1,1,870,670,35.9907,-78.9074,0,0,1,7,99,3,2
1.0,1,1,830,670,30.3054,-97.7497,0,0,1,3,0,11,3
1.0,1,1,829,670,30.0796,-95.617,1,1,0,5,0,11,3
1.0,1,1,775,670,39.0744,-94.5521,1,1,0,5,4,11,6
1.0,1,1,685,670,32.8212,-96.7853,1,1,0,6,0,11,3
1.0,1,1,615,670,41.2562,-96.0404,1,1,0,8,0,11,3
1.0,1,1,560,670,36.116,-95.9281,0,0,1,0,0,11,3
1.0,1,1,400,670,32.4645,-93.7879,0,0,1,3,0,11,3
1.0,1,1,2182,671,38.9016,-77.0508,0,0,1,0,0,20,2
1.0,1,1,2017,671,30.3054,-97.7497,1,1,0,6,0,11,3
1.0,2,1,1778,671,44.041,-123.1254,1,1,0,10,0,11,3
1.0,1,1,1606,671,38.9554,-77.386,1,1,0,5,0,11,3
1.0,1,1,1436,671,37.5922,-77.498,1,1,0,11,99,18,1
1.0,1,1,1330,671,39.9478,-74.9117,0,0,1,5,99,3,2
1.0,1,1,899,671,29.4624,-98.5253,0,0,1,1,0,11,3
1.0,1,1,899,671,29.4624,-98.5253,0,0,1,1,4,11,6
1.0,1,0,769,671,39.6379,-84.1686,0,0,1,4,99,2,2
1.0,1,1,2490,672,34.0998,-118.3265,1,1,0,2,99,20,1
1.0,1,1,2250,672,47.6483,-122.5296,1,1,0,12,0,11,3
1.0,1,1,1860,672,30.3054,-97.7497,1,1,0,0,0,11,3
1.0,2,1,1690,672,30.2573,-97.7391,0,0,1,3,0,11,3
1.0,1,1,1625,672,30.3054,-97.7497,0,0,1,2,0,11,3
1.0,1,1,1600,672,47.4696,-122.1655,1,1,0,7,0,11,3
1.0,1,1,1515,672,32.6197,-117.0226,1,1,0,7,4,11,6
1.0,1,1,1395,672,32.8212,-96.7853,1,1,0,0,0,11,3
1.0,2,1,1265,672,33.5178,-112.0848,1,1,0,2,0,11,3
1.0,1,1,1140,672,30.3054,-97.7497,0,0,1,3,0,11,3
1.0,1,1,1135,672,30.3054,-97.7497,0,0,1,7,0,11,3
1.0,1,1,1098,672,32.7407,-97.3394,1,1,0,6,0,11,3
1.0,1,1,1055,672,32.6548,-97.1587,0,0,1,4,99,2,2
1.0,1,1,1045,672,32.6548,-97.1587,0,0,1,2,99,2,2
1.0,1,1,965,672,30.3054,-97.7497,0,0,1,2,0,11,3
1.0,1,1,940,672,39.5197,-119.8342,1,1,0,8,0,11,3
1.0,1,1,905,672,32.6692,-96.8751,0,0,1,1,99,22,1
1.0,1,1,850,672,30.3054,-97.7497,1,1,0,3,0,11,3
1.0,1,1,847,672,35.9966,-78.8991,0,0,1,3,99,2,2
1.0,1,1,635,672,37.3961,-79.1892,1,1,0,4,4,11,6
1.0,1,1,450,672,41.6675,-83.5837,0,0,1,2,0,11,3
1.0,1,1,428,672,39.0744,-94.5521,0,0,1,6,0,11,3
1.0,1,1,2798,673,34.0998,-118.3265,0,0,1,3,99,20,1
1.0,1,1,2600,673,34.0372,-118.2972,1,1,0,0,0,11,3
1.0,1,1,1579,673,39.4228,-77.4164,1,1,0,2,0,11,3
1.0,0,1,1546,673,38.8571,-77.0609,1,1,0,0,0,20,2
1.0,1,1,1534,673,43.0531,-87.9659,1,1,0,8,0,11,3
1.0,1,1,1370,673,38.6274,-90.304,1,1,0,7,0,11,3
1.0,1,1,995,673,30.3949,-97.8279,0,0,1,3,0,11,3
1.0,1,1,985,673,30.5104,-97.9027,0,0,1,4,0,11,3
1.0,2,1,950,673,40.1171,-88.1889,0,0,1,7,0,11,3
1.0,1,1,862,673,39.2858,-84.522,0,0,1,7,99,1,2
1.0,1,1,720,673,44.0346,-92.468,0,0,1,7,0,11,3
1.0,1,1,700,673,32.3841,-93.6685,1,1,0,9,99,18,1
1.0,1,1,1655,674,28.0076,-82.4792,1,1,0,8,0,11,3
1.0,1,1,1618,674,47.8495,-122.2825,0,0,1,3,99,3,2
1.0,1,1,1451,674,30.3054,-97.7497,1,1,0,4,0,11,3
1.0,1,1,1300,674,40.7061,-111.9048,1,1,0,6,0,11,3
1.0,1,1,1175,674,38.8562,-104.772,1,1,0,2,0,11,3
1.0,1,1,1025,674,29.4624,-98.5253,0,0,1,1,0,11,3
1.0,1,1,892,674,35.8079,-78.6466,0,0,1,4,99,1,2
1.0,1,1,875,674,32.7566,-97.1358,0,0,1,2,99,2,2
1.0,2,1,850,674,47.6485,-117.2657,1,1,0,2,0,11,3
1.0,1,0,791,674,32.9954,-96.7849,1,1,0,7,99,0,2
1.0,1,1,3495,675,37.7599,-122.4379,1,1,0,2,0,11,3
1.0,1,1,3050,675,34.0372,-118.2972,1,1,0,0,0,11,3
1.0,1,1,1895,675,34.0372,-118.2972,1,1,0,0,4,12,6
1.0,1,1,1880,675,26.1343,-80.233,1,0,0,0,0,11,3
1.0,1,1,1875,675,47.616,-122.3275,1,1,0,4,0,11,3
1.0,1,1,1780,675,47.75,-122.24,1,1,0,3,0,11,3
1.0,1,1,1780,675,47.6869,-122.1896,1,1,0,0,99,2,2
1.0,2,1,1745,675,40.4261,-79.7631,0,0,1,1,99,4,2
1.0,1,1,1715,675,34.0156,-118.1107,0,0,1,5,99,2,2
1.0,1,1,1555,675,39.6828,-104.8078,1,1,0,0,0,11,3
1.0,1,1,1516,675,47.7179,-122.2059,1,1,0,4,99,2,2
1.0,1,1,1506,675,47.7179,-122.2059,0,0,1,4,99,2,2
1.0,1,1,1470,675,42.0454,-87.6964,1,1,0,4,0,11,3
1.0,1,1,1440,675,40.2967,-74.6137,0,0,1,4,99,4,2
1.0,1,1,1436,675,47.7179,-122.2059,0,0,1,4,99,3,2
1.0,1,1,1345,675,34.1334,-117.292,1,1,0,1,0,11,3
1.0,2,1,1295,675,48.0724,-122.1829,0,0,1,1,21,0,3
1.0,1,1,1275,675,38.6274,-90.304,1,1,0,0,0,11,3
1.0,1,1,1275,675,40.3346,-74.5794,0,0,1,4,99,4,2
1.0,1,1,1250,675,33.8077,-84.3753,1,1,0,2,0,11,3
1.0,1,1,1220,675,29.4624,-98.5253,1,1,0,4,0,11,3
1.0,1,1,1200,675,40.3346,-74.5794,0,0,1,0,99,4,2
1.0,1,1,1190,675,40.3346,-74.5794,0,0,1,1,99,4,2
1.0,1,0,1190,675,40.3346,-74.5794,0,0,1,0,99,4,2
1.0,1,1,1150,675,42.9497,-85.6417,1,1,0,5,4,11,6
1.0,1,1,1150,675,40.3346,-74.5794,0,0,1,4,99,4,2
1.0,1,1,1127,675,36.1036,-80.2159,0,0,1,2,99,18,1
1.0,2,1,1095,675,39.3633,-74.4397,0,0,1,3,99,4,2
1.0,1,1,979,675,36.8381,-76.152,0,0,1,4,99,20,1
1.0,1,1,962,675,43.0531,-87.9659,1,1,0,6,0,11,3
1.0,1,1,945,675,43.0724,-89.4003,1,0,0,5,19,13,4
1.0,1,1,932,675,29.7714,-95.4343,1,1,0,3,0,11,3
1.0,1,1,915,675,30.3054,-97.7497,0,0,1,0,0,11,3
1.0,2,1,875,675,40.5849,-105.1128,0,0,1,4,99,23,1
1.0,1,1,850,675,61.594,-149.4124,1,1,0,1,0,11,3
1.0,1,1,840,675,40.3613,-86.9005,1,1,0,4,0,11,3
1.0,2,1,800,675,39.9974,-82.9829,0,0,1,3,8,10,2
1.0,1,1,794,675,34.7264,-92.348,1,1,0,4,0,11,3
1.0,1,1,695,675,42.4869,-92.3426,1,1,0,0,0,11,3
1.0,2,1,695,675,41.6834,-93.7839,1,1,0,0,8,11,2
1.0,1,1,645,675,43.4182,-88.1681,0,0,1,0,0,11,3
1.0,2,1,640,675,37.9906,-87.5563,1,1,0,10,0,11,3
1.0,1,1,620,675,29.7714,-95.4343,1,1,0,8,4,11,6
1.0,2,1,595,675,48.2469,-101.3017,1,1,0,0,0,11,3
1.0,1,1,485,675,44.0977,-87.7097,1,1,0,5,0,11,3
1.0,1,1,1125,676,39.985,-83.0728,1,1,0,10,0,11,3
1.0,1,1,960,676,29.4624,-98.5253,0,0,1,1,0,11,3
1.0,1,1,950,676,30.5118,-97.6873,1,1,0,0,3,12,6
1.0,1,1,870,676,42.0259,-93.6516,1,0,0,0,0,11,3
1.0,2,1,855,676,41.2562,-96.0404,1,1,0,11,0,11,3
1.0,1,1,785,676,44.0763,-103.2121,1,0,0,7,0,11,3
1.0,1,1,785,676,39.6136,-84.1617,0,0,1,4,99,2,2
1.0,1,1,725,676,39.6379,-84.1686,0,0,1,4,99,2,2
1.0,1,1,2033,677,36.137,-86.783,0,0,1,0,0,11,3
1.0,1,1,1677,677,47.3866,-122.2109,0,0,1,2,99,2,2
1.0,1,1,1391,677,32.8212,-96.7853,1,1,0,0,0,11,3
1.0,1,1,1315,677,41.824,-71.4315,1,1,0,12,4,11,6
1.0,1,1,1215,677,47.3002,-122.2168,1,1,0,11,0,11,3
1.0,1,1,1027,677,30.3054,-97.7497,0,0,1,3,0,11,3
1.0,1,1,900,677,30.3054,-97.7497,1,1,0,3,0,11,3
1.0,1,1,800,677,36.1554,-115.1733,1,1,0,4,0,11,3
2.0,2,1,3795,678,37.7599,-122.4379,1,1,0,0,0,11,3
1.0,1,1,2200,678,42.4108,-71.0517,0,0,1,6,99,21,1
1.0,1,1,2089,678,32.7876,-117.1265,1,1,0,8,0,11,3
1.0,2,1,2075,678,41.8625,-87.6825,1,0,0,0,0,11,3
1.0,1,1,1789,678,32.8212,-96.7853,1,1,0,0,0,11,3
1.0,2,1,1750,678,45.5091,-122.6449,1,1,0,3,4,11,6
1.0,1,1,1665,678,32.8212,-96.7853,1,1,0,0,0,11,3
1.0,1,1,1468,678,35.774,-78.6328,1,1,0,8,99,0,2
1.0,1,1,1400,678,41.5964,-70.9532,1,1,0,6,0,11,3
1.0,1,1,1372,678,30.3054,-97.7497,1,1,0,2,0,11,3
1.0,1,1,1109,678,29.7714,-95.4343,1,1,0,7,0,11,3
1.0,1,1,1104,678,29.7714,-95.4343,1,1,0,3,0,11,3
1.0,1,1,1035,678,32.9455,-96.7962,0,0,1,3,99,0,2
1.0,1,1,1000,678,29.4624,-98.5253,0,0,1,1,4,11,6
1.0,1,1,890,678,32.8525,-97.1399,1,1,0,13,99,3,2
1.0,2,1,860,678,40.1171,-88.1889,0,0,1,2,0,11,3
1.0,1,1,815,678,36.0723,-79.8196,0,0,1,4,99,21,1
1.0,1,1,717,678,35.4975,-97.7329,1,1,0,0,0,11,3
1.0,1,1,1675,679,44.9855,-93.3023,1,1,0,10,0,11,3
1.0,1,1,1600,679,43.0724,-89.4003,1,1,0,9,4,11,6
1.0,1,1,1265,679,30.3054,-97.7497,0,0,1,3,0,11,3
1.0,1,1,1245,679,39.8668,-105.0055,0,0,1,3,99,22,1
1.0,1,1,1225,679,39.8668,-105.0055,0,0,1,3,99,22,1
1.0,1,1,1095,679,35.3753,-119.0319,0,0,1,0,0,11,3
1.0,1,1,3952,680,42.328,-71.071,0,0,1,3,0,11,3
1.0,1,1,2840,680,33.8321,-118.3786,1,1,0,2,99,0,2
1.0,1,1,2349,680,34.1474,-118.1391,1,1,0,6,99,4,2
1.0,1,1,1835,680,34.1236,-118.2878,0,0,1,6,99,20,1
1.0,1,1,1795,680,47.616,-122.3275,0,0,1,0,0,11,3
1.0,1,1,1424,680,38.8738,-77.1055,1,1,0,6,4,11,6
1.0,1,1,1325,680,47.8409,-122.3346,1,1,0,9,99,1,2
1.0,1,1,1310,680,47.8409,-122.3346,1,1,0,9,99,1,2
1.0,1,1,1227,680,47.8616,-122.2729,0,0,1,5,99,4,2
1.0,1,1,1186,680,47.8616,-122.2729,0,0,1,5,99,4,2
1.0,1,1,1179,680,39.736,-104.9819,1,1,0,0,12,11,5
1.0,1,1,1080,680,33.9996,-84.1572,1,1,0,1,0,11,3
1.0,1,1,1075,680,33.7848,-84.3922,1,1,0,5,0,11,3
1.0,1,1,1059,680,29.7398,-98.1021,1,1,0,5,0,11,3
1.0,1,1,1050,680,42.8022,-73.9287,1,1,0,0,3,12,6
1.0,1,1,1045,680,30.3054,-97.7497,0,0,1,0,0,11,3
1.0,1,1,1035,680,61.1723,-149.8414,1,1,0,1,0,11,3
1.0,1,1,1025,680,36.8379,-76.0939,1,1,0,5,99,19,1
1.0,1,1,1025,680,36.8379,-76.0939,0,0,1,5,99,19,1
1.0,1,1,985,680,32.8212,-96.7853,1,1,0,11,0,11,3
1.0,2,1,975,680,61.1723,-149.8414,1,1,0,2,0,11,3
1.0,1,1,975,680,36.1554,-115.1733,1,1,0,0,3,12,6
1.0,1,1,951,680,33.0653,-97.0251,1,1,0,4,0,11,3
1.0,3,1,950,680,36.0402,-86.6385,1,1,0,0,0,11,3
1.0,1,1,930,680,29.7398,-98.1021,0,0,1,1,4,11,6
1.0,1,1,913,680,29.4624,-98.5253,0,0,1,0,4,11,6
1.0,1,1,900,680,36.1554,-115.1733,1,1,0,11,0,11,3
1.0,1,1,890,680,29.4624,-98.5253,1,1,0,6,0,11,3
1.0,1,1,830,680,30.3235,-89.4709,1,1,0,6,0,11,3
1.0,2,1,800,680,41.6371,-81.417,1,1,0,4,99,19,1
1.0,1,1,795,680,44.924,-123.3283,0,0,1,0,13,21,3
1.0,1,1,785,680,35.2016,-80.8124,0,0,1,6,0,11,3
1.0,0,1,750,680,41.3426,-73.0732,0,0,1,0,99,4,2
1.0,1,1,720,680,30.2989,-81.6324,1,1,0,9,4,11,6
1.0,1,1,700,680,40.1065,-85.6788,1,1,0,6,0,11,3
1.0,1,1,680,680,39.7953,-86.1387,1,1,0,4,0,11,3
1.0,1,1,653,680,42.3149,-85.1757,1,1,0,9,0,11,3
1.0,1,1,650,680,40.7533,-86.0744,1,1,0,6,0,11,3
1.0,1,1,605,680,38.9401,-92.3167,1,1,0,10,0,11,3
1.0,1,1,575,680,36.5296,-82.7005,1,0,0,0,0,11,3
1.0,1,1,550,680,37.0173,-93.2039,1,1,0,11,0,11,3
1.0,1,1,1440,681,47.5968,-122.7026,1,1,0,0,0,11,3
1.0,1,1,1240,681,38.954,-76.8968,0,0,1,2,99,21,1
1.0,1,1,1175,681,38.954,-76.8968,0,0,1,2,99,21,1
1.0,1,1,1175,681,38.954,-76.8968,0,0,1,2,99,22,1
1.0,1,1,1005,681,30.3054,-97.7497,0,0,1,0,0,11,3
1.0,1,1,858,681,34.7264,-92.348,1,1,0,5,0,11,3
1.0,1,0,2329,682,40.722,-74.0644,0,0,1,2,99,3,2
1.0,1,1,1675,682,33.7166,-117.9446,0,0,1,0,0,11,3
1.0,1,1,1645,682,33.8813,-117.9263,0,0,1,0,4,11,6
1.0,1,1,1615,682,33.9299,-117.8849,0,0,1,0,0,11,3
1.0,1,1,1414,682,32.8004,-96.7887,0,0,1,1,99,18,1
1.0,1,1,1205,682,39.7436,-105.063,1,1,0,7,99,18,1
1.0,1,1,1190,682,29.7714,-95.4343,1,1,0,3,0,11,3
1.0,1,1,1180,682,30.3054,-97.7497,0,0,1,2,0,11,3
1.0,1,1,1165,682,28.7831,-81.2874,1,1,0,7,4,11,6
1.0,1,1,1075,682,41.7537,-88.1558,1,1,0,0,0,11,3
1.0,1,1,635,682,39.0375,-95.7052,0,0,1,0,0,11,3
1.0,1,1,415,682,40.5755,-79.7224,0,0,1,5,19,13,4
1.0,1,1,1450,683,38.6487,-77.3152,1,1,0,3,0,11,3
1.0,1,1,1180,683,30.3054,-97.7497,0,0,1,3,0,11,3
1.0,1,1,1130,683,38.8168,-76.9368,1,1,0,10,99,21,1
1.0,1,1,1100,683,38.9401,-92.3167,1,1,0,8,0,11,3
1.0,1,1,1015,683,30.3054,-97.7497,0,0,1,3,0,11,3
1.0,1,1,928,683,38.9259,-94.6916,1,1,0,0,0,11,3
1.0,1,1,785,683,41.4954,-90.3928,1,1,0,7,0,11,3
1.0,2,1,1450,684,41.8481,-72.4642,1,1,0,10,0,11,3
1.0,1,1,1299,684,39.0976,-76.8614,1,1,0,3,0,11,3
1.0,1,1,1240,684,30.3054,-97.7497,0,0,1,0,0,11,3
1.0,1,1,939,684,32.6548,-97.1587,0,0,1,6,99,2,2
1.0,2,1,2720,685,40.722,-74.0644,1,1,0,9,99,3,2
1.0,1,1,2465,685,34.0372,-118.2972,1,1,0,12,0,11,3
1.0,1,1,1987,685,38.5587,-121.432,1,1,0,1,0,11,3
1.0,1,1,1735,685,47.616,-122.3275,1,1,0,3,0,11,3
1.0,1,1,1695,685,39.9974,-82.9829,1,1,0,0,3,12,6
1.0,1,1,1650,685,34.1913,-118.4575,0,0,1,0,0,11,3
1.0,0,1,1489,685,29.7714,-95.4343,1,1,0,4,0,11,3
1.0,1,1,1399,685,47.9338,-122.2052,1,1,0,14,0,11,3
1.0,2,1,1395,685,39.736,-104.9819,1,1,0,10,0,11,3
1.0,1,1,1360,685,39.5816,-105.0387,1,1,0,11,4,11,6
1.0,1,1,1180,685,32.8212,-96.7853,1,1,0,2,0,11,3
1.0,2,1,1150,685,39.0744,-94.5521,1,1,0,4,4,11,6
1.0,1,1,1099,685,40.4969,-86.9659,0,0,1,10,0,11,3
1.0,1,1,1050,685,40.7061,-111.9048,1,1,0,0,0,11,3
1.0,1,0,1050,685,38.9148,-104.7713,0,0,1,7,99,2,2
1.0,1,1,1050,685,38.9148,-104.7713,0,0,1,7,99,2,2
1.0,1,1,998,685,29.4624,-98.5253,0,0,1,1,4,11,6
1.0,1,1,905,685,33.5571,-84.2167,1,1,0,3,0,11,3
1.0,1,1,895,685,44.0346,-92.468,1,1,0,8,0,11,3
1.0,1,1,850,685,46.882,-102.7862,1,1,0,4,0,11,3
1.0,1,1,775,685,41.2562,-96.0404,0,0,1,0,0,11,3
1.0,1,1,671,685,30.1213,-93.7711,1,1,0,10,0,11,3
1.0,1,1,1575,686,39.1649,-76.7156,1,1,0,0,0,20,2
1.0,1,1,1324,686,41.8625,-87.6825,1,1,0,2,0,11,3
1.0,2,1,1240,686,39.6847,-104.9263,1,1,0,4,99,19,1
1.0,1,1,1185,686,30.3054,-97.7497,0,0,1,3,0,11,3
1.0,1,1,1120,686,30.5118,-97.6873,0,0,1,3,0,11,3
1.0,1,1,1020,686,39.1627,-76.6354,1,1,0,8,99,3,2
1.0,1,1,805,686,29.7714,-95.4343,0,0,1,3,0,11,3
1.0,1,1,627,686,39.7953,-86.1387,1,1,0,7,0,11,3
1.0,1,1,1470,687,44.9405,-93.1027,1,1,0,5,0,11,3
1.0,1,1,1430,687,38.6487,-77.3152,1,1,0,5,0,11,3
1.0,1,1,1390,687,32.8212,-96.7853,1,1,0,0,0,11,3
1.0,1,1,1345,687,38.7999,-77.1072,1,1,0,4,0,11,3
1.0,1,1,1017,687,35.8455,-78.3386,1,1,0,12,99,1,2
1.0,1,1,1005,687,29.4624,-98.5253,0,0,1,1,4,11,6
1.0,1,1,949,687,40.7061,-111.9048,0,0,1,0,0,11,3
1.0,1,1,2420,688,34.0372,-118.2972,0,0,1,0,0,11,3
1.0,1,1,1345,688,32.8212,-96.7853,1,1,0,0,0,11,3
1.0,1,1,1319,688,38.9633,-76.9375,1,1,0,1,4,11,6
1.0,1,1,1196,688,32.9631,-96.7212,1,1,0,0,0,11,3
1.0,1,1,1179,688,39.0459,-104.8179,1,1,0,4,99,2,2
1.0,1,1,1179,688,39.0459,-104.8179,0,0,1,5,99,2,2
1.0,1,1,1095,688,41.8096,-72.5411,1,1,0,9,0,11,3
1.0,1,1,1050,688,30.3054,-97.7497,1,1,0,0,8,11,2
1.0,1,1,1020,688,40.3783,-80.1221,0,0,1,5,99,4,2
1.0,1,1,938,688,33.6194,-84.4886,1,1,0,10,0,11,3
1.0,1,1,930,688,36.1554,-115.1733,1,1,0,10,0,11,3
1.0,1,1,829,688,35.2418,-81.0401,1,1,0,0,3,12,6
1.0,1,1,2750,689,40.722,-74.0644,1,1,0,2,99,4,2
1.0,1,1,2450,689,42.3426,-71.1985,1,1,0,8,0,11,3
1.0,1,1,2117,689,47.6156,-122.2109,0,0,1,3,99,0,2
1.0,1,1,1820,689,38.8488,-77.3296,1,1,0,7,0,11,3
1.0,1,1,1762,689,47.3907,-122.2626,1,1,0,15,99,2,2
1.0,1,1,1749,689,39.145,-77.1376,0,0,1,3,99,23,1
1.0,1,1,1679,689,39.145,-77.1376,0,0,1,3,99,23,1
1.0,1,1,1670,689,47.616,-122.3275,1,1,0,0,4,11,6
1.0,1,1,1258,689,29.7864,-94.9631,1,1,0,5,0,11,3
1.0,1,1,1080,689,29.8831,-97.945,0,0,1,1,4,11,6
1.0,1,1,962,689,30.3054,-97.7497,0,0,1,0,0,11,3
1.0,1,1,927,689,38.2006,-84.9469,1,1,0,0,0,11,3
1.0,1,1,925,689,30.4601,-84.2714,1,1,0,7,0,11,3
1.0,1,1,875,689,43.5329,-96.7265,0,0,1,0,3,12,6
1.0,1,1,2200,690,38.8738,-77.1055,0,0,1,0,3,12,6
1.0,1,1,2095,690,34.0372,-118.2972,1,0,0,0,0,11,3
1.0,1,1,1839,690,30.3054,-97.7497,1,1,0,5,4,12,6
1.0,1,1,1322,690,45.5223,-122.9416,1,1,0,5,0,11,3
1.0,1,1,1295,690,43.0531,-87.9659,1,1,0,6,0,11,3
1.0,1,1,1240,690,32.5807,-97.138,1,1,0,1,0,11,3
1.0,1,1,1200,690,45.3402,-122.5586,1,1,0,0,4,11,6
1.0,1,1,1010,690,29.4624,-98.5253,0,0,1,2,4,11,6
1.0,1,1,1000,690,30.3054,-97.7497,0,0,1,11,0,11,3
1.0,3,1,965,690,30.4433,-97.6282,0,0,1,0,0,11,3
1.0,1,1,950,690,40.3613,-86.9005,1,1,0,6,0,11,3
1.0,1,1,895,690,29.4624,-98.5253,0,0,1,1,0,11,3
1.0,1,1,879,690,30.3054,-97.7497,0,0,1,3,0,11,3
1.0,1,1,850,690,38.9679,-94.9654,1,1,0,0,0,11,3
1.0,1,1,825,690,29.7714,-95.4343,1,1,0,7,4,11,6
1.0,2,1,814,690,32.722,-97.083,0,0,1,1,99,2,2
1.0,1,1,800,690,29.4624,-98.5253,0,0,1,1,4,11,6
1.0,1,1,750,690,36.0249,-78.4646,1,1,0,7,0,11,3
1.0,1,1,715,690,31.5887,-94.5735,1,1,0,0,0,11,3
1.0,1,1,698,690,39.1471,-86.5136,1,0,0,9,0,11,3
1.0,2,1,545,690,37.1892,-93.2908,1,1,0,6,0,11,3
1.0,1,1,2200,691,37.9724,-122.3304,1,1,0,2,0,11,3
1.0,1,1,1140,691,39.0744,-94.5521,0,0,1,6,0,11,3
1.0,1,1,1045,691,36.137,-86.783,1,0,0,0,4,11,6
1.0,1,1,1029,691,33.9222,-84.0725,1,1,0,2,99,3,2
1.0,1,1,1019,691,33.9222,-84.0725,1,1,0,2,99,3,2
1.0,1,1,986,691,39.0744,-94.5521,1,1,0,3,0,11,3
1.0,1,1,2305,692,38.9348,-77.059,1,1,0,0,0,20,2
1.0,1,1,1772,692,30.3054,-97.7497,1,1,0,6,0,11,3
1.0,1,1,1745,692,32.8212,-96.7853,1,1,0,0,0,11,3
1.0,1,1,1435,692,43.0531,-87.9659,1,1,0,11,0,11,3
1.0,1,1,1185,692,43.0531,-87.9659,1,1,0,8,0,11,3
1.0,1,1,1106,692,32.8403,-97.0955,1,1,0,11,0,11,3
1.0,1,1,1063,692,32.8281,-97.145,1,1,0,3,99,3,2
1.0,1,1,1058,692,32.8281,-97.145,1,1,0,3,99,3,2
1.0,1,1,1020,692,30.3054,-97.7497,0,0,1,3,0,11,3
1.0,1,1,1001,692,30.3054,-97.7497,0,0,1,3,0,11,3
1.0,1,1,1000,692,30.3054,-97.7497,0,0,1,3,0,11,3
1.0,1,1,996,692,45.6558,-122.5888,1,1,0,10,4,11,6
1.0,1,1,994,692,30.3054,-97.7497,1,1,0,0,0,11,3
1.0,1,1,985,692,30.3054,-97.7497,1,1,0,0,0,11,3
1.0,1,1,979,692,30.3054,-97.7497,1,1,0,0,3,12,6
1.0,1,1,908,692,32.878,-96.7511,1,1,0,3,99,21,1
1.0,1,1,900,692,29.7398,-98.1021,0,0,1,1,4,11,6
1.0,1,1,890,692,30.3054,-97.7497,1,1,0,0,12,11,5
1.0,1,1,890,692,32.8524,-97.0886,0,0,1,0,99,3,2
1.0,0,1,829,692,29.7714,-95.4343,0,0,1,0,0,11,3
1.0,1,1,750,692,43.5329,-96.7265,0,0,1,0,0,11,3
1.0,1,1,746,692,35.471,-97.5299,1,1,0,0,0,11,3
1.0,1,1,725,692,43.5329,-96.7265,1,1,0,9,0,11,3
1.0,1,1,2475,693,34.0372,-118.2972,0,0,1,0,0,11,3
1.0,1,1,1595,693,45.5091,-122.6449,0,0,1,0,3,12,6
1.0,1,1,1195,693,44.9855,-93.3023,0,0,1,5,4,11,6
1.0,1,1,1060,693,30.3054,-97.7497,0,0,1,3,0,11,3
1.0,1,1,985,693,30.3054,-97.7497,0,0,1,2,0,11,3
1.0,1,1,2350,694,41.0292,-73.771,1,1,0,0,0,11,3
1.0,1,1,1799,694,32.8212,-96.7853,1,1,0,0,0,11,3
1.0,1,1,1695,694,33.8056,-118.1696,1,1,0,0,0,11,3
1.0,1,1,1695,694,47.6869,-122.1896,0,0,1,5,99,2,2
1.0,1,1,1509,694,39.698,-105.1559,0,0,1,3,99,20,1
1.0,1,1,1490,694,39.6847,-104.9263,1,1,0,4,99,19,1
1.0,1,1,970,694,39.0744,-94.5521,1,1,0,1,0,11,3
1.0,1,1,925,694,33.5178,-112.0848,1,1,0,2,0,11,3
1.0,1,1,845,694,38.6274,-90.304,1,1,0,9,0,11,3
1.0,1,1,820,694,42.0259,-93.6516,1,1,0,4,4,11,6
1.0,1,1,2390,695,34.1881,-118.3905,1,1,0,0,0,11,3
1.0,1,1,1957,695,40.8084,-74.1224,0,0,1,3,99,1,2
1.0,1,1,1937,695,34.1677,-118.6141,1,0,0,0,0,11,3
1.0,1,1,1600,695,30.3054,-97.7497,1,1,0,0,0,11,3
1.0,1,1,1525,695,25.7951,-80.3434,1,0,0,0,0,11,3
1.0,1,1,1177,695,39.4228,-77.4164,1,1,0,0,0,11,3
1.0,1,1,1105,695,30.0066,-97.8071,0,0,1,0,4,11,6
1.0,3,1,1065,695,36.8691,-76.2924,0,0,1,1,99,21,1
1.0,1,1,915,695,33.5178,-112.0848,1,1,0,0,0,11,3
1.0,1,1,800,695,33.9351,-84.5289,0,0,1,6,99,3,2
1.0,2,1,736,695,44.4469,-100.1875,1,1,0,0,8,11,2
1.0,1,1,725,695,39.1679,-84.4933,1,1,0,5,4,11,6
1.0,1,1,600,695,30.1213,-93.7711,1,1,0,9,0,11,3
1.0,2,1,475,695,47.4997,-97.3236,0,0,1,0,0,11,3
1.0,1,1,3030,696,40.722,-74.0644,1,1,0,2,0,11,3
1.0,1,1,2237,696,38.9016,-77.0508,0,0,1,0,0,20,2
1.0,0,1,1800,696,38.8571,-77.0609,1,1,0,0,0,20,2
1.0,1,1,1755,696,41.3245,-72.9194,1,1,0,7,0,11,3
1.0,3,1,1660,696,43.0724,-89.4003,1,1,0,2,12,11,5
1.0,2,1,1598,696,43.2129,-77.926,1,1,0,6,0,11,3
1.0,1,1,1355,696,32.8302,-96.7724,1,1,0,12,99,19,1
1.0,1,1,1220,696,30.3054,-97.7497,0,0,1,4,0,11,3
1.0,2,1,1025,696,43.0531,-87.9659,1,0,0,5,19,13,4
1.0,1,1,978,696,35.6696,-78.6648,1,1,0,4,99,3,2
1.0,1,1,915,696,30.3054,-97.7497,0,0,1,3,0,11,3
1.0,1,1,800,696,30.0871,-95.4685,1,1,0,7,4,11,6
1.0,2,1,795,696,42.0259,-93.6516,0,0,1,0,0,11,3
1.0,1,1,719,696,35.2016,-80.8124,1,1,0,6,4,11,6
1.0,1,1,1750,697,43.643,-72.2528,1,1,0,8,99,22,1
1.0,1,1,1740,697,43.643,-72.2528,1,1,0,8,99,2,2
1.0,1,1,1655,697,40.7061,-111.9048,1,1,0,7,0,11,3
1.0,1,1,1565,697,43.0724,-89.4003,1,1,0,8,8,10,2
1.0,1,1,1170,697,45.6558,-122.5888,1,1,0,10,0,11,3
1.0,1,1,1155,697,30.5104,-97.9027,0,0,1,0,0,11,3
1.0,1,1,1155,697,30.3054,-97.7497,0,0,1,3,0,11,3
1.0,1,1,1090,697,45.6558,-122.5888,1,1,0,9,0,11,3
1.0,1,1,945,697,35.9517,-79.071,1,1,0,11,19,13,4
1.0,1,1,925,697,30.3054,-97.7497,1,1,0,0,3,12,6
1.0,1,1,920,697,40.3911,-80.1989,0,0,1,5,99,3,2
1.0,1,1,837,697,41.6675,-83.5837,0,0,1,0,0,11,3
1.0,1,1,834,697,29.4624,-98.5253,1,1,0,11,0,11,3
1.0,1,1,1695,698,38.4498,-122.7129,1,1,0,0,0,11,3
1.0,1,1,1279,698,35.4751,-97.5035,0,0,1,4,99,4,2
1.0,1,1,1259,698,35.4751,-97.5035,0,0,1,4,99,4,2
1.0,1,1,1259,698,35.4751,-97.5035,0,0,1,4,99,4,2
1.0,1,1,1259,698,35.4751,-97.5035,0,0,1,4,99,4,2
1.0,1,1,1200,698,30.3054,-97.7497,0,0,1,0,0,11,3
1.0,1,1,1084,698,39.1054,-84.5022,0,0,1,4,99,0,2
1.0,1,1,1028,698,29.6015,-95.6306,1,1,0,3,0,11,3
1.0,1,1,990,698,35.7238,-78.8695,1,1,0,3,99,21,1
1.0,1,1,1190,699,30.3054,-97.7497,0,0,1,3,0,11,3
1.0,1,0,670,699,35.2505,-97.4596,0,0,1,2,99,3,2
1.0,1,1,3730,700,37.7599,-122.4379,0,0,1,0,0,11,3
1.0,1,1,2800,700,34.4312,-119.7292,0,0,1,0,0,11,3
1.0,1,1,2600,700,47.6869,-122.1896,1,1,0,7,99,2,2
1.0,1,1,2500,700,42.3882,-83.1122,1,1,0,4,0,11,3
1.0,2,1,2450,700,37.8726,-122.2707,0,0,1,0,0,11,3
1.0,1,0,2450,700,33.9908,-118.4592,0,0,1,2,99,0,2
1.0,2,1,2395,700,37.7904,-122.2151,0,0,1,0,0,11,3
1.0,2,1,2350,700,37.7904,-122.2151,0,0,1,0,0,11,3
1.0,2,1,2350,700,37.8726,-122.2707,0,0,1,0,0,11,3
1.0,2,1,2350,700,37.8726,-122.2707,0,0,1,0,3,12,6
1.0,1,1,2325,700,33.955,-118.3967,1,0,0,12,99,21,1
1.0,2,1,2250,700,37.7904,-122.2151,0,0,1,0,0,11,3
1.0,1,1,2100,700,37.3695,-122.0241,0,0,1,0,0,11,3
1.0,1,0,2100,700,37.3477,-121.9849,0,0,1,3,77,20,2
1.0,1,1,2095,700,37.7904,-122.2151,0,0,1,0,0,11,3
1.0,1,1,2095,700,34.0372,-118.2972,1,0,0,0,3,12,6
1.0,1,1,2034,700,34.1672,-118.2671,0,0,1,3,99,4,2
1.0,1,1,2025,700,41.8625,-87.6825,0,0,1,9,0,11,3
1.0,1,1,1995,700,34.0372,-118.2972,0,0,1,2,0,11,3
1.0,1,1,1950,700,40.7227,-74.0479,1,1,0,2,0,20,2
1.0,1,1,1925,700,38.9118,-77.0132,1,1,0,0,0,11,3
1.0,1,1,1900,700,32.8113,-79.9947,1,1,0,0,0,11,3
1.0,1,1,1850,700,42.4164,-71.0059,1,1,0,9,0,11,3
1.0,1,1,1825,700,33.8412,-118.3572,0,0,1,4,99,1,2
1.0,1,1,1807,700,41.0025,-74.0303,0,0,1,1,99,0,2
1.0,1,1,1795,700,34.1542,-118.4447,1,1,0,0,8,11,2
1.0,1,1,1695,700,33.8663,-118.0656,1,1,0,0,0,11,3
1.0,1,1,1695,700,32.6197,-117.0226,0,0,1,5,4,11,6
1.0,2,1,1689,700,40.6356,-74.2562,1,1,0,1,99,0,2
1.0,1,1,1668,700,42.4849,-71.1568,1,1,0,14,0,11,3
1.0,1,1,1668,700,47.6829,-122.1209,0,0,1,4,99,3,2
1.0,1,1,1615,700,33.9299,-117.8849,0,0,1,0,0,11,3
1.0,1,1,1600,700,40.5955,-74.6231,1,0,0,0,0,11,3
1.0,1,1,1600,700,47.616,-122.3275,1,1,0,0,0,11,3
1.0,1,1,1600,700,40.936,-73.7568,0,0,1,0,4,11,6
1.5,1,1,1595,700,47.616,-122.3275,1,1,0,0,0,11,3
1.0,3,1,1595,700,43.0724,-89.4003,1,1,0,3,0,11,3
1.0,1,1,1570,700,44.9855,-93.3023,1,1,0,2,0,11,3
1.0,2,1,1550,700,41.8625,-87.6825,1,1,0,2,4,11,6
1.0,1,1,1544,700,30.3054,-97.7497,0,0,1,0,0,11,3
1.0,1,1,1495,700,44.9405,-93.1027,1,0,0,0,0,11,3
1.0,1,1,1479,700,30.3054,-97.7497,0,0,1,3,0,11,3
1.0,1,1,1475,700,44.937,-93.4394,0,0,1,7,4,11,6
1.0,1,1,1475,700,34.2605,-118.3307,0,0,1,4,99,4,2
1.0,1,0,1475,700,47.3907,-122.2626,0,0,1,0,99,2,2
1.0,1,1,1466,700,47.3907,-122.2626,1,1,0,11,99,2,2
1.0,1,1,1463,700,47.3907,-122.2626,1,1,0,11,99,2,2
1.0,1,1,1455,700,41.7066,-72.5646,0,0,1,8,99,3,2
1.0,2,1,1450,700,41.8625,-87.6825,1,1,0,8,0,11,3
1.0,1,1,1445,700,47.3851,-122.1882,1,1,0,9,0,11,3
1.0,1,0,1441,700,47.3907,-122.2626,1,1,0,11,99,2,2
1.0,1,1,1425,700,41.8625,-87.6825,1,1,0,0,0,11,3
1.0,1,1,1399,700,47.3851,-122.1882,1,1,0,10,0,11,3
1.0,1,1,1398,700,39.0073,-76.6827,0,0,1,5,99,4,2
1.0,1,1,1395,700,44.9405,-93.1027,1,1,0,9,8,10,2
1.0,2,1,1395,700,33.9136,-118.3527,0,0,1,3,99,23,1
1.0,1,1,1350,700,47.75,-122.24,1,0,0,0,0,11,3
1.0,1,1,1335,700,47.7921,-122.3045,1,0,0,3,0,11,3
1.0,1,1,1320,700,47.616,-122.3275,0,0,1,0,0,11,3
1.0,2,1,1295,700,43.1857,-70.9136,0,0,1,1,99,2,2
1.0,1,1,1280,700,38.5587,-121.432,1,1,0,1,0,11,3
1.0,2,1,1275,700,41.8625,-87.6825,1,0,0,0,0,11,3
1.0,1,1,1275,700,47.8318,-122.2834,1,0,0,3,0,11,3
1.0,1,1,1275,700,39.8344,-105.0095,0,0,1,0,99,19,1
1.0,1,1,1270,700,41.8625,-87.6825,1,0,0,0,4,12,6
1.0,1,1,1259,700,39.736,-104.9819,1,1,0,0,0,11,3
1.0,1,1,1245,700,39.0744,-94.5521,1,1,0,13,4,11,6
1.0,1,1,1235,700,39.6894,-105.1119,1,1,0,11,0,11,3
1.0,1,1,1230,700,39.6041,-104.8594,1,1,0,13,4,11,6
1.0,1,1,1200,700,30.3054,-97.7497,0,0,1,3,0,11,3
1.0,1,1,1175,700,33.5178,-112.0848,0,0,1,0,0,11,3
1.0,1,1,1150,700,45.4922,-122.8578,1,1,0,0,0,11,3
1.0,1,1,1145,700,33.6895,-116.9659,0,0,1,0,0,11,3
1.0,1,1,1145,700,43.0348,-71.1915,0,0,1,9,99,1,2
1.0,1,1,1131,700,30.3054,-97.7497,0,0,1,1,0,11,3
1.0,1,1,1130,700,43.0724,-89.4003,1,0,0,5,12,11,5
1.0,1,1,1105,700,30.3054,-97.7497,0,0,1,2,0,11,3
1.0,1,1,1105,700,39.1679,-84.4933,1,0,0,6,4,11,6
1.0,1,1,1095,700,29.7714,-95.4343,1,1,0,0,0,11,3
1.0,1,1,1095,700,39.1634,-76.6165,0,0,1,0,4,11,6
1.0,1,1,1095,700,45.4839,-122.6379,1,1,0,2,0,16,2
1.0,1,1,1090,700,41.9725,-87.8286,0,0,1,3,19,0,5
1.0,2,1,1080,700,39.9974,-82.9829,0,0,1,1,16,11,1
1.0,1,1,1079,700,32.9075,-96.6339,1,1,0,9,0,11,3
1.0,1,1,1076,700,35.9907,-78.9074,1,1,0,8,0,11,3
1.0,1,1,1075,700,30.3054,-97.7497,0,0,1,6,0,11,3
1.0,1,1,1065,700,39.7025,-104.9311,0,0,1,1,99,21,1
1.0,1,1,1065,700,39.7025,-104.9311,0,0,1,1,99,21,1
1.0,1,1,1050,700,30.3054,-97.7497,0,0,1,3,0,11,3
1.0,1,1,1050,700,29.4624,-98.5253,0,0,1,1,4,11,6
1.0,1,1,1050,700,41.1908,-73.1965,0,0,1,1,15,21,1
1.0,1,1,1050,700,42.9833,-71.4574,1,0,0,2,99,1,2
1.0,1,1,1045,700,41.8787,-87.9798,1,1,0,0,0,11,3
1.0,2,1,1040,700,47.2334,-122.5457,0,0,1,0,0,11,3
1.0,2,1,1040,700,39.9974,-82.9829,0,0,1,3,8,10,2
1.0,1,1,1039,700,44.8338,-93.3197,1,0,0,0,12,11,5
1.0,1,1,1035,700,29.4624,-98.5253,0,0,1,1,0,11,3
1.0,1,1,1030,700,30.3054,-97.7497,0,0,1,3,0,11,3
1.0,1,1,1030,700,28.5163,-81.3644,1,1,0,10,4,11,6
1.0,2,1,1028,700,27.7324,-82.668,0,0,1,1,81,21,5
1.0,1,1,1025,700,32.0057,-102.1036,1,1,0,5,0,11,3
1.0,1,1,1019,700,45.0201,-93.4623,1,0,0,10,8,10,2
1.0,1,1,1015,700,29.4624,-98.5253,0,0,1,1,4,11,6
1.0,1,1,1014,700,30.3054,-97.7497,1,1,0,6,0,11,3
1.0,1,1,1013,700,33.9295,-84.4662,0,0,1,4,99,4,2
1.0,1,1,1011,700,30.3054,-97.7497,0,0,1,3,0,11,3
1.0,1,1,999,700,41.5927,-93.6276,1,1,0,8,0,11,3
1.0,1,1,999,700,30.3054,-97.7497,1,1,0,5,0,11,3
1.0,1,1,995,700,37.1892,-93.2908,1,1,0,0,0,11,3
1.0,1,1,995,700,42.5,-83.1868,0,0,1,0,0,11,3
1.0,1,1,995,700,39.0744,-94.5521,0,0,1,8,4,11,6
1.0,1,1,995,700,45.4839,-122.6379,1,1,0,2,0,16,2
1.0,1,1,985,700,29.7714,-95.4343,1,1,0,11,0,11,3
1.0,1,1,980,700,41.7609,-72.7477,0,0,1,0,99,4,2
1.0,2,1,975,700,32.8212,-96.7853,1,1,0,0,8,11,2
1.0,1,1,975,700,30.3241,-81.6809,0,0,1,2,76,14,3
1.0,1,1,965,700,42.0259,-93.6516,1,1,0,0,0,11,3
1.0,1,1,965,700,32.0245,-81.1067,1,1,0,4,0,11,3
1.0,1,1,965,700,44.8653,-93.4749,1,0,0,0,4,11,6
1.0,1,1,950,700,40.0054,-75.1415,1,1,0,1,0,11,3
1.0,1,1,950,700,30.5118,-97.6873,0,0,1,3,0,11,3
1.0,2,1,949,700,29.7714,-95.4343,1,1,0,0,0,11,3
1.0,1,1,940,700,36.2548,-115.5263,0,0,1,3,99,20,1
1.0,1,1,935,700,44.9405,-93.1027,1,1,0,0,0,11,3
1.0,1,1,930,700,33.0066,-96.8901,1,1,0,10,95,7,6
1.0,1,1,925,700,39.1679,-84.4933,1,0,0,4,0,11,3
1.0,1,1,924,700,33.8737,-84.5097,0,0,1,6,99,4,2
1.0,1,1,905,700,30.3054,-97.7497,0,0,1,3,0,11,3
1.0,1,1,905,700,39.7579,-75.5783,1,1,0,10,4,11,6
1.0,1,1,904,700,30.0532,-95.2033,1,1,0,11,0,11,3
1.0,1,1,900,700,36.1554,-115.1733,1,1,0,8,0,11,3
1.0,1,1,900,700,39.1103,-94.702,0,0,1,6,4,11,6
1.0,1,1,895,700,37.3961,-79.1892,0,0,1,0,0,11,3
1.0,1,1,895,700,39.0744,-94.5521,1,1,0,9,4,11,6
1.0,1,1,895,700,39.842,-75.0295,0,0,1,1,99,3,2
1.0,2,1,880,700,38.8021,-104.7105,0,0,1,6,99,2,2
1.0,2,1,875,700,42.6742,-73.7936,0,0,1,1,19,0,5
1.0,2,1,850,700,27.4229,-80.3552,0,0,1,1,0,21,2
1.0,1,1,850,700,39.0269,-94.6516,1,0,0,0,0,11,3
1.0,1,1,850,700,39.0804,-108.5423,0,0,1,0,99,3,2
1.0,1,1,849,700,28.246,-82.6899,1,1,0,8,4,11,6
1.0,1,1,842,700,30.3054,-97.7497,0,0,1,2,0,11,3
1.0,1,1,840,700,42.9694,-87.8732,1,1,0,8,0,11,3
1.0,2,1,839,700,39.1679,-84.4933,1,1,0,4,0,11,3
1.0,1,1,825,700,41.2623,-95.9625,0,0,1,0,0,11,3
1.0,1,1,825,700,39.9591,-75.2725,1,1,0,1,4,11,6
1.0,1,1,825,700,39.7579,-75.5783,1,1,0,6,4,11,6
1.0,1,1,824,700,29.4624,-98.5253,0,0,1,1,4,11,6
1.0,1,1,823,700,35.4571,-81.8035,0,0,1,11,99,4,2
1.0,1,1,795,700,41.2562,-96.0404,1,0,0,0,0,11,3
1.0,1,1,785,700,41.2562,-96.0404,1,1,0,0,0,11,3
1.0,1,1,775,700,30.2771,-89.7575,1,1,0,0,3,12,6
1.0,1,1,775,700,43.0988,-73.1576,1,0,0,2,99,2,2
1.0,2,1,775,700,32.6857,-96.6013,0,0,1,4,99,0,2
1.0,1,1,770,700,40.3911,-80.1989,0,0,1,3,99,3,2
1.0,2,1,750,700,42.0332,-97.4236,1,1,0,0,0,11,3
1.0,1,1,750,700,29.997,-90.1777,1,1,0,0,8,11,2
1.0,1,1,750,700,41.9218,-73.067,1,1,0,3,99,3,2
1.0,1,1,745,700,41.2562,-96.0404,1,1,0,0,0,11,3
1.0,2,1,730,700,42.7199,-84.5731,0,0,1,4,4,11,6
1.0,2,1,725,700,36.116,-95.9281,0,0,1,0,0,11,3
1.0,1,1,725,700,30.4415,-91.1012,1,1,0,0,0,11,3
1.0,2,1,725,700,42.0259,-93.6516,1,1,0,0,4,11,6
1.0,1,1,722,700,35.6982,-97.4325,0,0,1,1,99,3,2
1.0,1,1,718,700,41.1378,-95.9392,1,1,0,9,0,11,3
1.0,1,1,715,700,39.0744,-94.5521,1,1,0,3,4,11,6
1.0,1,1,705,700,40.3306,-79.8062,1,0,0,9,99,4,2
1.0,2,1,700,700,36.2801,-95.8481,0,0,1,0,0,11,3
1.0,1,1,700,700,38.9259,-94.6916,0,0,1,6,4,11,6
2.0,2,1,695,700,42.9497,-85.6417,0,0,1,1,0,11,3
1.0,1,1,692,700,38.9259,-94.6916,1,1,0,8,4,11,6
1.0,1,1,690,700,42.0259,-93.6516,0,0,1,0,0,11,3
1.0,1,1,680,700,40.5215,-79.9488,0,0,1,3,99,3,2
1.0,1,1,675,700,41.2562,-96.0404,1,1,0,0,0,11,3
1.0,1,1,665,700,41.2562,-96.0404,1,1,0,0,0,11,3
1.0,1,1,655,700,40.2996,-79.819,0,0,1,9,99,4,2
1.0,1,1,630,700,30.6732,-88.1443,1,1,0,8,0,11,3
1.0,1,1,600,700,30.0718,-94.1543,1,1,0,8,0,11,3
1.0,1,1,600,700,38.7462,-90.2116,0,0,1,3,78,21,1
1.0,1,1,595,700,38.6274,-90.304,1,1,0,8,0,11,3
1.0,1,1,595,700,35.5119,-97.5026,0,0,1,2,99,4,2
1.0,1,1,459,700,36.116,-95.9281,1,1,0,0,0,11,3
1.0,2,1,450,700,44.0407,-84.8054,0,0,1,3,0,11,3
1.0,1,1,2000,701,37.7547,-121.9529,1,1,0,12,0,11,3
1.0,0,1,1680,701,38.8571,-77.0609,1,1,0,0,0,20,2
1.0,1,1,1622,701,28.0076,-82.4792,1,1,0,11,0,11,3
1.0,1,1,1495,701,47.7637,-122.118,0,0,1,13,99,4,2
1.0,1,1,1335,701,44.9545,-123.0072,1,0,0,0,0,11,3
1.0,1,1,1165,701,32.9314,-97.0956,0,0,1,4,99,4,2
1.0,1,1,1054,701,32.7407,-97.3394,1,0,0,0,0,11,3
1.0,1,1,960,701,40.4448,-79.9725,0,0,1,2,16,11,1
1.0,1,1,914,701,35.7876,-78.781,1,1,0,13,99,22,1
1.0,1,1,900,701,32.2264,-110.9438,1,1,0,1,0,11,3
1.0,1,1,687,701,42.8181,-84.4593,1,1,0,4,0,11,3
1.0,1,1,675,701,32.5214,-94.8002,0,0,1,12,99,0,2
1.0,1,1,640,701,32.5214,-94.8002,0,0,1,12,99,0,2
1.0,1,1,1620,702,33.8323,-117.9079,0,0,1,0,4,11,6
1.0,1,1,1455,702,32.8212,-96.7853,1,1,0,0,0,11,3
1.0,1,1,1255,702,39.5525,-104.8721,1,1,0,12,4,11,6
1.0,1,1,1122,702,32.8212,-96.7853,0,0,1,4,10,21,6
1.0,1,1,999,702,30.5118,-97.6873,0,0,1,0,0,11,3
1.0,1,1,950,702,37.1892,-93.2908,1,1,0,9,0,11,3
1.0,1,1,949,702,30.3054,-97.7497,0,0,1,3,0,11,3
1.0,1,1,945,702,41.094,-85.128,1,1,0,4,0,11,3
1.0,1,1,860,702,33.5944,-112.1837,1,1,0,0,0,11,3
1.0,1,1,848,702,29.7714,-95.4343,1,1,0,4,0,11,3
1.0,2,1,625,702,40.8381,-81.3937,1,1,0,2,99,22,1
1.0,1,1,600,702,42.0259,-93.6516,0,0,1,4,0,11,3
1.0,1,1,3503,703,42.328,-71.071,1,1,0,5,4,11,6
1.0,1,1,1581,703,30.3054,-97.7497,0,0,1,3,0,11,3
1.0,2,1,1460,703,41.7566,-72.689,1,1,0,8,0,11,3
1.0,1,1,1175,703,43.6046,-116.2475,1,1,0,12,0,11,3
1.0,1,1,1024,703,42.7445,-83.4085,1,1,0,12,0,11,3
1.0,1,1,1000,703,35.2016,-80.8124,1,1,0,0,8,11,2
1.0,1,1,990,703,32.7767,-97.0816,0,0,1,4,99,1,2
1.0,1,1,965,703,32.7767,-97.0816,0,0,1,4,99,1,2
1.0,1,1,830,703,29.4624,-98.5253,0,0,1,1,4,11,6
1.0,1,1,825,703,48.2469,-101.3017,1,1,0,0,0,11,3
1.0,1,1,3608,704,37.7599,-122.4379,0,0,1,0,0,11,3
1.0,2,1,2795,704,33.624,-117.8956,0,0,1,0,0,11,3
1.0,1,1,1806,704,30.3054,-97.7497,1,1,0,6,0,11,3
1.0,1,1,1406,704,39.9156,-105.0876,0,0,1,9,0,11,3
1.0,1,1,1209,704,47.9338,-122.2052,1,1,0,8,0,11,3
1.0,1,1,1099,704,30.3054,-97.7497,0,0,1,4,0,11,3
1.0,1,1,1000,704,43.0724,-89.4003,0,0,1,2,4,11,6
1.0,1,1,819,704,32.6924,-97.1324,0,0,1,6,99,2,2
1.0,1,1,729,704,37.9906,-87.5563,1,1,0,8,0,11,3
1.0,1,1,645,704,37.6836,-97.3369,1,1,0,0,0,11,3
1.0,2,1,595,704,47.9299,-97.0173,0,0,1,0,0,11,3
1.0,1,1,2495,705,34.0998,-118.3265,1,1,0,2,99,20,1
1.0,1,1,2350,705,42.3895,-71.1039,1,0,0,6,0,11,3
1.0,1,1,1842,705,41.0025,-74.0303,1,1,0,2,0,11,3
1.0,2,1,1811,705,40.6999,-74.3233,1,1,0,6,99,1,2
1.0,1,1,1750,705,47.6767,-122.0799,1,1,0,11,0,11,3
1.0,0,1,1720,705,38.8571,-77.0609,1,1,0,0,0,20,2
1.0,2,1,1666,705,40.6999,-74.3233,1,1,0,6,99,1,2
1.0,1,1,1656,705,36.137,-86.783,0,0,1,0,0,11,3
2.0,1,1,1355,705,39.2946,-76.6235,1,1,0,3,99,4,2
1.0,1,1,1150,705,39.266,-76.8455,0,0,1,5,99,2,2
1.0,1,1,1000,705,30.3054,-97.7497,0,0,1,1,0,11,3
1.0,1,1,935,705,39.96,-85.9837,1,1,0,0,0,11,3
1.0,1,1,885,705,29.7714,-95.4343,1,1,0,2,0,11,3
1.0,1,1,872,705,29.4624,-98.5253,0,0,1,1,4,11,6
1.0,1,1,779,705,38.0172,-84.4931,1,1,0,12,0,11,3
1.0,1,1,718,705,29.7714,-95.4343,1,1,0,1,0,11,3
1.0,1,1,2140,706,30.2676,-97.7544,1,1,0,1,0,11,3
1.0,1,1,1620,706,40.4678,-79.9134,0,0,1,2,99,4,2
1.0,1,1,1211,706,36.137,-86.783,1,1,0,12,0,11,3
1.0,1,1,1048,706,34.025,-84.3128,1,1,0,5,99,4,2
1.0,1,1,991,706,34.025,-84.3128,1,1,0,5,99,4,2
1.0,1,1,973,706,29.7398,-98.1021,0,0,1,1,4,11,6
1.0,1,1,935,706,29.5824,-98.2918,0,0,1,1,0,11,3
1.0,1,1,679,706,40.4738,-86.1409,1,1,0,13,0,11,3
1.0,1,1,2950,707,37.7904,-122.2151,1,1,0,0,0,11,3
1.0,1,1,2050,707,33.7435,-118.2794,1,1,0,3,99,2,2
1.0,1,1,1995,707,33.8056,-118.1696,1,1,0,0,0,11,3
1.0,1,1,1365,707,43.0724,-89.4003,1,1,0,9,4,11,6
1.0,1,1,1130,707,44.9231,-123.0143,1,1,0,0,3,12,6
1.0,1,1,999,707,35.7488,-78.6369,1,1,0,3,99,1,2
1.0,1,1,875,707,29.4624,-98.5253,1,1,0,0,0,11,3
1.0,1,1,831,707,35.471,-97.5299,1,1,0,0,0,11,3
1.0,1,1,570,707,41.815,-89.7165,0,0,1,0,8,11,2
1.0,1,1,1570,708,34.1251,-117.5758,1,1,0,11,0,11,3
1.0,1,1,1465,708,33.9264,-117.2346,1,1,0,3,0,11,3
1.0,1,1,1370,708,43.0336,-87.9094,1,1,0,0,0,11,3
1.0,1,1,1334,708,39.5197,-119.8342,1,1,0,1,0,11,3
1.0,1,1,1295,708,33.5178,-112.0848,1,1,0,1,0,11,3
1.0,1,1,1199,708,30.3054,-97.7497,0,0,1,0,0,11,3
1.0,1,1,1186,708,30.3054,-97.7497,0,0,1,5,0,11,3
1.0,1,1,1152,708,35.4694,-97.5069,1,1,0,0,0,11,3
1.0,1,1,1120,708,42.5859,-87.8552,1,1,0,10,0,11,3
1.0,2,1,1030,708,43.0724,-89.4003,1,1,0,1,12,11,5
1.0,1,1,995,708,41.6828,-93.7077,1,1,0,9,0,11,3
1.0,1,1,976,708,39.2669,-84.2921,1,1,0,4,0,11,3
1.0,1,1,958,708,29.7714,-95.4343,1,1,0,2,0,11,3
1.0,1,1,938,708,29.7714,-95.4343,1,1,0,1,0,11,3
1.0,1,1,810,708,42.0259,-93.6516,0,0,1,0,0,11,3
1.0,1,1,810,708,42.0259,-93.6516,0,0,1,0,3,12,6
1.0,1,1,1840,709,41.2318,-73.0586,1,1,0,5,0,11,3
1.0,1,1,1795,709,40.7647,-74.2119,1,1,0,12,99,23,1
1.0,1,1,1565,709,38.6487,-77.3152,1,1,0,2,0,11,3
1.0,1,1,1269,709,28.5163,-81.3644,1,1,0,5,0,11,3
1.0,1,1,1174,709,28.5163,-81.3644,1,1,0,4,0,11,3
1.0,1,1,1090,709,30.3054,-97.7497,0,0,1,1,0,11,3
1.0,1,1,900,709,29.8831,-97.945,0,0,1,1,0,11,3
1.0,1,1,870,709,42.0259,-93.6516,0,0,1,0,3,12,6
1.0,1,1,825,709,42.0259,-93.6516,0,0,1,0,8,11,2
1.0,1,1,825,709,42.0259,-93.6516,0,0,1,0,8,11,2
1.0,1,1,676,709,42.5326,-90.6985,0,0,1,5,0,11,3
1.0,1,1,3005,710,40.722,-74.0644,0,0,1,7,99,4,2
1.0,2,1,2092,710,47.5632,-122.2265,1,1,0,9,99,3,2
1.0,1,1,1975,710,47.616,-122.3275,0,0,1,0,0,11,3
1.0,1,1,1795,710,41.2318,-73.0586,1,1,0,5,0,11,3
1.0,2,1,1790,710,38.9645,-76.9637,1,1,0,5,99,21,1
1.0,1,1,1487,710,47.7637,-122.118,0,0,1,2,99,4,2
1.0,1,1,1427,710,47.7637,-122.118,1,1,0,13,99,4,2
1.0,1,1,1375,710,47.3071,-122.3404,1,1,0,1,0,11,3
1.0,1,1,1350,710,43.0834,-87.8861,1,1,0,9,0,11,3
1.0,1,1,1205,710,39.7333,-104.914,0,0,1,1,99,19,1
1.0,1,1,1010,710,38.8562,-104.772,1,1,0,4,0,11,3
1.0,1,1,846,710,37.5173,-77.5044,1,1,0,6,99,18,1
1.0,1,1,832,710,33.9373,-84.2004,1,1,0,11,99,4,2
1.0,1,1,805,710,32.2264,-110.9438,1,1,0,13,0,11,3
1.0,1,1,760,710,41.6251,-93.7375,1,1,0,7,0,11,3
1.0,1,1,668,710,44.1643,-94.0102,0,0,1,7,0,11,3
1.0,3,1,615,710,37.1892,-93.2908,1,1,0,11,0,11,3
1.0,1,1,555,710,40.4032,-79.8382,0,0,1,6,99,3,2
1.0,1,1,1865,711,33.5137,-86.7893,0,0,1,0,0,11,3
1.0,1,1,1420,711,29.7714,-95.4343,1,1,0,4,0,11,3
1.0,1,1,1390,711,33.7848,-84.3922,1,1,0,8,0,11,3
1.0,1,1,1090,711,30.3054,-97.7497,0,0,1,3,0,11,3
1.0,1,1,959,711,41.2205,-112.0172,0,0,1,0,0,11,3
1.0,1,1,800,711,31.2859,-94.808,1,1,0,1,99,1,2
1.0,1,1,1849,712,45.5091,-122.6449,1,1,0,0,0,11,3
1.0,1,1,1772,712,47.5311,-122.0679,1,1,0,4,99,2,2
2.0,2,0,1600,712,33.7696,-118.1926,1,1,0,3,99,2,2
1.0,1,1,1375,712,30.3054,-97.7497,0,0,1,0,0,11,3
1.0,1,1,1155,712,35.6643,-105.9701,1,1,0,10,0,11,3
1.0,1,1,1155,712,39.698,-105.1559,0,0,1,6,99,20,1
1.0,1,1,1120,712,40.4146,-104.7321,1,1,0,3,0,11,3
1.0,1,1,1075,712,38.2009,-85.6999,1,1,0,0,3,12,6
1.0,1,1,1049,712,43.0042,-88.0184,1,1,0,10,0,11,3
1.0,1,1,985,712,30.4433,-97.6282,0,0,1,3,0,11,3
1.0,1,1,2669,713,34.0451,-118.2414,0,0,1,3,99,18,1
1.0,1,1,2388,713,36.137,-86.783,0,0,1,0,0,11,3
1.0,2,1,1525,713,39.736,-104.9819,1,1,0,0,16,11,1
1.0,1,1,1495,713,39.2144,-76.8797,0,0,1,5,99,2,2
1.0,1,1,1350,713,30.3054,-97.7497,1,1,0,4,0,11,3
1.0,2,1,1015,713,39.1478,-94.5689,1,1,0,8,0,11,3
1.0,1,1,975,713,29.8831,-97.945,0,0,1,4,4,11,6
1.0,1,1,779,713,36.1193,-78.6893,0,0,1,0,99,22,1
1.0,1,1,3000,714,42.3882,-83.1122,1,1,0,4,0,11,3
1.0,1,1,2105,714,38.8738,-77.1055,1,1,0,7,0,11,3
1.0,1,1,1635,714,33.8813,-117.9263,0,0,1,0,0,11,3
1.0,1,1,1620,714,33.8323,-117.9079,0,0,1,0,0,11,3
1.0,1,1,1575,714,30.3054,-97.7497,1,1,0,6,0,11,3
1.0,1,0,899,714,38.7918,-104.8265,0,0,1,6,99,1,2
1.0,1,1,849,714,29.7714,-95.4343,1,1,0,5,0,11,3
1.0,1,1,809,714,36.0913,-79.2861,0,0,1,2,99,20,1
1.0,1,1,2098,715,39.0521,-77.119,1,1,0,1,99,23,1
1.0,1,1,1970,715,47.5481,-122.0471,1,1,0,8,0,11,3
1.0,1,1,1775,715,41.8729,-70.6414,1,1,0,8,0,11,3
1.0,1,0,1762,715,39.0017,-77.0353,0,0,1,3,99,1,2
1.0,1,1,1690,715,43.0791,-73.7766,1,1,0,0,0,11,3
1.0,1,1,1420,715,33.5178,-112.0848,1,1,0,2,0,11,3
1.0,1,1,1195,715,40.5734,-111.8511,1,1,0,11,0,11,3
1.0,1,1,1105,715,41.5509,-72.6637,1,1,0,9,0,11,3
1.0,1,1,1000,715,38.6274,-90.304,1,1,0,0,0,11,3
1.0,1,1,990,715,33.4146,-111.766,1,1,0,4,0,11,3
1.0,1,1,979,715,44.8823,-93.0441,1,0,0,0,3,12,6
1.0,1,1,895,715,29.8831,-97.945,0,0,1,1,4,11,6
1.0,1,1,849,715,29.4624,-98.5253,0,0,1,0,4,11,6
1.0,1,1,835,715,34.0007,-84.4665,0,0,1,7,99,3,2
1.0,1,1,815,715,34.0007,-84.4665,0,0,1,7,99,3,2
1.0,1,1,815,715,34.0007,-84.4665,0,0,1,7,99,3,2
1.0,1,1,804,715,33.8335,-112.1292,0,0,1,4,1,22,1
1.0,1,1,665,715,29.7714,-95.4343,1,1,0,8,0,11,3
1.0,1,1,650,715,29.7714,-95.4343,1,1,0,9,0,11,3
1.0,1,1,1515,716,33.6884,-117.1904,1,1,0,0,0,11,3
1.0,1,1,1099,716,43.1689,-77.6289,1,1,0,9,0,11,3
1.0,1,1,1019,716,34.0007,-84.4665,1,1,0,3,99,3,2
1.0,1,1,995,716,35.6259,-78.8364,1,1,0,8,99,23,1
1.0,2,1,895,716,38.9163,-94.3719,0,0,1,0,4,11,6
1.0,1,1,824,716,42.9644,-87.9868,1,0,0,5,0,11,3
1.0,1,1,783,716,37.1892,-93.2908,1,1,0,10,0,11,3
1.0,1,1,760,716,32.8255,-97.1039,1,1,0,10,99,4,2
1.0,1,1,2300,717,40.9392,-73.8727,1,1,0,4,4,11,6
1.0,1,1,2210,717,33.7834,-118.1506,0,0,1,7,99,3,2
1.0,1,1,1350,717,35.9707,-79.0428,0,0,1,1,99,22,1
1.0,1,1,1265,717,38.7555,-76.9825,1,1,0,9,99,20,1
1.0,1,1,1200,717,38.7555,-76.9825,1,1,0,10,99,20,1
1.0,1,1,1022,717,30.3054,-97.7497,1,1,0,0,0,11,3
1.0,1,1,1018,717,33.1993,-97.1268,1,1,0,4,3,12,6
1.0,1,1,930,717,45.6208,-94.2092,1,1,0,6,0,11,3
1.0,1,1,791,717,38.5855,-90.5365,1,1,0,11,0,11,3
1.0,1,1,605,717,37.034,-88.6479,1,1,0,0,0,11,3
1.0,2,1,1705,718,30.3054,-97.7497,0,0,1,0,0,11,3
1.0,2,0,1300,718,25.6065,-80.3458,0,0,1,1,77,21,2
1.0,1,1,1269,718,39.5816,-105.0387,1,1,0,11,0,11,3
1.0,1,1,1119,718,37.4774,-77.6585,0,0,1,3,10,21,6
1.0,1,1,1065,718,32.6924,-97.1324,1,1,0,10,99,2,2
1.0,2,1,895,718,32.7025,-97.1196,1,1,0,3,4,11,6
1.0,1,1,880,718,27.9993,-82.1246,1,1,0,0,0,11,3
1.0,1,1,859,718,40.6149,-111.8816,0,0,1,4,0,11,3
1.0,1,1,805,718,36.5311,-82.5209,1,1,0,0,0,11,3
1.0,1,1,675,718,29.7714,-95.4343,1,1,0,7,0,11,3
1.0,1,1,670,718,29.7714,-95.4343,1,1,0,10,4,11,6
1.0,1,1,2190,719,47.6869,-122.1896,1,1,0,3,99,2,2
1.0,1,1,1795,719,47.6097,-122.044,1,1,0,6,4,11,6
1.0,1,1,1693,719,47.5481,-122.0471,1,1,0,8,4,11,6
1.0,1,1,1499,719,38.9986,-76.9273,0,0,1,6,99,20,1
1.0,1,1,1319,719,32.9239,-96.8765,1,1,0,8,4,11,6
1.0,1,1,1279,719,32.9239,-96.8765,1,1,0,8,0,11,3
1.0,1,0,1229,719,34.0341,-84.5061,1,1,0,6,99,4,2
1.0,1,1,1094,719,34.0341,-84.5061,1,1,0,6,99,3,2
1.0,1,1,1079,719,34.0341,-84.5061,1,1,0,6,99,3,2
1.0,1,1,1064,719,29.7398,-98.1021,0,0,1,0,4,11,6
1.0,1,1,1025,719,29.4624,-98.5253,0,0,1,5,0,11,3
1.0,2,1,969,719,30.5118,-97.6873,0,0,1,0,0,11,3
1.0,1,1,883,719,41.1378,-95.9392,1,1,0,0,0,11,3
1.0,1,1,810,719,39.8603,-85.9993,1,1,0,0,0,11,3
1.0,1,1,635,719,34.7754,-84.9497,0,0,1,0,3,12,6
1.0,1,1,3389,720,42.3739,-71.1155,1,1,0,3,99,20,1
1.0,2,1,3200,720,37.7599,-122.4379,0,0,1,1,0,11,3
1.0,2,1,2775,720,38.9118,-77.0132,0,0,1,10,0,11,3
1.0,1,1,2727,720,42.3739,-71.1155,1,1,0,9,0,11,3
1.0,1,1,2315,720,42.4816,-71.096,0,0,1,0,99,21,1
1.0,1,1,2165,720,34.1375,-118.1656,0,0,1,4,99,4,2
1.0,1,1,2100,720,44.9855,-93.3023,1,1,0,8,8,10,2
1.0,1,0,1995,720,47.6302,-122.0537,0,0,1,0,99,4,2
1.0,1,1,1990,720,40.7925,-74.0215,1,1,0,7,4,11,6
1.0,1,1,1885,720,40.7623,-74.1232,0,0,1,1,99,19,1
1.0,1,1,1832,720,40.7372,-74.3287,0,0,1,2,99,20,1
1.0,1,1,1795,720,37.9682,-122.0091,1,1,0,7,0,11,3
1.0,1,1,1795,720,38.9118,-77.0132,1,1,0,0,0,11,3
1.0,1,1,1775,720,39.905,-74.9965,0,0,1,3,99,2,2
1.0,1,1,1750,720,45.5091,-122.6449,1,0,0,0,0,11,3
1.0,1,1,1720,720,33.8183,-118.0236,0,0,1,0,0,11,3
2.0,2,1,1700,720,41.3245,-72.9194,1,1,0,0,3,12,6
1.0,2,1,1695,720,33.7815,-118.1934,0,0,1,1,99,3,2
1.0,1,1,1590,720,44.9855,-93.3023,1,1,0,10,8,10,2
1.0,1,1,1589,720,33.8726,-117.8546,0,0,1,0,0,11,3
1.0,1,1,1575,720,47.7631,-122.2901,1,1,0,3,0,11,3
1.0,1,1,1445,720,33.945,-117.4074,1,0,0,0,0,11,3
1.0,1,1,1309,720,39.6767,-104.8854,1,1,0,2,99,22,1
1.0,2,1,1250,720,39.9608,-104.8195,1,1,0,0,0,11,3
1.0,2,1,1225,720,43.0724,-89.4003,0,0,1,5,0,11,3
1.0,1,1,1225,720,39.0614,-76.8511,1,1,0,10,99,19,1
1.0,1,1,1201,720,35.823,-78.6438,1,1,0,11,0,11,3
1.0,1,1,1185,720,44.8144,-93.1655,1,1,0,11,8,10,2
1.0,1,1,1152,720,39.6828,-104.8078,1,1,0,0,0,11,3
1.0,1,1,1130,720,39.3905,-119.8071,1,1,0,2,99,21,1
1.0,2,1,1100,720,38.8647,-94.8283,1,1,0,4,0,11,3
1.0,1,1,1084,720,39.3905,-119.8071,1,1,0,2,99,21,1
1.0,1,1,1020,720,38.6274,-90.304,0,0,1,0,8,10,2
1.0,1,1,1009,720,42.7449,-83.0073,1,1,0,0,0,11,3
1.0,1,1,999,720,39.0744,-94.5521,1,1,0,5,4,11,6
1.0,1,1,986,720,36.1554,-115.1733,1,1,0,7,0,11,3
1.0,1,1,975,720,29.4624,-98.5253,0,0,1,1,0,11,3
1.0,1,1,955,720,30.5118,-97.6873,0,0,1,4,0,11,3
1.0,2,1,946,720,39.3191,-76.6126,1,1,0,1,0,11,3
1.0,1,1,919,720,30.3054,-97.7497,0,0,1,5,0,11,3
1.0,1,1,905,720,38.8562,-104.772,1,1,0,6,0,11,3
1.0,1,1,895,720,41.2562,-96.0404,1,1,0,3,0,11,3
1.0,1,1,895,720,38.8562,-104.772,1,1,0,0,0,11,3
1.0,1,1,845,720,61.1723,-149.8414,1,1,0,3,0,11,3
1.0,1,1,841,720,38.8647,-94.8283,1,1,0,3,0,11,3
1.0,2,1,835,720,44.0763,-103.2121,1,1,0,4,0,11,3
1.0,2,1,835,720,44.0763,-103.2121,1,1,0,4,21,0,3
1.0,1,1,825,720,41.2562,-96.0404,1,1,0,0,3,12,6
1.0,2,1,795,720,41.9879,-91.6737,1,1,0,7,0,11,3
1.0,1,1,790,720,38.9259,-94.6916,1,0,0,9,0,11,3
1.0,2,1,650,720,42.0191,-93.4512,1,1,0,0,3,12,6
1.0,2,1,620,720,43.006,-84.0666,0,0,1,0,0,11,3
1.0,1,1,600,720,26.19,-97.7023,1,1,0,0,0,11,3
1.0,1,1,599,720,37.8211,-92.1868,0,0,1,0,3,12,6
1.0,1,1,2850,721,34.4312,-119.7292,1,1,0,0,3,12,6
1.0,3,0,1995,721,47.6302,-122.0537,0,0,1,0,99,4,2
1.0,1,1,1440,721,47.4608,-122.2095,1,1,0,13,99,4,2
1.0,1,1,1260,721,45.2414,-122.6766,1,1,0,12,0,11,3
1.0,1,1,1029,721,29.4624,-98.5253,0,0,1,1,4,11,6
1.0,1,1,915,721,29.4624,-98.5253,0,0,1,0,4,11,6
1.0,1,1,841,721,38.6274,-90.304,1,1,0,8,4,11,6
1.0,1,1,2795,722,37.7904,-122.2151,1,1,0,0,3,12,6
1.0,1,1,1814,722,41.8625,-87.6825,1,1,0,5,0,11,3
1.0,1,1,1500,722,45.0702,-92.9529,1,1,0,7,4,11,6
1.0,1,1,1445,722,28.5163,-81.3644,1,1,0,4,0,11,3
1.0,1,1,1400,722,40.4841,-74.4526,0,0,1,0,0,11,3
1.0,2,1,1195,722,43.0724,-89.4003,0,0,1,1,4,11,6
1.0,1,1,1165,722,39.6828,-104.8078,1,1,0,11,0,11,3
1.0,1,1,1039,722,29.7714,-95.4343,1,1,0,2,0,11,3
1.0,1,1,985,722,39.3446,-84.3143,0,0,1,4,99,23,1
1.0,1,1,950,722,29.6015,-95.6306,0,0,1,6,0,11,3
1.0,1,1,950,722,27.8689,-97.2057,1,1,0,8,0,11,3
1.0,1,1,940,722,29.7398,-98.1021,0,0,1,0,4,11,6
1.0,1,1,928,722,32.8582,-97.2357,1,1,0,0,0,11,3
1.0,1,1,910,722,29.4624,-98.5253,0,0,1,1,4,11,6
1.0,1,1,855,722,45.5509,-94.1725,0,0,1,10,0,11,3
1.0,1,1,828,722,35.1872,-101.8587,1,1,0,0,0,11,3
1.0,1,1,795,722,40.4261,-79.7631,0,0,1,0,99,4,2
1.0,1,1,769,722,35.9695,-83.981,1,1,0,9,0,11,3
1.0,1,1,3528,723,37.552,-122.306,0,0,1,0,0,11,3
1.0,1,0,3027,723,40.722,-74.0644,1,1,0,2,99,4,2
1.0,1,1,2280,723,38.9348,-77.059,1,1,0,0,0,20,2
1.0,1,1,1677,723,34.1873,-119.1738,0,0,1,0,0,11,3
1.0,1,1,1587,723,38.9171,-76.8839,1,1,0,8,0,11,3
1.0,1,1,1212,723,32.8212,-96.7853,1,1,0,9,0,11,3
1.0,1,1,1149,723,36.116,-95.9281,1,1,0,0,0,11,3
1.0,1,1,945,723,32.7583,-97.088,0,0,1,4,99,2,2
1.0,1,1,940,723,29.4624,-98.5253,0,0,1,1,0,11,3
1.0,1,1,835,723,48.2469,-101.3017,1,1,0,0,0,11,3
1.0,1,1,800,723,42.7411,-87.8273,1,0,0,6,0,11,3
1.0,1,1,715,723,43.5329,-96.7265,1,0,0,8,0,11,3
1.0,1,1,2500,724,30.3054,-97.7497,1,1,0,6,0,11,3
1.0,1,1,1759,724,47.6124,-122.1427,1,1,0,10,99,0,2
1.0,1,1,1425,724,39.9918,-74.8073,0,0,1,7,99,3,2
1.0,1,1,1220,724,36.116,-95.9281,1,1,0,3,0,11,3
1.0,1,1,1205,724,33.6895,-116.9659,1,0,0,0,0,11,3
1.0,1,1,1045,724,35.3808,-81.3768,0,0,1,4,99,4,2
1.0,1,1,900,724,29.2828,-94.8253,1,1,0,0,3,12,6
1.0,1,1,825,724,40.0054,-75.1415,1,1,0,5,4,11,6
1.0,2,1,640,724,39.0685,-84.4725,0,0,1,2,6,21,3
1.0,1,1,2319,725,33.7696,-118.1926,0,0,1,2,99,3,2
1.0,1,1,2195,725,34.0372,-118.2972,1,1,0,0,16,11,1
1.0,1,1,2135,725,34.1056,-118.3668,1,0,0,13,99,21,1
1.0,2,1,1675,725,40.0054,-75.1415,1,1,0,0,0,11,3
1.0,1,1,1650,725,34.1656,-118.3916,1,0,0,0,0,11,3
1.0,1,1,1650,725,44.9368,-93.3605,1,1,0,7,4,11,6
1.0,1,1,1625,725,42.1246,-71.1089,1,1,0,6,99,18,1
1.0,1,1,1565,725,38.9524,-77.3439,1,1,0,0,0,11,3
1.0,1,1,1550,725,39.0017,-77.0353,0,0,1,5,99,1,2
1.0,1,1,1544,725,30.3054,-97.7497,0,0,1,3,0,11,3
1.0,1,1,1501,725,39.2144,-76.8797,0,0,1,0,99,2,2
1.0,1,1,1438,725,40.6277,-74.4334,0,0,1,0,99,1,2
1.0,1,1,1365,725,47.7921,-122.3045,1,0,0,2,0,11,3
1.0,1,1,1275,725,47.3866,-122.2109,0,0,1,4,99,2,2
1.0,1,1,1270,725,42.9833,-71.4574,1,1,0,10,0,11,3
1.0,2,1,1270,725,40.1657,-105.1365,0,0,1,3,99,23,1
1.0,1,1,1240,725,42.9833,-71.4574,1,1,0,7,99,2,2
1.0,1,1,1200,725,44.8338,-93.3197,1,0,0,12,8,10,2
1.0,2,1,1200,725,40.6498,-111.9625,0,0,1,4,13,21,3
1.0,1,1,1170,725,33.5783,-111.8902,1,1,0,2,0,11,3
1.0,1,1,1100,725,45.0317,-93.3587,1,0,0,0,0,11,3
1.0,1,1,1049,725,30.6505,-97.6809,0,0,1,3,0,11,3
1.0,1,1,1015,725,35.7876,-78.781,1,1,0,11,99,22,1
1.0,1,0,993,725,33.9222,-84.0725,0,0,1,0,99,3,2
1.0,1,1,975,725,32.91,-97.5572,0,0,1,3,99,3,2
1.0,2,1,970,725,39.1471,-86.5136,0,0,1,7,0,11,3
1.0,1,1,945,725,32.91,-97.5572,0,0,1,3,99,3,2
1.0,1,1,932,725,29.5521,-95.307,1,1,0,0,0,11,3
1.0,1,1,930,725,32.7767,-97.0816,1,1,0,5,99,1,2
1.0,1,1,865,725,32.878,-96.7511,1,1,0,2,99,21,1
1.0,1,1,835,725,29.4624,-98.5253,0,0,1,1,4,11,6
1.0,1,1,825,725,30.3054,-97.7497,0,0,1,3,0,11,3
1.0,1,1,820,725,30.3054,-97.7497,0,0,1,0,0,11,3
1.5,2,1,800,725,33.8994,-98.528,0,0,1,3,10,21,6
1.0,1,1,796,725,41.1155,-87.8588,1,1,0,7,0,11,3
1.0,1,1,795,725,39.3754,-76.8054,1,1,0,9,99,4,2
1.5,2,1,775,725,33.8994,-98.528,0,0,1,1,13,21,3
1.0,1,1,765,725,29.4624,-98.5253,1,1,0,0,0,11,3
1.0,1,1,735,725,41.2562,-96.0404,1,1,0,0,0,11,3
1.0,1,1,725,725,32.7693,-96.6848,0,0,1,4,99,20,1
1.0,1,1,715,725,41.2562,-96.0404,1,1,0,0,0,11,3
1.0,1,1,685,725,39.2115,-96.3172,1,1,0,6,0,11,3
1.0,1,1,1653,726,47.4608,-122.2095,1,1,0,7,99,4,2
1.0,1,1,1339,726,30.4973,-97.8276,0,0,1,5,0,11,3
1.0,1,1,1199,726,35.2016,-80.8124,1,1,0,0,0,11,3
1.0,1,1,740,726,36.116,-95.9281,1,1,0,4,0,11,3
1.0,2,1,705,726,41.3963,-81.8343,0,0,1,0,99,21,1
1.0,1,1,2677,727,30.3054,-97.7497,1,1,0,4,0,11,3
1.0,1,0,2235,727,34.1428,-117.9996,0,0,1,1,99,4,2
1.0,1,1,1660,727,33.7848,-84.3922,1,1,0,6,0,11,3
1.0,1,1,1355,727,36.8532,-76.2902,1,1,0,0,99,21,1
1.0,1,1,1130,727,38.9993,-76.975,1,1,0,2,0,11,3
1.0,1,1,1003,727,42.4761,-83.4802,1,1,0,10,0,11,3
1.0,1,1,830,727,33.7147,-84.1355,1,1,0,0,0,11,3
1.0,1,1,815,727,30.4601,-84.2714,1,1,0,6,0,11,3
1.0,1,1,795,727,42.9112,-78.8171,1,1,0,5,0,11,3
1.0,2,1,761,727,29.9756,-90.0573,0,0,1,2,0,11,3
1.0,1,1,670,727,39.0744,-94.5521,1,1,0,0,0,11,3
1.0,1,1,1930,728,34.1175,-117.7702,0,0,1,0,4,11,6
1.0,1,1,1730,728,44.9368,-93.3605,1,1,0,3,8,10,2
1.0,2,1,1375,728,42.9367,-72.2863,1,1,0,0,99,2,2
1.0,1,1,1290,728,40.7061,-111.9048,1,1,0,11,0,11,3
1.0,2,1,1260,728,41.6899,-71.5926,1,1,0,13,4,11,6
1.0,1,1,1100,728,34.1334,-117.292,0,0,1,1,8,21,1
1.0,1,1,1020,728,36.0198,-115.1504,0,0,1,2,99,18,1
1.0,1,1,1010,728,36.0198,-115.1504,0,0,1,2,99,18,1
1.0,1,1,995,728,45.0893,-93.031,1,0,0,7,4,11,6
1.0,1,1,960,728,61.1723,-149.8414,1,1,0,2,0,11,3
1.0,1,1,930,728,42.6808,-89.0286,1,1,0,12,0,11,3
1.0,1,1,815,728,30.3054,-97.7497,0,0,1,3,0,11,3
1.0,2,1,2095,729,47.616,-122.3275,1,1,0,0,0,11,3
1.0,1,1,1828,729,47.6829,-122.1209,0,0,1,2,99,3,2
1.0,1,1,1733,729,30.3054,-97.7497,1,1,0,6,0,11,3
1.0,1,1,1069,729,30.3054,-97.7497,0,0,1,7,0,11,3
1.0,1,1,904,729,29.6015,-95.6306,1,1,0,2,0,11,3
1.0,1,1,890,729,29.7714,-95.4343,0,0,1,12,4,11,6
1.0,1,1,885,729,45.5638,-93.2282,0,0,1,3,3,12,6
1.0,1,1,1989,730,40.3663,-74.6688,0,0,1,1,99,4,2
1.0,1,1,1812,730,40.3663,-74.6688,0,0,1,1,99,4,2
1.0,1,1,1525,730,39.9533,-75.0706,1,1,0,0,0,11,3
1.0,1,1,1325,730,40.4448,-79.9725,0,0,1,5,19,13,4
1.0,1,1,1298,730,45.4851,-122.8349,1,1,0,6,0,11,3
1.0,1,1,1245,730,41.3708,-72.9259,0,0,1,0,0,11,3
1.0,1,1,1190,730,39.9539,-74.9955,1,0,0,0,0,11,3
1.0,2,1,1108,730,41.3498,-72.1062,0,0,1,4,99,4,2
1.0,1,1,1089,730,28.5163,-81.3644,1,1,0,3,0,11,3
1.0,1,1,1050,730,30.5118,-97.6873,0,0,1,2,0,11,3
1.0,1,1,1025,730,40.6811,-111.9962,1,1,0,9,0,11,3
1.0,1,1,998,730,39.3191,-76.6126,0,0,1,0,0,11,3
1.0,2,1,998,730,41.3498,-72.1062,0,0,1,4,99,4,2
1.0,2,1,998,730,41.3498,-72.1062,0,0,1,4,99,4,2
1.0,1,1,950,730,45.0794,-93.1872,1,1,0,7,4,11,6
1.0,1,1,928,730,29.4624,-98.5253,0,0,1,0,0,11,3
1.0,1,1,900,730,38.6274,-90.304,1,1,0,5,0,11,3
1.0,1,1,729,730,39.2593,-94.571,0,0,1,0,3,12,6
1.0,1,1,714,730,29.6015,-95.6306,1,1,0,9,4,11,6
1.0,1,1,690,730,41.2562,-96.0404,1,1,0,6,0,11,3
1.0,1,1,630,730,37.9906,-87.5563,1,1,0,4,0,11,3
1.0,1,1,595,730,39.0375,-95.7052,1,1,0,0,8,11,2
2.0,2,1,2050,731,21.4476,-158.0221,0,0,1,0,0,11,3
1.0,1,1,1964,731,30.3054,-97.7497,1,1,0,6,0,11,3
1.0,2,1,1800,731,38.0172,-84.4931,1,1,0,11,0,11,3
1.0,1,1,1305,731,29.7714,-95.4343,1,1,0,11,0,11,3
1.0,1,1,1305,731,30.3054,-97.7497,1,1,0,0,0,11,3
1.0,1,1,1040,731,33.5178,-112.0848,1,1,0,4,0,11,3
1.0,1,1,809,731,43.8294,-111.7828,1,1,0,0,0,11,3
1.0,1,1,510,731,39.76,-94.8272,1,1,0,9,0,11,3
1.0,1,1,3295,732,37.7599,-122.4379,1,1,0,1,0,11,3
1.0,1,1,2264,732,41.0155,-73.6756,1,1,0,1,0,11,3
1.0,1,1,1875,732,47.5988,-122.1507,1,1,0,5,0,11,3
1.0,2,1,1695,732,47.616,-122.3275,1,1,0,0,4,12,6
1.5,2,1,1599,732,45.5091,-122.6449,1,1,0,0,0,11,3
1.0,1,1,1595,732,33.9383,-118.1327,1,1,0,0,0,11,3
1.0,1,1,1535,732,40.2206,-74.7174,0,0,1,2,99,4,2
1.0,1,1,1260,732,39.0614,-76.8511,1,1,0,12,99,19,1
1.0,1,1,1180,732,39.0614,-76.8511,1,1,0,12,99,19,1
1.0,1,1,1115,732,32.8162,-96.8887,0,0,1,1,99,19,1
1.0,1,1,1100,732,30.6554,-91.1346,0,0,1,0,0,21,2
1.0,1,1,2249,733,34.1375,-118.1656,0,0,1,3,99,4,2
1.0,1,1,2175,733,40.7434,-74.1521,1,1,0,7,99,18,1
1.0,1,1,1912,733,38.9348,-77.059,0,0,1,0,0,20,2
1.0,1,1,1511,733,25.7603,-80.3005,1,1,0,5,0,11,3
1.0,1,1,1450,733,35.9907,-78.9074,1,1,0,13,4,11,6
1.0,1,1,1390,733,40.7061,-111.9048,1,1,0,9,0,11,3
1.0,2,1,1340,733,43.2523,-70.8736,0,0,1,4,99,2,2
1.0,1,1,1096,733,30.5118,-97.6873,0,0,1,5,0,11,3
1.0,1,1,830,733,41.4669,-93.6878,1,1,0,8,0,11,3
1.0,1,1,1404,734,39.2031,-76.7531,1,1,0,6,99,3,2
1.0,1,1,1400,734,30.3054,-97.7497,0,0,1,8,0,11,3
1.0,1,1,1039,734,33.0476,-96.7467,1,1,0,14,0,11,3
1.0,1,1,929,734,43.5329,-96.7265,1,1,0,3,16,11,1
1.0,1,1,917,734,29.4624,-98.5253,0,0,1,1,4,11,6
1.0,1,1,885,734,28.3173,-82.6935,1,1,0,5,0,11,3
1.0,1,1,781,734,42.2837,-85.5793,1,1,0,9,0,11,3
1.0,1,1,750,734,42.9373,-112.4885,1,1,0,0,0,11,3
1.0,1,1,744,734,44.0763,-103.2121,1,1,0,10,0,11,3
1.0,1,1,703,734,39.2129,-85.9099,1,1,0,4,0,11,3
1.0,1,1,2689,735,33.955,-118.3967,0,0,1,3,99,21,1
1.0,1,1,2412,735,42.3968,-71.0342,1,1,0,3,99,21,1
1.0,2,0,2350,735,34.2931,-119.2941,0,0,1,2,0,22,2
1.0,1,1,1719,735,38.8738,-77.1055,1,1,0,4,0,11,3
1.0,1,1,1595,735,33.7815,-118.1934,0,0,1,0,99,3,2
2.0,2,1,1568,735,44.041,-123.1254,0,0,1,8,0,11,3
1.0,1,1,1540,735,33.8005,-117.997,0,0,1,0,0,11,3
1.0,1,1,1495,735,33.8323,-117.9079,0,0,1,0,4,11,6
1.0,1,1,1429,735,47.6146,-122.1684,0,0,1,2,99,0,2
1.0,2,1,1294,735,38.7999,-77.1072,1,1,0,3,0,11,3
1.0,1,1,1172,735,34.2088,-84.1351,0,0,1,1,99,1,2
1.0,2,1,1160,735,40.1145,-88.2723,0,0,1,4,0,11,3
1.0,1,1,1138,735,36.0001,-86.7912,1,1,0,4,0,11,3
2.0,1,1,1125,735,37.2312,-80.4159,1,1,0,12,0,11,3
1.0,1,1,1007,735,38.9163,-94.3719,1,1,0,9,0,11,3
1.0,1,1,950,735,29.7398,-98.1021,0,0,1,5,4,11,6
1.0,1,1,860,735,29.7714,-95.4343,1,1,0,3,0,11,3
1.0,1,1,855,735,41.6828,-93.7077,1,1,0,10,0,11,3
1.0,1,1,767,735,40.047,-86.1379,1,1,0,9,0,11,3
1.0,1,1,1595,736,47.8304,-122.3456,1,1,0,2,0,11,3
1.0,1,1,1520,736,32.0057,-102.1036,1,1,0,1,0,11,3
1.0,1,1,1285,736,47.3071,-122.3404,1,1,0,2,0,11,3
1.0,1,1,1101,736,29.7528,-95.4976,1,1,0,2,0,11,3
1.0,1,1,1094,736,29.4624,-98.5253,0,0,1,0,4,11,6
1.0,1,1,980,736,37.1275,-76.5219,1,1,0,4,99,21,1
1.0,2,1,1832,737,30.3054,-97.7497,0,0,1,4,0,11,3
1.0,1,1,1795,737,38.8488,-77.3296,1,1,0,2,0,11,3
1.0,1,1,1585,737,32.0057,-102.1036,1,1,0,11,0,11,3
1.0,1,1,1155,737,29.7714,-95.4343,1,1,0,2,0,11,3
1.0,1,1,925,737,39.0744,-94.5521,0,0,1,5,4,11,6
1.0,1,1,795,737,29.4624,-98.5253,1,1,0,0,0,11,3
1.0,1,1,695,737,42.4869,-92.3426,1,0,0,0,3,12,6
1.0,1,1,1926,738,38.8738,-77.1055,1,1,0,4,0,11,3
1.0,1,1,1708,738,33.7767,-117.9537,0,0,1,0,3,12,6
1.0,1,1,1668,738,39.644,-104.9026,0,0,1,4,99,21,1
1.0,1,1,1649,738,28.0076,-82.4792,1,1,0,3,0,11,3
1.0,1,1,1445,738,30.3054,-97.7497,1,1,0,0,8,11,2
1.0,1,1,1325,738,43.6846,-70.3559,1,1,0,1,99,18,1
1.0,1,1,1204,738,35.8079,-78.6466,0,0,1,3,99,2,2
1.0,1,1,985,738,38.8516,-76.8871,1,1,0,8,99,21,1
1.0,1,1,700,738,43.5329,-96.7265,1,1,0,7,0,11,3
1.0,1,1,3895,739,37.7599,-122.4379,0,0,1,2,0,11,3
1.0,1,1,2175,739,40.789,-74.0122,0,0,1,4,99,2,2
1.0,1,1,1792,739,47.5311,-122.0679,1,1,0,4,99,1,2
1.0,1,1,1700,739,42.9442,-71.5194,0,0,1,8,99,2,2
1.0,1,1,1480,739,39.7025,-104.9311,1,1,0,11,4,11,6
1.0,1,1,1450,739,44.9368,-93.3605,1,1,0,3,8,10,2
1.0,1,1,1240,739,39.4049,-76.5929,1,1,0,7,0,11,3
1.0,1,1,1220,739,33.3423,-111.7755,1,1,0,2,0,11,3
1.0,1,1,1195,739,36.0698,-119.02,1,1,0,8,0,11,3
1.0,1,1,771,739,43.5329,-96.7265,1,1,0,0,0,11,3
1.0,1,1,3869,740,37.7599,-122.4379,0,0,1,3,0,11,3
1.0,1,1,2195,740,42.3895,-71.1039,1,1,0,4,0,11,3
1.0,3,1,2038,740,38.8738,-77.1055,1,1,0,5,0,11,3
1.0,0,1,1979,740,38.8571,-77.0609,1,1,0,0,0,20,2
1.0,1,1,1929,740,38.3622,-121.9712,1,1,0,1,0,11,3
1.0,1,1,1725,740,47.8616,-122.2729,0,0,1,3,99,4,2
1.0,1,1,1610,740,34.2106,-118.6151,1,1,0,3,0,11,3
1.0,1,1,1500,740,47.7179,-122.2059,1,0,0,4,99,3,2
1.0,1,1,1461,740,30.2989,-97.7079,0,0,1,3,0,11,3
1.0,1,1,1420,740,43.0531,-87.9659,1,1,0,5,0,11,3
1.0,1,1,1400,740,47.7179,-122.2059,0,0,1,4,99,3,2
1.0,1,1,1345,740,39.6767,-104.8854,0,0,1,2,99,22,1
1.0,1,1,1190,740,33.5178,-112.0848,1,1,0,0,0,11,3
1.0,1,1,1168,740,32.9631,-96.7212,1,1,0,0,0,11,3
1.0,1,1,1145,740,38.8562,-104.772,1,1,0,12,0,11,3
1.0,1,1,1100,740,30.3054,-97.7497,1,1,0,3,3,12,6
1.0,1,1,1095,740,41.2562,-96.0404,1,1,0,0,0,11,3
1.0,1,1,1060,740,41.7588,-72.6148,0,0,1,6,99,4,2
1.0,1,1,1020,740,33.6047,-112.2456,1,1,0,2,0,11,3
1.0,2,1,1015,740,47.0012,-120.5424,0,0,1,0,0,11,3
1.0,1,1,1015,740,41.7588,-72.6148,0,0,1,6,99,4,2
1.0,2,1,1012,740,41.3498,-72.1062,1,1,0,4,99,4,2
1.0,2,1,982,740,41.3498,-72.1062,1,1,0,4,99,4,2
1.0,1,1,960,740,41.7588,-72.6148,0,0,1,6,99,4,2
1.0,1,1,955,740,41.7588,-72.6148,0,0,1,6,99,4,2
1.0,1,1,945,740,41.7588,-72.6148,0,0,1,6,99,4,2
1.0,1,1,760,740,38.9259,-94.6916,1,1,0,8,0,11,3
1.0,2,1,735,740,41.5927,-93.6276,1,1,0,6,0,11,3
1.0,2,1,715,740,38.9163,-94.3719,1,1,0,6,0,11,3
1.0,1,1,690,740,45.5509,-94.1725,1,0,0,0,0,11,3
1.0,1,1,1686,741,47.5311,-122.0679,1,1,0,6,99,1,2
1.0,1,1,1627,741,38.8488,-77.3296,1,1,0,1,0,11,3
1.0,1,1,1392,741,47.8616,-122.2729,0,0,1,7,99,4,2
1.0,1,1,1325,741,47.9338,-122.2052,1,1,0,4,0,11,3
1.0,1,1,1273,741,38.9597,-76.8553,1,1,0,7,0,11,3
1.0,1,1,1146,741,33.1598,-96.8097,1,1,0,5,0,11,3
1.0,1,1,1110,741,39.4915,-76.6609,0,0,1,2,99,1,2
1.0,1,1,865,741,30.3054,-97.7497,1,1,0,0,0,11,3
1.0,1,1,3160,742,42.328,-71.071,0,0,1,10,99,20,1
1.0,1,1,2295,742,34.1881,-118.3905,1,1,0,0,3,12,6
1.0,1,1,1600,742,42.5014,-71.069,0,0,1,0,0,11,3
1.0,1,1,1440,742,41.8625,-87.6825,1,1,0,1,4,11,6
1.0,1,1,1295,742,44.9368,-93.3605,1,0,0,6,8,10,2
1.0,1,1,1199,742,32.8261,-96.7472,0,0,1,1,99,20,1
1.0,1,1,1195,742,28.9673,-98.4878,1,1,0,0,12,11,5
1.0,1,1,1147,742,35.4569,-79.0546,1,1,0,1,99,21,1
1.0,2,1,1060,742,40.1145,-88.2723,0,0,1,7,0,11,3
1.0,1,1,990,742,35.7488,-78.6369,1,1,0,3,99,2,2
1.0,1,1,820,742,41.5835,-93.7597,1,1,0,7,0,11,3
1.0,1,1,771,742,43.5329,-96.7265,1,1,0,0,3,12,6
1.0,1,1,735,742,38.9329,-94.7538,1,1,0,0,0,11,3
1.0,1,1,1710,743,43.0531,-87.9659,1,1,0,9,8,10,2
1.0,1,1,1545,743,29.7714,-95.4343,1,1,0,10,0,11,3
1.0,1,1,1543,743,32.7809,-96.8035,0,0,1,0,99,18,1
1.0,2,1,1215,743,39.9071,-75.0838,1,1,0,9,99,3,2
1.0,1,1,1140,743,30.3054,-97.7497,0,0,1,2,0,11,3
1.0,1,1,901,743,32.5183,-93.6905,1,1,0,0,0,11,3
1.0,1,1,775,743,43.0531,-87.9659,0,0,1,3,4,11,6
1.0,1,1,1815,744,40.9151,-74.6004,0,0,1,3,99,1,2
1.0,1,1,1625,744,39.1649,-76.7156,1,1,0,0,0,20,2
1.0,1,1,1465,744,43.0531,-87.9659,1,1,0,10,4,11,6
1.0,2,1,1399,744,45.6558,-122.5888,1,1,0,0,0,11,3
1.0,1,1,1300,744,44.8653,-93.4749,1,1,0,9,4,11,6
1.0,1,1,1287,744,37.5173,-77.5044,0,0,1,7,99,18,1
1.0,2,1,1280,744,40.4448,-79.9725,1,0,0,0,0,11,3
1.0,1,1,1268,744,42.2711,-83.745,1,1,0,13,0,11,3
1.0,1,1,1263,744,41.8625,-87.6825,1,1,0,2,0,11,3
1.0,1,1,1223,744,41.704,-88.0736,1,1,0,6,0,11,3
1.0,1,1,1197,744,29.7714,-95.4343,1,1,0,2,0,11,3
1.0,1,1,1187,744,30.3054,-97.7497,0,0,1,5,0,11,3
1.0,2,1,833,744,39.3191,-76.6126,1,1,0,0,0,11,3
1.0,1,1,784,744,35.471,-97.5299,1,1,0,5,0,11,3
1.0,1,1,2298,745,40.9805,-73.7232,1,1,0,0,8,11,2
1.0,1,1,2055,745,40.7925,-74.0215,1,1,0,4,99,1,2
1.0,2,1,1910,745,40.0213,-105.2552,1,1,0,8,0,11,3
1.0,2,1,1559,745,43.1857,-70.9136,0,0,1,0,99,2,2
1.0,1,1,1510,745,41.8625,-87.6825,1,1,0,6,0,11,3
1.0,1,1,1495,745,39.057,-84.5344,1,1,0,8,0,11,3
1.0,1,1,1435,745,39.9194,-75.4205,0,0,1,0,0,11,3
1.0,1,1,1035,745,40.7061,-111.9048,1,1,0,4,0,11,3
1.0,2,1,1030,745,33.9481,-83.3788,1,1,0,9,0,11,3
1.0,1,1,950,745,34.7264,-92.348,1,1,0,7,0,11,3
1.0,1,1,950,745,33.9295,-84.4662,1,1,0,6,99,4,2
1.0,1,1,925,745,32.8255,-97.1039,1,1,0,12,99,4,2
1.0,1,1,864,745,32.8239,-96.681,1,1,0,8,99,21,1
1.0,1,1,685,745,38.0335,-84.4573,1,1,0,0,0,11,3
1.0,1,1,675,745,37.1892,-93.2908,1,1,0,10,0,11,3
1.0,1,1,663,745,30.1481,-94.0093,1,1,0,7,0,11,3
1.0,1,1,1665,746,44.9368,-93.3605,1,1,0,4,0,11,3
1.0,1,1,1115,746,33.5178,-112.0848,1,1,0,3,0,11,3
1.0,1,1,996,746,32.6924,-97.1324,1,1,0,13,99,2,2
1.0,1,1,700,746,40.0054,-75.1415,1,1,0,0,4,11,6
1.0,1,1,3000,747,38.9118,-77.0132,0,0,1,0,0,11,3
1.0,1,1,2200,747,40.7061,-111.9048,0,0,1,4,0,11,3
1.0,1,1,1576,747,32.8212,-96.7853,1,0,0,0,0,11,3
1.0,1,1,1520,747,44.9368,-93.3605,1,1,0,9,0,11,3
1.0,1,1,1344,747,42.3882,-83.1122,0,0,1,0,0,11,3
1.0,1,1,1325,747,39.0453,-77.0215,1,1,0,9,0,11,3
1.0,1,1,1125,747,26.5761,-81.8644,1,1,0,7,0,11,3
1.0,1,1,1049,747,35.9897,-115.2117,0,0,1,3,99,19,1
1.0,1,1,1014,747,30.3054,-97.7497,0,0,1,3,0,11,3
1.0,1,1,820,747,29.4624,-98.5253,0,0,1,7,4,11,6
1.0,1,1,795,747,41.0405,-83.6441,1,1,0,3,99,3,2
1.0,1,1,2850,748,47.6829,-122.1209,1,1,0,2,99,3,2
1.0,1,0,2791,748,34.1659,-118.1629,0,0,1,1,99,4,2
1.0,1,1,2488,748,40.722,-74.0644,0,0,1,4,99,3,2
1.0,1,1,2357,748,37.9682,-122.0091,1,1,0,4,0,11,3
1.0,1,1,2155,748,40.789,-74.0122,1,1,0,3,99,2,2
1.0,1,1,1905,748,47.6869,-122.1896,0,0,1,5,99,2,2
1.0,1,1,1849,748,39.1088,-77.2384,0,0,1,8,99,0,2
1.0,1,1,1849,748,39.1088,-77.2384,0,0,1,8,99,0,2
1.0,1,1,1537,748,32.8113,-79.9947,1,1,0,2,0,11,3
1.0,1,0,1501,748,47.3907,-122.2626,0,0,1,0,99,2,2
1.0,1,1,1501,748,47.3907,-122.2626,0,0,1,0,99,2,2
1.0,1,1,1501,748,47.3907,-122.2626,0,0,1,0,99,2,2
1.0,1,1,1501,748,47.3907,-122.2626,0,0,1,0,99,2,2
1.0,1,1,1184,748,29.4624,-98.5253,0,0,1,1,4,11,6
1.0,1,1,1050,748,39.9974,-82.9829,1,1,0,10,0,11,3
1.0,1,1,888,748,41.3138,-81.7454,0,0,1,6,99,21,1
1.0,1,1,739,748,32.8239,-96.681,1,1,0,8,99,21,1
1.0,2,1,700,748,41.5927,-93.6276,1,1,0,10,0,11,3
1.0,1,1,600,748,30.0819,-93.7581,0,0,1,8,0,11,3
1.0,1,1,590,748,34.4637,-93.0653,1,1,0,8,0,11,3
1.0,2,1,2450,749,37.5444,-121.982,0,0,1,0,3,12,6
1.0,1,1,1490,749,41.7773,-72.5249,1,1,0,9,0,11,3
1.0,1,1,1430,749,43.1153,-89.5249,1,1,0,11,8,10,2
1.0,1,1,1339,749,29.7777,-95.3914,1,1,0,2,0,11,3
1.0,1,1,1300,749,27.0717,-82.3833,1,1,0,7,0,11,3
1.0,1,1,975,749,41.6776,-85.9695,1,1,0,8,0,11,3
1.0,1,1,3825,750,40.7247,-73.9545,1,1,0,0,0,11,3
1.0,1,1,3800,750,34.063,-118.4363,1,0,0,5,99,19,1
1.0,1,1,3440,750,37.7599,-122.4379,0,0,1,0,0,11,3
1.0,1,1,2600,750,33.6954,-118.0013,1,1,0,0,0,11,3
1.0,1,1,2595,750,33.955,-118.3967,1,0,0,5,99,21,1
1.0,1,1,2500,750,34.0231,-118.4811,0,0,1,0,0,11,3
1.0,2,1,2500,750,37.3108,-121.8645,0,0,1,9,0,11,3
1.0,1,1,2350,750,34.0372,-118.2972,1,0,0,0,16,11,1
1.0,1,1,2300,750,37.8726,-122.2707,0,0,1,0,0,11,3
1.0,1,1,2230,750,42.4616,-71.2644,1,1,0,3,0,11,3
1.0,2,1,2150,750,33.8363,-118.333,0,0,1,0,0,11,3
1.0,1,1,2150,750,34.0372,-118.2972,1,1,0,0,0,11,3
1.0,1,1,2000,750,39.2982,-76.614,1,0,0,7,4,11,6
1.0,1,1,1995,750,34.0372,-118.2972,1,1,0,0,0,11,3
1.0,1,1,1895,750,41.8625,-87.6825,1,1,0,0,3,12,6
1.0,1,1,1895,750,34.1474,-118.1391,0,0,1,7,99,4,2
1.0,1,1,1860,750,39.7673,-105.0151,1,1,0,4,99,18,1
1.0,1,1,1847,750,30.3054,-97.7497,1,1,0,4,3,12,6
1.0,1,1,1825,750,33.9531,-118.3454,0,0,1,1,22,0,2
1.0,2,1,1800,750,45.5091,-122.6449,1,0,0,0,0,11,3
1.0,1,1,1800,750,39.3191,-76.6126,1,0,0,8,4,11,6
1.0,1,0,1750,750,38.8863,-77.0977,1,1,0,0,77,20,2
1.0,1,1,1743,750,41.0025,-74.0303,0,0,1,2,99,0,2
2.0,2,1,1738,750,30.4415,-91.1012,1,0,0,0,0,11,3
1.0,1,1,1708,750,47.6146,-122.1684,0,0,1,8,99,0,2
1.0,1,1,1700,750,40.5437,-74.66,0,0,1,0,0,11,3
1.0,2,1,1695,750,33.818,-118.2233,0,0,1,1,99,3,2
1.0,2,1,1675,750,32.7876,-117.1265,0,0,1,0,0,11,3
1.0,3,1,1650,750,41.8625,-87.6825,1,1,0,0,0,11,3
1.0,1,1,1649,750,28.0076,-82.4792,1,1,0,2,0,11,3
1.0,1,1,1645,750,47.7424,-122.6326,1,1,0,5,0,11,3
1.0,1,1,1610,750,33.8569,-118.0019,0,0,1,0,0,11,3
1.0,1,1,1606,750,33.8323,-117.9079,0,0,1,0,0,11,3
1.0,3,1,1595,750,43.0724,-89.4003,0,0,1,2,4,11,6
1.0,1,1,1555,750,33.941,-117.9544,0,0,1,0,0,11,3
1.0,1,1,1550,750,33.843,-118.0073,0,0,1,2,99,1,2
1.0,1,1,1530,750,39.2081,-76.661,1,1,0,2,99,3,2
1.0,1,1,1525,750,33.8323,-117.9079,0,0,1,0,0,11,3
1.0,1,1,1500,750,44.9855,-93.3023,1,1,0,11,4,11,6
1.0,1,1,1475,750,43.0724,-89.4003,1,1,0,11,4,11,6
1.0,1,1,1475,750,44.9,-93.3233,1,1,0,8,8,10,2
1.0,1,1,1470,750,33.8323,-117.9079,0,0,1,0,0,11,3
1.0,1,1,1421,750,39.736,-104.9819,1,1,0,7,0,11,3
1.0,1,1,1400,750,44.9235,-93.4704,0,1,0,3,0,11,3
1.0,1,1,1397,750,39.6821,-104.8846,0,0,1,3,99,20,1
1.0,3,1,1395,750,40.4969,-86.9659,0,0,1,2,0,11,3
1.0,1,1,1375,750,43.0724,-89.4003,1,1,0,6,0,11,3
1.0,1,1,1375,750,36.8532,-76.2902,1,1,0,0,99,21,1
1.0,2,1,1345,750,45.5223,-122.9416,1,1,0,0,0,11,3
1.0,1,1,1340,750,45.4157,-122.5243,1,1,0,8,0,11,3
1.0,1,1,1329,750,45.1674,-93.2328,1,1,0,8,0,11,3
1.0,1,1,1259,750,29.7714,-95.4343,1,1,0,2,0,11,3
1.0,1,1,1255,750,30.6505,-97.6809,0,0,1,0,0,11,3
1.0,1,1,1255,750,32.8212,-96.7853,1,1,0,1,0,11,3
1.0,1,1,1249,750,28.5964,-81.3237,1,1,0,5,0,11,3
1.0,1,1,1242,750,38.9606,-76.9182,0,0,1,0,99,20,1
1.0,1,1,1242,750,38.9606,-76.9182,0,0,1,0,99,20,1
1.0,2,1,1240,750,41.2562,-96.0404,0,0,1,6,0,11,3
1.0,1,1,1225,750,41.7773,-72.5249,1,1,0,2,99,3,2
1.0,1,1,1180,750,30.3054,-97.7497,0,0,1,3,0,11,3
1.0,1,1,1160,750,40.5059,-80.1869,1,1,0,0,0,11,3
1.0,1,1,1145,750,30.6505,-97.6809,0,0,1,0,0,11,3
1.0,1,1,1145,750,44.9142,-93.0954,1,0,0,9,4,11,6
1.0,2,1,1135,750,43.0531,-87.9659,1,0,0,6,4,11,6
1.0,1,1,1125,750,29.7714,-95.4343,1,1,0,0,3,12,6
1.0,2,1,1101,750,33.7848,-84.3922,1,1,0,0,0,11,3
1.0,1,1,1085,750,31.8666,-102.3901,1,1,0,9,0,11,3
1.0,1,1,1075,750,46.8608,-96.8096,0,0,1,0,0,11,3
1.0,1,1,1055,750,33.8694,-84.5196,1,1,0,4,0,11,3
2.0,1,1,1035,750,39.7025,-104.9311,0,0,1,8,99,21,1
1.0,1,1,999,750,44.9368,-93.3605,1,1,0,0,0,11,3
1.0,1,1,995,750,33.8013,-84.5965,1,1,0,4,0,11,3
1.0,1,1,989,750,36.2811,-115.3036,0,0,1,4,99,20,1
1.0,2,1,987,750,41.3498,-72.1062,0,0,1,4,99,4,2
1.0,2,1,982,750,41.3498,-72.1062,1,1,0,4,99,4,2
1.0,2,1,980,750,30.4433,-97.6282,0,0,1,5,0,11,3
1.0,1,1,969,750,45.0684,-93.3317,1,1,0,0,0,11,3
1.0,1,1,965,750,33.9222,-84.0725,0,0,1,2,99,3,2
1.0,1,1,955,750,43.0531,-87.9659,1,1,0,3,0,11,3
1.0,2,1,950,750,39.1366,-84.4337,0,0,1,5,99,0,2
1.0,1,1,950,750,41.7566,-72.689,0,0,1,0,99,4,2
1.0,1,1,930,750,36.1586,-115.0329,0,0,1,2,99,19,1
1.0,2,1,928,750,39.1793,-84.2432,1,1,0,8,0,11,3
1.0,1,1,925,750,30.3054,-97.7497,0,0,1,3,0,11,3
1.0,1,1,925,750,42.9738,-88.1107,1,0,0,8,4,11,6
1.0,2,1,922,750,45.5638,-93.2282,0,0,1,3,3,12,6
1.0,2,1,920,750,40.4969,-86.9659,0,0,1,4,0,11,3
1.0,1,1,915,750,29.7714,-95.4343,1,1,0,11,0,11,3
1.0,1,1,900,750,28.0076,-82.4792,1,1,0,8,4,11,6
1.0,2,1,900,750,39.9974,-82.9829,1,0,0,1,8,10,2
1.0,1,1,895,750,42.5067,-83.1545,0,0,1,0,3,12,6
1.0,1,1,895,750,39.0744,-108.5228,1,1,0,0,3,12,6
1.0,1,1,884,750,32.8524,-97.0886,0,0,1,6,99,3,2
1.0,1,1,880,750,35.7551,-78.7199,1,1,0,8,99,1,2
1.0,1,1,875,750,32.7416,-96.2822,1,1,0,0,0,11,3
1.0,1,1,850,750,36.8328,-76.3529,0,1,0,0,0,11,3
1.0,1,1,829,750,39.0744,-94.5521,1,1,0,7,4,11,6
1.0,1,1,820,750,39.825,-75.1322,0,0,1,3,99,3,2
1.0,2,1,818,750,31.7951,-106.3886,0,0,1,5,15,21,1
1.0,1,1,814,750,35.823,-78.6438,1,1,0,4,99,1,2
1.0,2,1,810,750,35.2016,-80.8124,0,0,1,0,0,11,3
1.0,1,1,810,750,43.0531,-87.9659,1,1,0,0,0,11,3
1.0,2,1,800,750,36.81,-76.3669,0,0,1,3,99,23,1
1.0,1,1,780,750,39.2017,-94.5884,1,1,0,8,0,11,3
1.0,1,1,780,750,34.0467,-84.3786,0,0,1,7,99,4,2
1.0,1,1,779,750,34.0467,-84.3786,0,0,1,7,99,4,2
1.0,1,1,779,750,34.025,-84.3128,0,0,1,5,99,4,2
1.0,2,1,775,750,47.6794,-117.4018,0,0,1,2,0,11,3
1.0,1,1,761,750,34.0467,-84.3786,1,1,0,7,99,4,2
1.0,1,1,750,750,42.7445,-83.4085,1,0,0,4,0,11,3
1.0,2,1,750,750,42.4053,-92.6875,1,1,0,2,0,11,3
1.0,1,1,750,750,40.5007,-80.0667,1,1,0,3,99,4,2
1.0,1,1,740,750,30.4415,-91.1012,1,1,0,7,0,11,3
1.0,1,1,730,750,38.2009,-85.6999,1,1,0,5,4,11,6
1.0,1,1,725,750,36.5311,-82.5209,1,0,0,0,0,11,3
1.0,1,1,719,750,34.0505,-81.0098,1,1,0,0,0,11,3
1.0,2,1,700,750,42.4869,-92.3426,1,1,0,4,0,11,3
1.0,1,1,695,750,38.9578,-94.6947,1,1,0,10,4,11,6
1.0,1,1,690,750,30.4601,-84.2714,1,1,0,9,0,11,3
1.0,1,1,685,750,29.7714,-95.4343,1,1,0,3,0,11,3
1.0,1,1,679,750,35.471,-97.5299,1,1,0,4,0,11,3
1.0,1,1,675,750,42.6465,-83.2861,1,0,0,0,0,11,3
1.0,2,1,675,750,40.2351,-75.6408,0,0,1,1,25,21,5
1.0,1,1,650,750,42.2438,-83.1802,1,0,0,3,0,11,3
1.0,1,1,635,750,36.5311,-82.5209,1,0,0,0,0,11,3
1.0,2,1,625,750,42.0259,-93.6516,0,0,1,0,4,11,6
1.0,1,1,622,750,38.9885,-84.6468,0,0,1,0,11,21,5
1.0,1,1,620,750,41.6572,-83.5295,1,1,0,0,99,18,1
1.0,2,1,615,750,42.2418,-84.3984,1,1,0,4,8,11,2
1.0,1,1,606,750,40.1065,-85.6788,1,1,0,5,0,11,3
1.0,2,1,595,750,47.9179,-97.0658,0,0,1,0,0,11,3
1.0,1,1,575,750,37.1219,-93.1388,1,1,0,12,0,11,3
1.0,2,1,560,750,35.2399,-97.4552,1,1,0,0,0,11,3
1.0,2,1,550,750,37.6836,-97.3369,1,1,0,8,0,11,3
1.0,2,1,548,750,33.4632,-94.0736,0,0,1,5,99,0,2
1.0,2,1,525,750,38.0477,-97.3476,1,1,0,0,3,12,6
1.0,1,1,505,750,39.0744,-94.5521,0,0,1,2,4,11,6
1.0,1,1,2607,751,33.9855,-118.4532,1,1,0,2,99,0,2
1.0,1,1,2102,751,33.9069,-118.0806,1,1,0,3,99,2,2
1.0,1,1,2027,751,33.9069,-118.0806,0,0,1,15,99,2,2
1.0,1,1,1321,751,39.7883,-104.8265,0,0,1,9,99,21,1
1.0,1,1,1314,751,29.7714,-95.4343,1,0,0,0,0,11,3
1.0,1,1,1305,751,38.8562,-104.772,1,1,0,11,0,11,3
1.0,1,1,1270,751,39.7858,-104.7998,1,1,0,12,0,11,3
1.0,1,1,1270,751,38.8862,-104.7389,0,0,1,0,99,2,2
1.0,1,1,1048,751,30.5573,-97.6763,1,1,0,17,9,9,1
1.0,1,1,1045,751,36.1198,-115.0497,0,0,1,4,99,18,1
1.0,1,1,1032,751,29.4624,-98.5253,0,0,1,0,4,11,6
1.0,1,1,945,751,32.4418,-99.7494,1,0,0,0,0,11,3
1.0,1,1,918,751,32.5807,-97.138,0,0,1,6,99,4,2
1.0,1,1,905,751,32.4418,-99.7494,1,1,0,7,0,11,3
1.0,1,1,900,751,39.0744,-94.5521,1,1,0,10,4,11,6
1.0,1,1,779,751,38.9259,-94.6916,1,1,0,0,0,11,3
1.0,1,1,530,751,39.8092,-84.2947,1,1,0,3,99,2,2
1.0,1,0,2620,752,40.722,-74.0644,0,0,1,0,99,3,2
1.0,1,1,1976,752,40.3663,-74.6688,1,1,0,1,99,4,2
1.0,1,1,1720,752,40.3663,-74.6688,0,0,1,1,99,4,2
1.0,1,1,1674,752,39.145,-77.1376,0,0,1,3,99,23,1
1.0,1,1,1380,752,28.5335,-81.5918,0,0,1,1,99,23,1
1.0,1,1,1295,752,45.0201,-93.4623,1,0,0,4,0,11,3
1.0,1,1,1250,752,44.9,-93.3233,1,1,0,14,4,11,6
1.0,1,1,1166,752,29.7714,-95.4343,1,1,0,2,0,11,3
1.0,1,1,1165,752,44.8144,-93.1655,1,1,0,14,0,11,3
1.0,1,1,1110,752,33.5178,-112.0848,1,1,0,4,0,11,3
1.0,1,1,1049,752,29.7714,-95.4343,1,1,0,3,0,11,3
1.0,1,1,984,752,30.5007,-90.476,1,1,0,8,0,11,3
1.0,2,1,960,752,40.4969,-86.9659,0,0,1,3,0,11,3
1.0,1,1,953,752,35.7238,-78.8695,0,0,1,5,8,21,1
1.0,1,1,953,752,35.7238,-78.8695,1,1,0,5,99,21,1
1.0,1,1,937,752,30.245,-90.9169,1,1,0,9,0,11,3
1.0,1,1,1680,753,32.8212,-96.7853,1,1,0,0,0,11,3
1.0,1,1,1565,753,32.8212,-96.7853,1,1,0,0,0,11,3
1.0,1,1,1405,753,47.3765,-122.0994,1,1,0,4,0,11,3
1.0,1,1,1175,753,30.3054,-97.7497,0,0,1,3,0,11,3
1.0,1,1,917,753,29.4624,-98.5253,0,0,1,1,4,11,6
1.0,1,1,915,753,41.5835,-93.7597,1,1,0,11,0,11,3
1.0,1,1,800,753,44.1812,-88.4881,1,1,0,3,0,11,3
1.0,1,1,680,753,39.0805,-94.3997,1,1,0,6,0,11,3
1.0,1,1,2995,754,37.7904,-122.2151,0,0,1,0,0,11,3
1.0,1,1,2164,754,42.6484,-71.1615,1,1,0,9,0,11,3
1.0,1,1,1434,754,32.8436,-96.7006,0,0,1,3,99,20,1
1.0,1,1,1361,754,32.8212,-96.7853,1,1,0,2,0,11,3
1.0,1,1,1085,754,33.5178,-112.0848,1,1,0,5,0,11,3
1.0,2,1,951,754,39.3191,-76.6126,1,1,0,2,0,11,3
1.0,1,1,931,754,32.3229,-110.9864,1,1,0,7,0,11,3
1.0,1,1,890,754,30.7084,-96.347,0,0,1,0,0,11,3
1.0,1,1,833,754,35.7589,-78.778,1,1,0,5,99,22,1
1.0,1,1,720,754,39.0744,-94.5521,1,1,0,9,4,11,6
1.0,1,1,2600,755,40.9392,-73.8727,1,1,0,9,0,11,3
1.0,1,1,2570,755,32.8212,-96.7853,1,1,0,0,0,11,3
1.0,1,1,1695,755,33.7767,-117.9537,0,0,1,0,4,11,6
1.0,1,1,1655,755,40.9472,-74.2427,0,0,1,5,99,4,2
1.0,1,1,1375,755,40.6655,-74.2672,1,0,0,6,99,3,2
1.0,1,1,1195,755,44.9405,-93.1027,1,1,0,0,0,11,3
1.0,1,1,1164,755,39.4276,-76.7727,1,1,0,2,0,11,3
1.0,1,1,1075,755,30.3054,-97.7497,1,1,0,0,0,11,3
1.0,1,1,1066,755,29.7714,-95.4343,1,1,0,2,0,11,3
1.0,1,1,750,755,40.5007,-80.0667,1,1,0,2,99,4,2
1.0,1,1,716,755,35.1211,-89.9517,1,1,0,11,0,11,3
1.0,1,1,639,755,37.1892,-93.2908,1,1,0,9,0,11,3
1.0,1,1,2445,756,33.9299,-117.8849,1,1,0,9,0,11,3
1.0,1,1,1634,756,29.7714,-95.4343,1,1,0,6,0,11,3
1.0,0,1,1630,756,40.4841,-74.4526,0,0,1,0,3,12,6
1.0,2,1,1495,756,39.9143,-75.0679,1,1,0,2,99,3,2
1.0,1,1,1464,756,41.8625,-87.6825,1,1,0,1,19,13,4
1.0,1,1,1225,756,38.9414,-76.9292,0,0,1,1,99,19,1
1.0,1,0,1200,756,33.8737,-84.5097,1,1,0,5,99,4,2
1.0,1,1,1195,756,38.9414,-76.9292,0,0,1,1,99,19,1
1.0,1,1,1120,756,29.7714,-95.4343,1,1,0,10,0,11,3
1.0,1,1,995,756,33.56,-101.8904,0,0,1,0,0,11,3
1.0,1,1,705,756,36.1519,-79.8168,1,1,0,4,99,21,1
1.0,1,1,1962,757,34.2299,-119.0097,1,1,0,8,0,11,3
1.0,1,1,1925,757,39.1649,-76.7156,0,0,1,11,99,3,2
1.0,1,1,1408,757,39.644,-104.9026,1,1,0,4,99,21,1
1.0,1,1,1242,757,37.0739,-76.5001,1,1,0,8,99,22,1
1.0,1,1,1202,757,33.5137,-86.7893,1,1,0,7,0,11,3
1.0,1,1,895,757,30.7566,-81.5638,1,1,0,11,0,11,3
1.5,1,1,880,757,38.9146,-94.6318,1,1,0,0,0,11,3
1.0,1,1,565,757,29.7714,-95.4343,1,1,0,9,4,11,6
1.0,2,1,2850,758,38.9118,-77.0132,0,0,1,0,3,12,6
1.0,1,1,1719,758,42.2711,-83.745,1,1,0,1,0,11,3
1.0,1,1,1667,758,33.9883,-118.0875,1,1,0,11,99,2,2
1.0,1,1,1650,758,47.3851,-122.1882,1,1,0,1,0,11,3
1.0,1,1,1200,758,43.0619,-88.4017,1,0,0,6,4,11,6
1.0,1,1,1181,758,39.9288,-104.9456,0,0,1,0,99,21,1
1.0,2,1,1000,758,41.6505,-70.9367,1,1,0,3,99,1,2
1.0,1,1,949,758,29.4624,-98.5253,0,0,1,1,4,11,6
1.0,1,1,800,758,29.7714,-95.4343,0,0,1,0,0,11,3
1.0,1,1,734,758,29.4624,-98.5253,1,1,0,11,0,11,3
1.0,2,1,675,758,40.8062,-96.6778,0,0,1,2,11,21,5
1.0,1,1,630,758,40.1065,-85.6788,1,1,0,9,0,11,3
1.0,1,1,2450,759,37.9003,-122.0495,1,1,0,10,0,11,3
1.0,1,1,2053,759,36.137,-86.783,0,0,1,4,0,11,3
1.0,1,1,2050,759,39.1649,-76.7156,0,0,1,11,99,3,2
1.0,1,1,1705,759,30.3054,-97.7497,1,1,0,6,0,11,3
1.0,1,1,1190,759,28.6921,-81.5149,1,1,0,8,0,11,3
1.0,1,1,1150,759,40.6277,-74.4334,0,0,1,1,99,20,1
1.0,1,1,1141,759,34.0072,-84.0034,0,0,1,2,99,2,2
1.0,1,1,1120,759,38.2867,-77.5015,0,0,1,0,0,11,3
1.0,1,1,1059,759,44.7594,-93.2817,1,0,0,10,12,11,5
1.0,1,1,1029,759,29.7714,-95.4343,1,1,0,1,0,11,3
1.0,1,1,877,759,29.5677,-95.521,1,1,0,1,0,11,3
1.0,1,1,739,759,39.1471,-86.5136,1,0,0,9,0,11,3
1.0,2,1,675,759,31.3059,-94.7684,1,1,0,0,0,11,3
1.0,1,1,670,759,41.5781,-83.6642,1,1,0,7,99,18,1
1.0,1,1,2240,760,42.4849,-71.1568,1,1,0,9,0,11,3
1.0,1,1,1915,760,41.8625,-87.6825,1,1,0,2,0,11,3
1.0,2,1,1850,760,34.0899,-118.2932,0,0,1,2,99,20,1
1.0,1,1,1595,760,40.7236,-74.3006,1,1,0,0,0,11,3
1.0,1,1,1565,760,31.8666,-102.3901,0,0,1,3,0,11,3
1.0,1,1,1475,760,44.5072,-73.2452,1,1,0,0,0,11,3
1.5,1,1,1443,760,39.0073,-76.6827,1,1,0,5,99,4,2
1.0,2,1,1406,760,41.8625,-87.6825,1,1,0,1,0,11,3
1.0,3,1,1320,760,40.4969,-86.9659,0,0,1,4,0,11,3
1.0,1,1,1300,760,44.9235,-93.4704,1,0,0,9,8,10,2
1.0,1,1,1175,760,30.4006,-95.6106,0,0,1,0,0,11,3
1.0,1,1,1175,760,39.9539,-74.9955,1,0,0,3,99,2,2
1.0,1,1,1170,760,32.7826,-96.777,1,1,0,8,99,20,1
1.0,3,1,1050,760,40.1145,-88.2723,0,0,1,2,0,11,3
1.0,1,1,975,760,34.0791,-84.2039,0,0,1,3,99,0,2
1.0,1,1,966,760,32.696,-97.0878,1,1,0,14,99,2,2
1.0,1,1,960,760,35.9276,-79.0406,0,0,1,4,99,1,2
1.0,2,1,890,760,46.599,-120.5572,0,0,1,0,0,11,3
1.0,1,1,813,760,35.7695,-78.7966,1,1,0,3,99,21,1
1.0,1,1,800,760,38.0172,-84.4931,1,1,0,6,0,11,3
1.0,1,1,774,760,37.9906,-87.5563,1,1,0,8,0,11,3
1.0,1,1,744,760,36.0785,-94.1531,1,1,0,9,0,11,3
1.0,1,1,695,760,36.2548,-115.5263,1,1,0,10,99,20,1
1.0,2,1,660,760,40.3613,-86.9005,1,0,0,5,0,11,3
1.0,2,1,630,760,37.1892,-93.2908,0,0,1,5,0,11,3
1.0,1,1,2375,761,42.3718,-71.1785,1,1,0,9,0,11,3
1.0,1,1,2220,761,40.8367,-74.1027,1,1,0,5,99,20,1
2.0,2,1,1750,761,30.3054,-97.7497,0,0,1,0,0,11,3
1.0,1,1,1725,761,47.75,-122.24,0,0,1,1,99,2,2
1.0,1,1,1228,761,28.5401,-81.7602,0,0,1,4,99,22,1
1.0,1,1,1150,761,43.1096,-88.3501,1,0,0,7,8,10,2
1.0,0,1,1751,762,38.8571,-77.0609,1,1,0,0,0,20,2
1.0,1,1,1551,762,32.8212,-96.7853,1,1,0,0,0,11,3
1.0,1,1,1495,762,41.7248,-71.2657,1,1,0,10,4,11,6
1.0,1,1,1400,762,42.2689,-88.061,0,0,1,0,0,11,3
1.0,1,1,1314,762,33.7848,-84.3922,1,1,0,2,0,11,3
1.0,1,1,3733,763,34.0263,-118.4732,0,0,1,5,99,1,2
1.0,2,1,3160,763,40.1145,-88.2723,0,0,1,6,0,11,3
1.0,1,1,3135,763,33.9855,-118.4532,0,0,1,4,99,0,2
1.0,1,1,1455,763,39.9156,-105.0876,1,0,0,0,0,11,3
1.0,1,1,1190,763,39.1627,-76.6354,0,0,1,3,99,3,2
1.0,1,0,1190,763,39.1627,-76.6354,1,1,0,8,99,3,2
1.0,1,1,1055,763,39.1627,-76.6354,1,1,0,8,99,3,2
1.0,1,1,1027,763,36.2811,-115.3036,0,0,1,2,99,20,1
2.0,2,1,2199,764,47.616,-122.3275,1,0,0,0,0,11,3
1.0,1,1,1349,764,36.8532,-76.2902,0,0,1,3,99,21,1
1.0,1,1,1309,764,36.8532,-76.2902,1,1,0,3,99,21,1
1.0,1,1,920,764,33.7848,-84.3922,1,1,0,9,0,11,3
1.0,1,1,725,764,43.4299,-96.6968,1,1,0,0,8,11,2
1.0,1,1,2935,765,34.0372,-118.2972,0,0,1,13,0,11,3
1.0,2,1,2626,765,42.3584,-71.1318,1,1,0,11,0,11,3
1.0,1,1,1425,765,44.9032,-92.9227,1,1,0,10,8,10,2
1.0,1,1,1380,765,40.8511,-74.7078,0,0,1,3,99,1,2
1.0,1,1,1380,765,40.8511,-74.7078,0,0,1,3,99,1,2
1.0,1,1,1320,765,40.8511,-74.7078,1,1,0,3,99,1,2
1.0,1,1,1225,765,40.8511,-74.7078,0,0,1,3,99,1,2
1.0,1,1,1205,765,40.8511,-74.7078,1,1,0,3,99,1,2
1.0,1,1,1180,765,40.8511,-74.7078,1,1,0,3,99,1,2
1.0,2,1,1175,765,42.9833,-71.4574,0,0,1,3,99,1,2
1.0,1,1,1016,765,30.3054,-97.7497,0,0,1,3,0,11,3
1.0,1,1,925,765,29.8224,-95.5405,1,0,0,1,0,11,3
2.0,2,1,858,765,43.0531,-87.9659,0,0,1,3,4,11,6
1.0,1,1,369,765,40.0539,-86.4686,1,1,0,11,4,11,6
1.0,1,1,2240,766,40.8342,-73.9735,0,0,1,3,99,0,2
1.0,1,1,1695,766,36.137,-86.783,0,0,1,0,0,11,3
1.0,1,1,1135,766,27.4081,-82.5233,0,0,1,4,99,20,1
1.0,1,1,1035,766,30.3054,-97.7497,0,0,1,4,0,11,3
1.0,1,1,925,766,40.3613,-86.9005,1,1,0,5,0,11,3
1.0,1,1,640,766,43.7815,-88.4411,0,0,1,3,0,11,3
1.0,1,1,288,766,41.7092,-86.8652,1,1,0,5,0,11,3
1.0,1,1,1640,767,39.1649,-76.7156,1,1,0,7,99,3,2
1.0,1,1,1617,767,39.1649,-76.7156,1,1,0,7,99,3,2
1.0,2,1,1599,767,44.9405,-93.1027,1,0,0,0,0,11,3
1.0,1,1,1264,767,30.3054,-97.7497,0,0,1,4,0,11,3
1.0,1,1,1161,767,47.4696,-122.1655,1,1,0,13,0,11,3
1.0,1,1,1019,767,30.5118,-97.6873,0,0,1,3,0,11,3
1.0,1,1,810,767,35.9276,-79.0406,0,0,1,4,99,1,2
1.0,1,1,795,767,41.5256,-86.277,1,1,0,7,0,11,3
1.0,1,1,636,767,41.7068,-86.4812,1,1,0,6,0,11,3
1.0,1,0,3294,768,40.722,-74.0644,1,1,0,0,99,4,2
1.0,1,1,1409,768,40.534,-105.0444,1,1,0,2,99,23,1
1.0,1,1,1407,768,40.534,-105.0444,1,0,0,3,99,0,2
1.0,1,1,1400,768,43.0531,-87.9659,1,1,0,7,0,11,3
1.0,1,1,1150,768,41.2205,-112.0172,1,1,0,8,0,11,3
1.0,1,1,1149,768,37.0451,-76.3664,1,1,0,9,0,11,3
1.0,1,1,1085,768,30.5118,-97.6873,0,0,1,0,0,11,3
1.0,1,1,915,768,32.9455,-96.7962,0,0,1,4,99,0,2
1.0,1,1,850,768,43.4614,-88.8407,1,1,0,0,8,11,2
1.0,1,1,750,768,43.5106,-96.7532,1,1,0,0,0,11,3
1.0,1,1,4500,769,37.7599,-122.4379,0,1,0,0,0,11,3
1.0,1,1,3595,769,37.7599,-122.4379,1,1,0,1,0,11,3
1.0,1,1,1250,769,32.9333,-96.7835,0,0,1,2,99,22,1
1.0,1,1,1113,769,28.1041,-82.6789,0,0,1,1,99,21,1
1.0,1,1,1033,769,29.4624,-98.5253,0,0,1,1,0,11,3
1.0,1,1,894,769,30.3054,-97.7497,0,0,1,3,0,11,3
1.0,1,1,1750,770,40.6623,-74.2087,1,1,0,6,99,3,2
1.0,1,1,1745,770,39.0521,-77.119,0,0,1,4,99,23,1
1.0,1,1,1632,770,39.1649,-76.7156,0,0,1,8,99,3,2
1.0,1,1,1475,770,47.8318,-122.2834,1,1,0,5,0,11,3
1.0,2,1,1455,770,43.0724,-89.4003,1,0,0,4,4,11,6
1.0,1,1,1425,770,39.1474,-77.2032,1,1,0,1,0,11,3
1.0,1,1,1325,770,39.204,-76.8558,1,1,0,0,0,11,3
1.0,1,1,1271,770,34.1216,-84.515,1,1,0,1,0,11,3
1.0,2,1,1250,770,43.0592,-71.5794,1,0,0,0,3,12,6
1.0,1,1,1190,770,39.1627,-76.6354,1,1,0,8,99,3,2
1.0,1,1,1185,770,39.1627,-76.6354,1,1,0,8,99,2,2
1.0,1,0,1185,770,40.2206,-74.7174,0,0,1,0,99,4,2
1.0,2,1,1025,770,40.7061,-111.9048,0,0,1,0,0,11,3
1.0,1,1,931,770,39.156,-84.3714,1,1,0,9,99,1,2
1.0,1,1,905,770,36.0334,-79.4909,1,1,0,8,99,19,1
1.0,1,1,850,770,39.1679,-84.4933,1,1,0,9,0,11,3
1.0,2,1,783,770,36.3267,-94.0643,1,1,0,8,0,11,3
1.0,1,1,750,770,35.9709,-80.0068,0,0,1,2,8,21,1
1.0,1,1,750,770,36.0909,-79.9272,0,0,1,2,99,20,1
1.0,2,1,675,770,36.0953,-80.3243,0,0,1,0,99,18,1
1.0,1,1,650,770,42.7435,-84.7427,1,1,0,5,0,11,3
1.0,1,1,625,770,40.4775,-88.9786,1,1,0,7,0,11,3
1.0,1,0,2490,771,34.1474,-118.1391,1,1,0,2,99,4,2
1.0,1,1,1565,771,40.8511,-74.7078,0,0,1,3,99,1,2
1.0,1,1,1035,771,29.4624,-98.5253,0,0,1,5,0,11,3
1.0,1,1,1005,771,32.8255,-97.1039,0,0,1,2,99,4,2
1.0,1,1,975,771,41.1735,-81.4497,0,0,1,8,99,21,1
1.0,1,1,2173,772,38.9348,-77.059,0,0,1,0,0,20,2
1.0,1,1,1967,772,38.9348,-77.059,0,0,1,0,0,20,2
1.0,1,1,1964,772,38.9348,-77.059,0,0,1,0,0,20,2
1.0,1,1,1420,772,40.3346,-74.5794,0,0,1,4,99,4,2
1.0,1,1,1390,772,40.2659,-74.6959,1,1,0,1,99,4,2
1.0,1,1,1259,772,30.3054,-97.7497,0,0,1,4,0,11,3
1.0,1,1,1220,772,40.3346,-74.5794,1,1,0,4,99,4,2
1.0,1,1,1025,772,34.3955,-77.6527,1,1,0,6,0,11,3
1.0,1,1,993,772,29.4624,-98.5253,0,0,1,1,4,11,6
1.0,1,1,1595,773,41.61,-87.8566,1,1,0,5,4,11,6
1.0,1,1,1515,773,44.8144,-93.1655,1,0,0,0,0,11,3
1.0,1,1,1515,773,32.8008,-96.8049,1,1,0,12,0,11,3
1.0,1,1,1090,773,43.0801,-88.2546,1,0,0,0,8,10,2
1.0,1,1,975,773,32.833,-83.6723,1,1,0,0,0,11,3
1.0,1,1,955,773,39.05,-84.3439,0,0,1,0,99,1,2
2.0,2,1,945,773,32.6692,-96.8751,0,0,1,1,99,22,1
1.0,1,1,2564,774,34.1474,-118.1391,0,0,1,4,99,4,2
1.0,1,1,2207,774,33.7696,-118.1926,0,0,1,3,99,2,2
2.0,2,1,1960,774,40.1145,-88.2723,0,0,1,6,0,11,3
1.0,1,1,1365,774,34.0648,-84.0849,1,1,0,7,0,11,3
1.0,1,1,1310,774,32.9314,-97.0956,1,1,0,13,99,4,2
1.0,1,1,1300,774,43.0591,-87.8847,1,1,0,0,3,12,6
1.0,1,1,1127,774,30.5104,-97.9027,0,0,1,3,0,11,3
1.0,1,1,1125,774,33.5178,-112.0848,1,1,0,0,0,11,3
1.0,1,1,1050,774,33.0869,-96.7971,1,1,0,2,0,11,3
1.0,1,1,1010,774,41.2562,-96.0404,1,1,0,9,0,11,3
1.0,1,1,959,774,29.4602,-98.6876,0,0,1,7,0,11,3
1.0,1,1,850,774,27.7332,-97.4058,1,1,0,0,0,11,3
2.0,2,1,739,774,36.0785,-94.1531,1,1,0,7,0,11,3
1.0,2,1,3900,775,37.4356,-122.134,1,1,0,0,0,11,3
1.0,1,1,2250,775,40.8206,-74.2133,1,0,0,0,0,11,3
1.0,1,1,1982,775,30.3054,-97.7497,0,0,1,7,0,11,3
1.0,2,1,1745,775,40.6077,-74.2824,1,1,0,0,99,20,1
1.0,1,1,1570,775,33.8618,-117.5596,1,1,0,2,0,11,3
1.0,1,1,1399,775,30.3054,-97.7497,0,0,1,5,0,11,3
1.0,2,1,1386,775,40.4448,-79.9725,0,0,1,0,0,11,3
1.0,1,1,1299,775,30.3054,-97.7497,1,1,0,3,0,11,3
2.0,2,1,1260,775,40.4969,-86.9659,0,0,1,4,0,11,3
1.0,2,1,1204,775,39.7883,-104.8265,1,1,0,8,99,21,1
1.0,1,1,1181,775,40.8866,-74.7498,0,0,1,6,99,0,2
1.0,1,1,1120,775,40.8866,-74.7498,0,0,1,6,99,1,2
1.0,2,1,1050,775,35.2418,-81.0401,1,1,0,0,0,11,3
1.0,1,1,1050,775,44.9368,-93.3605,0,0,1,0,8,11,2
1.0,1,1,1039,775,30.3054,-97.7497,1,1,0,2,0,11,3
1.0,1,1,1000,775,29.4624,-98.5253,0,0,1,1,0,11,3
1.0,1,1,999,775,40.7061,-111.9048,0,0,1,0,0,11,3
1.0,1,0,999,775,33.9683,-84.4394,1,1,0,4,99,4,2
1.0,1,1,989,775,44.9855,-93.3023,0,0,1,0,3,12,6
1.0,2,1,960,775,39.9974,-82.9829,0,0,1,1,19,13,4
1.0,1,1,875,775,39.9872,-83.0439,1,0,0,0,3,12,6
1.0,2,1,850,775,41.2562,-96.0404,1,1,0,0,0,11,3
1.0,1,1,840,775,42.9112,-78.8171,0,0,1,4,0,11,3
1.0,1,1,814,775,29.7714,-95.4343,1,1,0,9,4,11,6
1.0,2,1,780,775,41.5839,-93.6754,1,1,0,6,0,11,3
1.0,1,1,698,775,37.0451,-76.3664,1,1,0,7,0,11,3
1.0,1,1,2707,776,30.3054,-97.7497,0,0,1,0,0,11,3
1.0,1,1,1822,776,47.5481,-122.0471,1,1,0,14,0,11,3
1.0,1,1,1526,776,39.9478,-74.9117,0,0,1,5,99,3,2
1.0,1,1,1497,776,38.6293,-76.9675,1,1,0,3,99,19,1
1.0,1,1,1438,776,32.9395,-96.8387,0,0,1,5,99,23,1
1.0,1,1,1416,776,32.9395,-96.8387,0,0,1,5,99,23,1
1.0,1,1,1400,776,39.9478,-74.9117,0,0,1,5,99,3,2
1.0,1,1,1249,776,32.8261,-96.7472,0,0,1,1,99,20,1
1.0,1,1,1225,776,29.4624,-98.5253,0,0,1,0,0,11,3
1.0,2,1,1130,776,32.5975,-85.4777,1,1,0,7,0,11,3
1.0,1,1,1100,776,45.528,-122.3979,1,1,0,0,0,11,3
1.0,1,1,835,776,48.2469,-101.3017,0,0,1,0,0,11,3
1.0,1,1,805,776,46.8296,-100.8908,0,0,1,2,0,11,3
1.0,1,1,2221,777,34.053,-118.2637,0,0,1,1,99,19,1
1.0,1,1,2100,777,32.7876,-117.1265,0,0,1,2,0,11,3
1.0,1,1,2000,777,42.4299,-71.0581,0,0,1,8,4,11,6
1.0,1,1,1913,777,39.2144,-76.8797,0,0,1,4,99,2,2
1.0,1,1,1554,777,30.3054,-97.7497,0,0,1,4,0,11,3
1.0,1,1,1447,777,42.7527,-71.4854,0,0,1,3,99,22,1
1.0,1,1,1019,777,29.7714,-95.4343,1,1,0,1,0,11,3
1.0,1,1,850,777,29.4624,-98.5253,0,0,1,1,0,11,3
1.0,2,1,835,777,39.8895,-104.9641,1,1,0,3,4,11,6
1.0,1,1,820,777,35.471,-97.5299,1,1,0,4,0,11,3
1.0,1,1,720,777,43.5329,-96.7265,0,0,1,0,3,12,6
1.0,1,1,1435,778,39.0829,-77.0612,0,0,1,3,99,1,2
1.0,1,1,1120,778,29.4624,-98.5253,0,0,1,1,4,11,6
1.0,1,1,1109,778,36.0993,-115.2838,0,0,1,4,99,20,1
1.0,2,1,2595,779,47.616,-122.3275,0,1,0,3,0,11,3
1.0,1,1,2123,779,40.862,-74.4061,1,1,0,1,99,20,1
1.0,1,1,2123,779,40.862,-74.4061,0,0,1,1,99,1,2
1.0,1,1,1907,779,36.137,-86.783,0,0,1,5,0,11,3
1.0,1,1,1691,779,43.1091,-87.8962,1,0,0,0,4,11,6
1.0,1,1,1610,779,38.9554,-77.386,1,1,0,4,0,11,3
1.0,1,1,1222,779,30.3054,-97.7497,0,0,1,0,0,11,3
1.0,1,1,1068,779,32.8524,-97.0886,1,1,0,5,99,3,2
1.0,1,1,3950,780,37.7599,-122.4379,0,0,1,0,0,11,3
1.0,1,1,2170,780,35.9393,-86.8716,0,0,1,4,4,11,6
1.0,2,1,2150,780,32.7876,-117.1265,0,0,1,0,0,11,3
1.0,1,1,2050,780,47.6156,-122.2109,1,1,0,5,99,0,2
1.0,2,1,1700,780,33.1463,-117.1694,1,1,0,0,0,11,3
1.0,1,1,1652,780,47.8616,-122.2729,0,0,1,3,99,4,2
1.0,1,1,1605,780,39.0017,-77.0353,1,1,0,3,99,1,2
1.0,1,1,1581,780,47.6163,-122.2365,0,0,1,2,99,3,2
1.0,1,1,1421,780,30.3054,-97.7497,0,0,1,6,0,11,3
1.0,1,1,1356,780,36.7124,-76.2965,1,1,0,4,4,11,6
1.0,1,1,1315,780,61.1723,-149.8414,1,1,0,3,0,11,3
1.0,2,0,1295,780,42.9338,-70.8233,1,0,0,0,99,2,2
1.0,1,1,1245,780,39.0614,-76.8511,1,1,0,12,99,19,1
1.0,1,1,1190,780,47.9338,-122.2052,1,0,0,0,0,11,3
1.0,1,1,1161,780,28.0076,-82.4792,1,1,0,6,0,11,3
1.0,1,1,1149,780,44.6526,-93.2482,1,1,0,9,4,11,6
2.0,2,1,1138,780,30.4601,-84.2714,1,1,0,5,0,11,3
1.0,1,1,1089,780,28.5163,-81.3644,1,1,0,4,0,11,3
1.0,2,1,1060,780,38.8503,-104.7586,0,0,1,4,99,1,2
1.0,1,1,1030,780,45.5509,-94.1725,1,1,0,3,0,11,3
1.0,1,1,1017,780,33.9222,-84.0725,1,1,0,10,99,3,2
1.0,1,1,990,780,41.5486,-90.5922,1,1,0,11,0,11,3
1.0,1,1,970,780,42.5067,-83.1545,0,0,1,0,4,11,6
1.0,2,1,950,780,38.8862,-104.7389,0,0,1,6,99,2,2
1.0,1,1,855,780,33.7848,-84.3922,1,1,0,8,0,11,3
1.0,1,1,848,780,40.0329,-83.1377,1,1,0,3,0,11,3
1.0,1,1,821,780,36.0913,-79.2861,0,0,1,3,99,20,1
1.0,2,1,784,780,38.4988,-90.4592,1,1,0,10,0,11,3
1.0,1,1,780,780,42.6101,-82.836,1,0,0,0,4,11,6
1.0,1,1,755,780,40.4448,-79.9725,1,1,0,6,12,11,5
1.0,2,1,740,780,43.5329,-96.7265,1,1,0,7,0,11,3
1.0,2,1,695,780,42.0259,-93.6516,1,1,0,0,4,11,6
1.0,2,1,695,780,42.0259,-93.6516,1,1,0,0,4,11,6
1.0,1,1,661,780,41.5978,-81.4642,0,0,1,1,99,19,1
1.0,2,1,550,780,40.7602,-95.3688,1,1,0,0,0,11,3
1.0,1,0,1754,781,39.0017,-77.0353,0,0,1,2,99,1,2
1.0,1,1,1450,781,31.8666,-102.3901,1,1,0,1,0,11,3
1.0,1,1,1440,781,33.6119,-117.3645,1,1,0,1,0,11,3
1.0,1,1,1068,781,36.0346,-78.869,1,1,0,4,99,3,2
1.0,1,1,919,781,29.7714,-95.4343,1,1,0,3,0,11,3
1.0,1,1,765,781,41.1378,-95.9392,1,1,0,11,0,11,3
1.0,1,1,3702,782,37.7904,-122.2151,0,0,1,4,0,11,3
1.0,1,1,2385,782,47.6869,-122.1896,0,0,1,4,99,2,2
1.0,1,1,2015,782,40.8876,-74.0499,1,1,0,0,0,11,3
1.0,1,1,1385,782,39.0073,-76.6827,0,0,1,2,99,4,2
1.0,1,1,1374,782,29.7714,-95.4343,1,0,0,1,0,11,3
1.0,1,1,1290,782,32.8212,-96.7853,1,1,0,0,0,11,3
1.0,1,1,1225,782,39.5197,-119.8342,1,1,0,15,0,11,3
1.0,1,1,1199,782,28.5964,-81.3237,1,1,0,5,0,11,3
1.0,2,1,1100,782,35.1038,-106.611,1,1,0,0,0,11,3
1.0,1,1,1100,782,30.3054,-97.7497,1,1,0,0,3,12,6
1.0,1,1,925,782,32.8255,-97.1039,0,0,1,12,99,4,2
1.0,1,1,860,782,46.8296,-100.8908,0,0,1,0,0,11,3
1.0,1,1,2505,783,40.3663,-74.6688,0,0,1,3,99,4,2
1.0,2,1,2245,783,37.28,-121.9559,0,0,1,0,0,11,3
1.0,1,1,2225,783,41.8625,-87.6825,1,1,0,9,0,11,3
1.0,1,1,2220,783,40.918,-73.7837,1,1,0,2,4,11,6
1.0,1,1,1744,783,38.6857,-121.1532,1,1,0,1,0,11,3
1.0,1,1,980,783,32.9158,-96.8961,1,1,0,5,99,21,1
1.0,1,1,899,783,35.6775,-78.7763,0,0,1,3,99,23,1
2.0,2,1,650,783,39.7942,-84.2701,0,0,1,3,99,2,2
1.0,2,1,2497,784,34.1474,-118.1391,0,0,1,4,99,4,2
1.0,1,1,1450,784,42.9497,-85.6417,0,0,1,6,0,11,3
1.0,1,1,1400,784,39.1535,-84.4264,0,0,1,1,99,0,2
1.0,1,1,1400,784,39.1535,-84.4264,0,0,1,1,99,0,2
1.0,1,1,1350,784,39.1535,-84.4264,0,0,1,1,99,0,2
1.0,1,1,1245,784,38.8562,-104.772,1,1,0,8,0,11,3
1.0,1,1,1203,784,29.7714,-95.4343,1,1,0,1,0,11,3
1.0,1,1,1190,784,36.7992,-76.1756,0,0,1,4,99,20,1
1.0,1,1,1185,784,39.905,-74.9965,1,1,0,9,99,2,2
1.0,1,1,1108,784,32.5807,-97.138,1,1,0,5,99,4,2
1.0,1,1,1100,784,32.91,-97.5572,1,1,0,3,99,3,2
1.0,1,1,1073,784,35.4047,-80.6098,1,1,0,7,0,11,3
1.0,1,1,1050,784,32.91,-97.5572,0,0,1,3,99,3,2
1.0,1,1,1050,784,32.91,-97.5572,0,0,1,3,99,3,2
1.0,1,1,1050,784,32.91,-97.5572,0,0,1,3,99,3,2
1.0,1,1,1020,784,32.91,-97.5572,0,0,1,3,99,3,2
1.0,1,1,885,784,39.0203,-94.6535,1,0,0,0,0,11,3
1.0,1,1,870,784,38.9259,-94.6916,1,1,0,0,0,11,3
1.0,2,1,850,784,35.7551,-78.7199,0,0,1,5,99,1,2
1.0,2,1,690,784,40.4738,-86.1409,1,1,0,4,0,11,3
1.0,2,1,585,784,37.8244,-87.5556,1,1,0,6,0,11,3
1.0,1,1,1985,785,40.7925,-74.0215,0,0,1,4,99,19,1
1.0,1,1,1945,785,39.736,-104.9819,1,1,0,8,0,11,3
1.0,1,1,1850,785,33.5052,-117.6573,0,0,1,6,1,9,2
1.0,1,1,1764,785,35.774,-78.6328,1,1,0,7,99,0,2
1.0,1,1,1570,785,39.2081,-76.661,0,0,1,2,99,3,2
1.0,1,1,1475,785,34.0648,-84.0849,1,1,0,14,99,1,2
1.0,1,1,1350,785,45.0201,-93.4623,1,1,0,3,8,10,2
1.0,1,1,1199,785,41.9526,-87.9486,0,0,1,0,0,11,3
1.0,1,1,1148,785,39.0614,-76.8511,1,0,0,1,99,19,1
1.0,1,1,998,785,29.4624,-98.5253,0,0,1,1,0,11,3
1.0,1,1,973,785,35.9907,-78.9074,1,1,0,4,99,3,2
1.0,1,1,949,785,35.9695,-83.981,1,1,0,11,0,11,3
1.0,2,1,900,785,41.5657,-93.7305,1,1,0,0,0,11,3
1.0,1,1,812,785,39.7953,-86.1387,1,1,0,0,0,11,3
1.0,1,1,700,785,42.5018,-96.3886,1,1,0,10,0,11,3
1.5,1,1,4050,786,34.0806,-118.4029,1,1,0,0,0,11,3
1.0,1,0,3473,786,40.722,-74.0644,1,1,0,0,99,4,2
1.0,2,1,1875,786,40.4841,-74.4526,0,0,1,0,0,11,3
1.0,1,1,1681,786,30.3054,-97.7497,1,1,0,6,0,11,3
1.0,1,1,1500,786,43.0531,-87.9659,1,1,0,0,0,11,3
1.0,1,1,1366,786,28.2966,-81.6162,0,0,1,2,99,22,1
1.0,1,1,1285,786,30.3054,-97.7497,1,1,0,0,0,11,3
1.0,1,1,1255,786,47.1607,-122.2906,1,1,0,12,0,11,3
1.0,2,1,763,786,30.1868,-93.1908,0,0,1,4,0,11,3
1.0,1,1,733,786,34.7264,-92.348,1,1,0,0,0,11,3
1.0,2,1,1495,787,39.7333,-104.914,0,0,1,2,99,19,1
1.0,1,1,1225,787,33.5783,-111.8902,1,1,0,0,4,12,6
1.0,1,1,1159,787,40.5059,-80.1869,1,1,0,10,99,3,2
1.0,1,1,1055,787,33.9222,-84.0725,1,1,0,10,99,3,2
1.0,1,0,1022,787,40.5059,-80.1869,0,0,1,10,99,3,2
1.0,1,1,947,787,29.4624,-98.5253,0,0,1,1,0,11,3
1.0,1,1,1650,788,34.2299,-119.0097,1,0,0,0,0,11,3
1.0,1,1,1634,788,39.698,-105.1559,0,0,1,3,99,20,1
1.0,1,1,1457,788,39.2735,-76.8674,0,0,1,4,99,2,2
1.0,1,1,1273,788,29.7714,-95.4343,1,1,0,0,0,11,3
1.0,1,1,1250,788,45.0201,-93.4623,1,1,0,9,4,11,6
1.0,1,1,897,788,32.9954,-96.7849,1,1,0,12,99,23,1
1.0,1,1,887,788,32.9954,-96.7849,0,0,1,4,99,23,1
1.0,1,1,872,788,32.9954,-96.7849,0,0,1,4,99,23,1
1.0,1,0,865,788,40.0351,-84.2067,1,1,0,6,99,2,2
1.0,2,1,685,788,39.8874,-84.2035,1,1,0,0,99,2,2
1.0,1,1,2290,789,34.0372,-118.2972,1,1,0,4,0,11,3
2.0,2,1,1650,789,25.8275,-80.1842,1,1,0,0,0,11,3
1.0,1,1,1255,789,29.7714,-95.4343,1,1,0,10,0,11,3
1.0,1,1,1245,789,39.1088,-77.2384,0,0,1,3,99,0,2
1.0,2,1,1035,789,39.8057,-74.9979,1,1,0,1,99,2,2
1.0,1,1,919,789,35.6217,-97.4702,0,0,1,5,99,3,2
1.0,1,1,909,789,35.4975,-97.7329,1,1,0,5,99,4,2
2.0,2,1,895,789,30.1824,-96.9336,1,1,0,0,0,11,3
1.0,1,1,889,789,35.6217,-97.4702,0,0,1,5,99,3,2
1.0,1,1,874,789,35.4975,-97.7329,0,0,1,5,99,4,2
1.0,1,1,809,789,35.2314,-97.5069,0,0,1,6,99,4,2
1.0,1,1,730,789,43.5329,-96.7265,1,1,0,5,0,11,3
1.0,1,1,2285,790,32.8212,-96.7853,1,1,0,0,0,11,3
1.0,2,1,1999,790,47.616,-122.3275,1,0,0,0,0,11,3
1.0,2,1,1850,790,34.1408,-118.1273,0,0,1,2,99,4,2
1.0,1,1,1525,790,44.8893,-93.1153,1,1,0,0,0,11,3
1.0,1,1,1500,790,41.5073,-81.6046,0,0,1,2,99,19,1
1.0,1,1,1470,790,47.8028,-122.2849,0,0,1,4,99,3,2
1.0,1,1,1399,790,47.616,-122.3275,0,0,1,0,0,11,3
1.0,1,1,1359,790,39.0947,-76.8189,0,0,1,7,99,20,1
1.0,1,1,1319,790,33.8144,-84.2804,1,1,0,6,99,2,2
1.0,1,1,1316,790,33.8144,-84.2804,0,0,1,6,99,2,2
1.0,1,1,1280,790,39.1008,-76.8827,0,0,1,3,99,19,1
1.0,1,1,1250,790,44.8428,-93.0489,0,0,1,0,4,11,6
1.0,1,0,1250,790,39.1775,-77.1944,0,0,1,1,99,0,2
1.0,1,1,1219,790,28.2966,-81.6162,0,0,1,5,99,22,1
1.0,1,1,1095,790,29.6533,-82.3656,1,1,0,10,0,11,3
1.0,1,1,1055,790,38.8562,-104.772,1,1,0,8,0,11,3
1.0,1,1,1045,790,39.0744,-94.5521,1,1,0,6,8,11,2
1.0,1,0,955,790,32.8281,-97.145,0,0,1,7,99,3,2
1.0,1,1,860,790,39.8057,-74.9979,0,0,1,0,99,2,2
1.0,1,1,845,790,40.0054,-75.1415,1,1,0,3,4,11,6
1.0,1,1,800,790,37.9488,-91.7628,1,1,0,0,0,11,3
1.0,1,1,725,790,47.6794,-117.4018,0,0,1,0,0,11,3
1.0,1,1,719,790,35.6217,-97.4702,1,1,0,7,99,3,2
1.0,1,1,625,790,30.1213,-93.7711,1,1,0,6,0,11,3
1.0,1,1,575,790,41.9042,-85.9879,0,0,1,3,0,11,3
2.0,2,1,1930,791,39.7673,-105.0151,1,1,0,8,99,18,1
1.0,2,1,1370,791,39.0744,-94.5521,1,1,0,3,4,11,6
1.0,1,1,1190,791,42.8873,-88.0096,1,0,0,8,4,11,6
1.5,1,1,1075,791,39.1083,-108.6071,1,1,0,3,99,3,2
1.0,1,1,989,791,30.3054,-97.7497,0,0,1,3,0,11,3
1.0,1,1,780,791,35.471,-97.5299,1,1,0,2,0,11,3
1.0,1,1,700,791,32.4418,-99.7494,1,1,0,8,0,11,3
1.0,1,1,3047,792,34.0372,-118.2972,0,0,1,4,0,11,3
1.0,1,1,2552,792,42.3015,-71.2316,0,0,1,4,99,0,2
2.0,3,1,2084,792,32.9661,-96.7988,0,0,1,2,99,23,1
2.0,2,1,1612,792,44.9702,-93.2071,0,0,1,5,0,11,3
1.0,1,1,1401,792,32.9661,-96.7988,0,0,1,2,99,23,1
1.0,1,0,1365,792,39.905,-74.9965,0,0,1,2,99,2,2
1.0,1,1,1130,792,30.3054,-97.7497,0,0,1,3,0,11,3
1.0,1,1,980,792,33.6795,-84.1596,1,1,0,9,99,2,2
1.0,1,1,954,792,38.9329,-94.7538,1,1,0,5,0,11,3
1.0,1,1,944,792,30.4562,-97.7651,1,1,0,9,15,10,2
1.0,1,1,925,792,43.0152,-89.4529,1,1,0,7,4,11,6
1.0,2,1,795,792,40.3613,-86.9005,1,1,0,0,0,11,3
1.0,2,1,740,792,41.5835,-93.7597,1,1,0,6,0,11,3
1.0,2,1,695,792,40.3613,-86.9005,1,1,0,0,0,11,3
1.0,2,1,595,792,42.3149,-85.1757,0,0,1,0,0,11,3
1.0,1,1,545,792,38.8842,-94.5213,1,1,0,8,4,11,6
1.0,0,1,3567,793,34.1072,-118.3291,0,0,1,0,0,11,3
1.0,1,1,1333,793,32.8302,-96.7724,0,0,1,0,99,19,1
1.0,1,1,959,793,30.3054,-97.7497,0,0,1,3,0,11,3
1.0,2,1,760,793,32.5548,-94.7807,1,1,0,6,99,1,2
1.0,1,1,2990,794,42.3882,-83.1122,1,1,0,4,0,11,3
1.0,1,1,1999,794,45.6558,-122.5888,1,1,0,4,0,11,3
1.0,2,1,1796,794,29.4624,-98.5253,0,0,1,0,4,11,6
1.0,1,1,1530,794,39.736,-104.9819,1,1,0,11,4,11,6
1.0,1,1,1430,794,39.7821,-104.9641,0,0,1,5,99,18,1
1.0,1,1,1070,794,32.833,-83.6723,1,1,0,11,0,11,3
1.0,1,1,1018,794,40.4448,-79.9725,0,0,1,0,0,11,3
1.0,1,1,995,794,44.8338,-93.3197,1,1,0,10,0,11,3
1.0,1,1,2470,795,34.0372,-118.2972,1,1,0,5,0,11,3
2.0,2,1,2050,795,47.616,-122.3275,1,1,0,0,0,11,3
1.0,1,1,1370,795,43.0724,-89.4003,1,1,0,9,4,11,6
1.0,1,1,1355,795,32.8212,-96.7853,1,0,0,0,0,11,3
1.0,2,1,1217,795,39.1627,-76.6354,1,1,0,1,99,3,2
1.0,1,1,1100,795,30.4415,-91.1012,1,1,0,11,0,11,3
1.0,1,1,1010,795,39.2129,-85.9099,1,1,0,7,0,11,3
1.0,1,1,1007,795,32.696,-97.0878,0,0,1,3,99,2,2
1.0,1,1,999,795,29.4624,-98.5253,0,0,1,1,4,11,6
1.0,2,1,750,795,29.9142,-93.9383,1,1,0,7,0,11,3
1.0,1,1,1775,796,30.3054,-97.7497,1,1,0,6,0,11,3
1.0,1,1,1463,796,39.8502,-104.9699,1,1,0,2,99,20,1
1.0,1,1,1440,796,32.833,-83.6723,1,1,0,8,0,11,3
1.0,1,1,1395,796,39.905,-74.9965,1,1,0,4,99,2,2
2.0,2,1,1330,796,30.234,-97.716,0,0,1,2,0,11,3
1.0,1,1,1205,796,32.8261,-96.7472,1,1,0,14,99,20,1
1.0,2,1,1115,796,43.0724,-89.4003,0,0,1,3,4,11,6
1.0,1,1,1060,796,36.1198,-115.0497,0,0,1,10,99,18,1
1.0,2,1,945,796,39.3191,-76.6126,1,1,0,2,0,11,3
1.0,1,1,894,796,29.4624,-98.5253,0,0,1,1,0,11,3
1.0,1,0,2914,797,40.8488,-73.9736,0,0,1,0,99,0,2
1.0,1,1,1610,797,39.0521,-77.119,0,0,1,3,99,23,1
1.0,1,1,1522,797,38.9253,-76.7155,1,1,0,3,99,20,1
1.0,1,1,1380,797,32.829,-96.8458,0,0,1,7,99,21,1
1.0,1,1,1346,797,35.9517,-79.071,1,1,0,5,4,11,6
1.0,1,1,1247,797,34.0007,-84.4665,1,1,0,0,99,3,2
1.0,1,1,1202,797,34.0007,-84.4665,1,1,0,0,99,3,2
1.0,1,1,1003,797,30.5118,-97.6873,0,0,1,2,0,11,3
1.0,1,1,980,797,39.7953,-86.1387,1,1,0,7,0,11,3
1.0,1,1,940,797,35.6217,-97.4702,0,0,1,3,99,3,2
1.0,1,1,890,797,35.6217,-97.4702,0,0,1,3,99,3,2
1.0,1,1,880,797,35.6217,-97.4702,0,0,1,3,99,3,2
1.0,1,1,825,797,30.4415,-91.1012,1,1,0,9,0,11,3
1.0,1,1,2355,798,40.3663,-74.6688,0,0,1,3,99,4,2
1.0,1,1,2095,798,38.4498,-122.7129,1,1,0,0,0,11,3
1.0,1,1,1955,798,36.137,-86.783,0,0,1,5,3,12,6
1.0,1,1,1240,798,36.1036,-80.2159,0,0,1,0,99,18,1
1.0,1,1,935,798,44.7594,-93.2817,1,1,0,9,4,11,6
1.0,1,1,845,798,29.7714,-95.4343,1,0,0,3,0,11,3
1.0,2,1,750,798,40.1145,-88.2723,1,1,0,4,0,11,3
1.0,1,1,1299,799,32.8212,-96.7853,1,1,0,0,0,11,3
1.0,1,1,1064,799,38.9954,-94.6422,1,1,0,7,0,11,3
1.0,1,1,1039,799,37.0835,-113.5823,1,1,0,9,0,11,3
1.0,1,1,2875,800,32.7876,-117.1265,1,1,0,0,3,12,6
1.5,1,1,2700,800,34.0372,-118.2972,1,1,0,0,0,11,3
1.0,1,1,2655,800,34.0799,-118.4876,0,0,1,12,99,21,1
1.0,1,1,2600,800,37.7904,-122.2151,0,0,1,0,0,11,3
1.0,1,1,2550,800,40.722,-74.0644,1,1,0,2,99,4,2
1.0,1,1,2300,800,41.0155,-73.6756,0,0,1,0,3,12,6
1.0,1,1,2221,800,34.07,-118.3501,0,0,1,6,99,20,1
1.0,1,1,2205,800,38.8738,-77.1055,1,1,0,3,0,11,3
1.0,2,1,2195,800,37.3108,-121.8645,0,0,1,2,0,11,3
1.0,2,1,2105,800,40.649,-74.3464,1,1,0,7,99,2,2
2.0,2,1,2000,800,32.8113,-79.9947,0,0,1,0,16,11,1
1.5,2,1,1995,800,32.7876,-117.1265,1,1,0,0,0,11,3
1.0,1,1,1995,800,44.9855,-93.3023,0,0,1,0,3,12,6
1.5,2,1,1975,800,34.1656,-118.3916,1,1,0,0,0,11,3
1.0,2,1,1975,800,34.1656,-118.3916,1,1,0,0,3,12,6
1.0,2,1,1950,800,32.7876,-117.1265,1,1,0,0,0,11,3
1.0,1,1,1918,800,47.6146,-122.1684,1,1,0,2,99,0,2
1.5,2,1,1900,800,34.1275,-118.0494,0,0,1,4,99,3,2
1.0,2,1,1885,800,40.2091,-74.0584,0,0,1,7,99,0,2
1.0,1,1,1825,800,34.07,-118.3501,0,0,1,6,99,20,1
1.0,1,1,1795,800,47.616,-122.3275,1,1,0,2,0,11,3
1.0,1,1,1795,800,33.9531,-118.3454,0,0,1,2,3,21,6
1.0,2,1,1795,800,45.5091,-122.6449,1,1,0,0,8,11,2
1.0,1,1,1785,800,34.1677,-118.6141,1,1,0,5,0,11,3
1.5,1,1,1750,800,40.0054,-75.1415,0,0,1,0,0,11,3
1.0,1,1,1750,800,44.9855,-93.3023,1,1,0,7,0,11,3
1.5,2,1,1750,800,40.0264,-75.3344,0,0,1,0,8,11,2
1.0,1,1,1719,800,42.2919,-71.4269,0,0,1,0,11,21,5
1.0,2,1,1700,800,40.0054,-75.1415,1,1,0,0,0,11,3
1.0,1,1,1699,800,33.7848,-84.3922,1,1,0,0,0,11,3
1.0,1,1,1695,800,44.9855,-93.3023,1,1,0,7,4,11,6
1.0,2,1,1675,800,32.7685,-117.0046,1,1,0,0,0,11,3
1.0,1,1,1657,800,47.6124,-122.1427,0,0,1,2,99,0,2
1.0,2,1,1600,800,44.4962,-73.1848,1,1,0,3,99,2,2
1.0,1,1,1600,800,40.722,-74.0644,0,0,1,3,99,3,2
1.0,2,1,1599,800,39.8502,-104.9699,0,0,1,2,99,20,1
1.0,1,1,1595,800,40.6623,-74.2087,0,0,1,0,8,11,2
1.0,2,1,1595,800,41.8625,-87.6825,1,1,0,1,12,11,5
1.0,2,1,1585,800,47.75,-122.24,1,0,0,0,0,11,3
2.0,2,1,1575,800,39.3191,-76.6126,0,0,1,0,0,11,3
1.0,1,1,1555,800,40.1512,-74.0394,0,0,1,0,99,0,2
1.0,2,1,1550,800,43.0724,-89.4003,0,0,1,2,4,11,6
1.0,2,1,1550,800,33.9604,-118.0289,0,0,1,1,22,0,2
1.0,2,1,1486,800,41.8625,-87.6825,1,1,0,1,4,11,6
1.0,2,1,1470,800,43.0724,-89.4003,1,0,0,7,4,11,6
1.0,2,1,1465,800,38.9633,-76.9375,1,1,0,0,0,11,3
1.0,2,1,1450,800,40.7061,-111.9048,1,1,0,0,0,11,3
1.0,1,1,1427,800,39.4228,-77.4164,1,1,0,1,0,11,3
1.0,2,1,1425,800,33.7848,-84.3922,1,1,0,0,8,11,2
1.0,1,1,1400,800,40.0054,-75.1415,1,0,0,0,0,11,3
1.0,1,1,1400,800,35.774,-78.6328,1,1,0,0,99,0,2
1.0,1,0,1375,800,39.266,-76.8455,1,1,0,4,99,2,2
1.0,1,1,1365,800,44.9855,-93.3023,0,0,1,0,0,11,3
1.0,2,1,1365,800,33.7416,-84.2614,1,1,0,0,3,12,6
1.0,1,1,1360,800,32.5807,-97.138,0,0,1,4,99,4,2
1.0,1,1,1350,800,42.7896,-73.9854,1,1,0,0,0,11,3
1.0,1,1,1314,800,39.6554,-105.0224,1,1,0,3,99,21,1
1.0,2,1,1300,800,30.3054,-97.7497,1,1,0,0,3,12,6
1.0,1,1,1300,800,40.2206,-74.7174,0,0,1,1,99,4,2
2.0,1,1,1295,800,44.9405,-93.1027,0,0,1,0,8,11,2
1.0,2,1,1269,800,33.5178,-112.0848,1,1,0,0,0,11,3
1.0,2,1,1264,800,27.3216,-82.4763,0,0,1,0,99,19,1
1.0,1,1,1250,800,44.9235,-93.4704,1,1,0,4,0,11,3
1.0,1,1,1250,800,26.1343,-80.233,0,0,1,3,4,11,6
1.0,2,1,1250,800,41.9049,-71.1027,1,1,0,5,99,1,2
1.0,1,1,1245,800,39.1268,-76.5127,0,0,1,0,0,11,3
1.0,1,1,1225,800,41.8625,-87.6825,0,0,1,0,19,14,4
1.0,1,1,1219,800,42.2711,-83.745,1,1,0,6,0,11,3
1.0,1,1,1199,800,28.5163,-81.3644,1,1,0,5,0,11,3
1.0,2,1,1195,800,45.5091,-122.6449,1,1,0,0,0,11,3
2.5,2,1,1194,800,35.7585,-78.7783,1,1,0,6,99,21,1
1.0,1,1,1185,800,38.8391,-76.9175,0,0,1,3,99,20,1
1.0,1,0,1185,800,34.0007,-84.4665,1,1,0,6,99,3,2
1.0,0,1,1150,800,41.824,-71.4315,0,0,1,3,4,11,6
1.0,1,1,1139,800,29.6533,-82.3656,1,1,0,13,0,11,3
1.0,1,1,1125,800,43.0724,-89.4003,1,1,0,2,8,10,2
1.0,2,1,1100,800,39.6894,-105.1119,0,0,1,0,0,11,3
1.0,2,1,1100,800,47.0181,-122.886,0,0,1,0,3,12,6
1.0,1,1,1070,800,44.8461,-93.1596,1,1,0,11,0,11,3
1.0,1,1,1065,800,43.1921,-89.2195,1,1,0,8,4,11,6
1.0,1,1,1050,800,41.5539,-87.6709,1,0,0,0,0,11,3
1.0,2,1,1049,800,35.8079,-78.6466,1,1,0,2,99,1,2
1.0,2,1,1030,800,43.7012,-85.4657,0,0,1,0,4,11,6
1.0,1,1,1030,800,40.7394,-74.1845,0,0,1,2,99,2,2
1.0,2,1,1025,800,42.9112,-78.8171,1,1,0,5,0,11,3
1.0,2,1,1025,800,38.7388,-104.7078,0,0,1,7,99,1,2
1.0,1,0,1025,800,39.2946,-76.6235,0,0,1,4,99,4,2
1.0,2,1,1015,800,61.1723,-149.8414,1,1,0,1,0,11,3
1.0,2,1,1000,800,39.1471,-86.5136,1,1,0,4,0,11,3
1.0,2,1,999,800,30.3054,-97.7497,0,0,1,3,0,11,3
1.0,2,1,999,800,35.823,-78.6438,1,1,0,2,8,10,2
1.0,1,1,990,800,40.4261,-79.7631,0,0,1,1,99,4,2
1.0,2,1,982,800,41.3498,-72.1062,0,0,1,4,99,4,2
1.0,1,1,979,800,33.5137,-86.7893,1,1,0,4,0,11,3
1.0,2,1,960,800,40.4969,-86.9659,0,0,1,3,0,11,3
1.0,1,1,960,800,39.3754,-76.8054,1,1,0,9,99,4,2
1.0,1,1,959,800,42.2711,-83.745,1,1,0,6,0,11,3
1.0,1,1,950,800,40.0054,-75.1415,0,0,1,2,0,11,3
1.0,2,1,950,800,39.0744,-94.5521,1,1,0,4,4,11,6
1.0,2,1,950,800,39.1103,-94.702,1,1,0,7,4,11,6
1.0,2,0,950,800,41.3534,-72.0368,1,1,0,0,99,4,2
1.0,1,1,940,800,39.4642,-76.8115,0,0,1,7,99,4,2
1.0,1,1,925,800,38.8098,-89.9522,0,1,0,0,0,11,3
1.0,2,1,925,800,30.3054,-97.7497,1,1,0,4,0,11,3
1.0,2,1,915,800,30.4601,-84.2714,1,1,0,6,0,11,3
1.0,2,1,900,800,39.0744,-94.5521,1,0,0,5,4,11,6
1.0,1,1,900,800,35.4815,-97.5355,1,1,0,2,99,4,2
1.0,1,1,895,800,33.5137,-86.7893,1,1,0,3,0,11,3
1.0,2,1,895,800,35.6982,-97.4325,0,0,1,1,99,3,2
1.0,1,1,892,800,35.8079,-78.6466,0,0,1,2,99,2,2
1.0,1,1,879,800,34.7264,-92.348,1,1,0,4,0,11,3
1.0,2,1,875,800,39.7078,-86.3938,1,1,0,6,0,11,3
1.0,1,1,855,800,29.5496,-98.526,0,0,1,3,0,11,3
1.0,1,1,854,800,41.4983,-81.6437,1,1,0,1,99,21,1
2.0,2,1,850,800,32.6692,-96.8751,0,0,1,1,99,22,1
1.0,1,0,850,800,38.8299,-104.8201,0,0,1,2,99,1,2
1.0,1,1,845,800,41.2562,-96.0404,1,0,0,0,0,11,3
1.0,1,1,845,800,41.2562,-96.0404,1,1,0,0,0,11,3
1.0,2,1,825,800,41.2562,-96.0404,1,1,0,0,0,11,3
1.0,1,1,815,800,32.0245,-81.1067,1,1,0,4,0,11,3
1.0,2,1,800,800,38.7918,-104.8265,0,0,1,3,99,1,2
1.0,2,1,800,800,38.8379,-104.8378,0,0,1,2,99,1,2
1.0,1,1,795,800,39.0744,-94.5521,1,1,0,5,4,11,6
1.0,1,1,790,800,42.6101,-82.836,1,0,0,7,0,11,3
1.0,2,1,775,800,41.3995,-82.3634,0,0,1,0,0,11,3
1.0,1,1,775,800,39.0744,-94.5521,1,1,0,7,4,11,6
1.0,2,1,750,800,41.6251,-93.7375,0,0,1,4,0,11,3
1.0,1,1,750,800,38.0172,-84.4931,1,1,0,11,0,11,3
1.0,2,1,750,800,41.5927,-93.6276,0,0,1,4,0,11,3
1.0,1,1,750,800,42.3729,-87.8624,0,0,1,1,11,21,5
1.0,2,1,749,800,35.471,-97.5299,1,1,0,0,0,11,3
1.0,2,1,745,800,38.2855,-104.5792,1,1,0,6,99,2,2
1.0,1,1,729,800,29.4624,-98.5253,1,1,0,0,0,11,3
1.0,2,1,725,800,41.5835,-93.7597,0,0,1,4,0,11,3
1.0,2,1,725,800,41.5835,-93.7597,0,0,1,4,0,11,3
2.0,2,1,725,800,41.4954,-90.3928,1,1,0,6,0,11,3
1.0,1,1,725,800,40.4261,-79.7631,0,0,1,1,99,4,2
1.0,3,1,720,800,42.0259,-93.6516,0,0,1,0,0,11,3
1.0,2,1,720,800,41.2562,-96.0404,0,0,1,0,3,12,6
1.0,1,1,700,800,39.1471,-86.5136,1,1,0,7,0,11,3
1.0,1,1,700,800,34.7754,-84.9497,0,0,1,0,3,12,6
1.0,2,1,695,800,39.0805,-94.3997,0,0,1,4,15,21,1
1.0,1,1,675,800,37.1892,-93.2908,1,1,0,5,0,11,3
1.0,2,1,675,800,41.315,-93.572,1,0,0,4,0,11,3
1.0,2,0,675,800,40.4526,-80.0534,1,1,0,5,99,4,2
1.0,2,1,660,800,38.9401,-92.3167,0,0,1,0,0,11,3
1.0,2,1,660,800,42.0259,-93.6516,0,0,1,0,0,11,3
1.0,2,1,650,800,42.0332,-97.4236,1,1,0,0,0,11,3
1.5,2,1,650,800,48.2469,-101.3017,0,0,1,0,0,11,3
1.0,2,1,630,800,39.76,-94.8272,1,1,0,5,0,11,3
1.0,2,1,629,800,30.7084,-96.347,1,1,0,3,4,11,6
1.0,2,1,625,800,48.2469,-101.3017,0,0,1,0,0,11,3
1.0,2,1,625,800,48.2469,-101.3017,1,1,0,0,0,11,3
1.0,1,1,580,800,32.9158,-96.8961,1,1,0,0,99,21,1
1.0,1,1,555,800,33.7385,-84.2671,1,1,0,2,99,1,2
1.0,1,1,550,800,42.7449,-83.0073,0,0,1,0,4,11,6
1.0,1,1,475,800,36.7944,-89.9608,1,1,0,0,4,11,6
1.0,1,1,910,801,39.1912,-84.4615,1,1,0,7,99,0,2
1.0,1,1,830,801,36.0341,-95.7854,1,1,0,5,0,11,3
1.0,2,1,760,801,41.6475,-93.4713,0,0,1,3,1,22,1
1.0,2,1,632,801,35.5017,-96.8974,0,0,1,1,0,22,2
1.0,1,1,2816,802,34.1056,-118.3668,1,1,0,4,99,21,1
1.0,1,1,1824,802,32.8212,-96.7853,1,1,0,0,0,11,3
1.0,2,1,1695,802,33.2181,-117.3166,0,0,1,0,0,11,3
1.0,1,1,1656,802,39.736,-104.9819,1,1,0,1,0,11,3
1.0,3,1,1365,802,43.0724,-89.4003,1,1,0,11,4,11,6
1.0,1,1,1280,802,30.3054,-97.7497,0,0,1,3,0,11,3
1.0,1,1,1065,802,35.9165,-78.9177,0,0,1,6,99,3,2
1.0,1,1,985,802,30.5118,-97.6873,0,0,1,0,0,11,3
1.0,1,1,985,802,30.4973,-97.8276,0,0,1,0,0,11,3
1.0,1,1,975,802,29.7714,-95.4343,1,0,0,0,0,11,3
1.0,1,1,695,802,48.2469,-101.3017,0,0,1,0,0,11,3
1.0,1,1,1795,803,40.2091,-74.0584,0,0,1,7,99,0,2
1.0,1,1,1475,803,33.9264,-117.2346,1,1,0,3,0,11,3
2.0,2,1,1325,803,34.0985,-117.466,0,0,1,3,11,21,5
1.0,2,1,1180,803,43.0724,-89.4003,1,1,0,0,0,11,3
1.0,1,1,1175,803,38.6274,-90.304,1,1,0,0,16,11,1
1.0,1,1,1079,803,40.4067,-105.0984,1,1,0,5,0,11,3
1.0,2,1,1025,803,32.7583,-97.088,0,0,1,2,99,2,2
1.0,2,1,1025,803,32.7583,-97.088,1,1,0,2,99,2,2
1.0,2,1,1025,803,32.7583,-97.088,0,0,1,2,99,2,2
1.0,1,1,899,803,39.9735,-86.1243,1,1,0,1,0,11,3
1.0,1,1,2145,804,32.8212,-96.7853,1,1,0,0,0,11,3
1.0,1,1,1850,804,41.9784,-70.9751,1,1,0,11,0,11,3
1.0,1,1,1415,804,39.0976,-76.8614,1,1,0,7,0,11,3
1.0,2,1,1358,804,47.3866,-122.1969,1,1,0,8,99,2,2
1.0,2,0,1318,804,47.3866,-122.1969,1,1,0,8,99,2,2
1.0,1,1,1235,804,39.4349,-76.6549,1,1,0,4,99,3,2
1.0,2,1,725,804,40.3613,-86.9005,1,1,0,0,3,12,6
1.0,2,1,600,804,35.8635,-101.9666,0,0,1,3,21,0,3
1.0,1,1,1860,805,39.1527,-76.9306,1,1,0,3,99,21,1
1.0,1,1,1730,805,39.1527,-76.9306,0,0,1,3,99,21,1
1.0,1,1,1730,805,39.1527,-76.9306,0,0,1,3,99,21,1
1.0,1,1,1710,805,34.1132,-117.6615,0,0,1,0,0,11,3
1.0,1,1,1545,805,39.736,-104.9819,1,1,0,1,0,11,3
1.0,1,1,1394,805,39.1695,-77.2694,0,0,1,4,99,23,1
1.0,1,1,1322,805,38.9844,-76.4994,1,1,0,1,0,11,3
1.0,2,1,1025,805,38.8562,-104.772,1,1,0,4,0,11,3
1.0,1,1,975,805,38.6274,-90.304,1,1,0,0,0,11,3
1.5,2,1,563,805,33.4632,-94.0736,0,0,1,5,99,0,2
1.0,1,1,2338,806,38.9348,-77.059,0,0,1,0,0,20,2
1.0,1,1,2249,806,38.9348,-77.059,0,0,1,0,0,20,2
1.0,1,1,1500,806,30.3054,-97.7497,0,0,1,5,0,11,3
1.0,1,1,1400,806,29.7714,-95.4343,1,1,0,9,0,11,3
1.0,1,1,1110,806,30.2989,-81.6324,1,1,0,0,0,11,3
1.0,1,1,940,806,40.4448,-79.9725,1,0,0,10,0,11,3
1.0,1,1,939,806,35.9998,-79.9305,1,1,0,3,99,19,1
1.0,2,1,650,806,39.1984,-96.6052,1,1,0,2,0,11,3
1.0,2,1,595,806,43.1029,-84.692,0,0,1,0,3,12,6
1.0,1,1,1110,807,35.9907,-78.9074,0,0,1,4,0,11,3
1.0,1,1,1095,807,43.6046,-116.2475,1,1,0,0,0,11,3
1.0,1,1,2457,808,47.6869,-122.1896,0,0,1,1,99,2,2
1.0,1,1,1649,808,34.164,-118.4984,0,0,1,0,0,11,3
1.0,2,1,1325,808,43.0724,-89.4003,1,1,0,3,4,11,6
1.0,1,1,1295,808,39.3191,-76.6126,0,0,1,0,0,11,3
1.0,1,1,1205,808,32.833,-83.6723,1,1,0,10,0,11,3
1.0,1,1,1080,808,35.2314,-97.5069,0,0,1,7,99,4,2
1.0,1,1,1055,808,35.2314,-97.5069,0,0,1,7,99,4,2
1.0,1,1,953,808,35.7751,-78.6391,0,0,1,3,99,3,2
1.0,1,1,830,808,35.6264,-77.4386,1,1,0,4,99,3,2
1.0,2,1,820,808,39.022,-94.4645,0,0,1,1,77,21,2
2.0,3,1,400,808,40.1145,-88.2723,0,0,1,2,0,11,3
1.0,1,1,5525,809,37.7599,-122.4379,0,0,1,0,0,11,3
1.0,1,1,2195,809,34.1542,-118.4447,1,1,0,0,0,11,3
1.0,1,1,1247,809,47.3045,-122.3726,0,0,1,6,99,1,2
1.0,1,1,919,809,38.2009,-85.6999,1,1,0,13,4,11,6
1.0,1,1,911,809,29.7714,-95.4343,1,1,0,4,0,11,3
1.0,1,1,845,809,39.4051,-84.5097,0,0,1,4,99,22,1
1.0,1,1,830,809,39.4051,-84.5097,0,0,1,3,99,22,1
1.0,2,1,3010,810,42.328,-71.071,1,0,0,8,99,20,1
1.0,1,1,2095,810,40.7925,-74.0215,0,0,1,5,99,1,2
1.0,1,1,1900,810,30.3054,-97.7497,1,1,0,0,0,11,3
1.0,1,1,1795,810,40.2897,-74.0189,1,1,0,3,99,0,2
1.0,2,1,1550,810,42.7282,-71.1802,0,0,1,1,11,21,5
1.0,2,1,1515,810,33.945,-117.4074,1,0,0,0,0,11,3
1.0,1,1,1425,810,47.5988,-122.1507,0,0,1,0,0,11,3
1.0,2,1,1278,810,38.942,-76.9632,0,0,1,1,99,20,1
1.0,1,1,1200,810,45.2835,-93.3871,1,1,0,11,4,11,6
1.0,1,1,1150,810,42.7509,-73.6189,1,1,0,0,0,11,3
1.0,1,1,855,810,35.6757,-97.4949,1,1,0,0,0,11,3
2.0,2,1,825,810,29.8831,-97.945,1,1,0,4,3,12,6
1.0,2,1,774,810,39.1679,-84.4933,1,1,0,7,4,11,6
1.0,1,1,758,810,35.6217,-97.4702,1,1,0,7,99,3,2
1.0,1,1,731,810,35.6217,-97.4702,1,1,0,6,99,3,2
1.0,2,1,725,810,42.0259,-93.6516,1,0,0,0,4,11,6
1.0,2,1,702,810,39.7528,-84.1744,0,0,1,3,11,21,5
1.0,2,1,700,810,42.0259,-93.6516,0,0,1,0,4,11,6
1.0,1,1,1315,811,29.7714,-95.4343,1,1,0,1,0,11,3
1.0,1,1,1155,811,33.3029,-111.8667,1,1,0,1,0,11,3
1.0,1,1,975,811,41.2562,-96.0404,1,1,0,0,0,11,3
1.0,2,1,958,811,35.7585,-78.7783,1,1,0,7,99,21,1
1.0,1,1,925,811,40.4738,-86.1409,0,0,1,0,0,11,3
1.0,2,1,909,811,35.7585,-78.7783,1,1,0,7,99,21,1
1.0,3,1,600,811,36.2528,-116.0181,0,0,1,1,19,0,5
1.0,2,1,1650,812,44.4962,-73.1848,1,1,0,3,99,2,2
1.0,3,1,1595,812,43.0724,-89.4003,0,0,1,2,4,11,6
1.0,1,1,1277,812,39.065,-76.9815,1,1,0,7,99,1,2
1.0,1,1,1146,812,43.0531,-87.9659,1,1,0,10,4,11,6
1.5,2,1,1100,812,30.3054,-97.7497,0,0,1,0,0,11,3
1.0,2,1,1025,812,35.9907,-78.9074,1,1,0,7,0,11,3
1.0,1,1,1025,812,42.0876,-71.025,0,0,1,1,99,22,1
1.0,1,1,999,812,44.9235,-93.4704,0,0,1,0,8,11,2
1.0,2,1,895,812,43.0531,-87.9659,1,1,0,3,8,10,2
1.0,1,1,891,812,41.6828,-93.7077,1,1,0,4,0,11,3
1.0,1,1,835,812,48.2469,-101.3017,0,0,1,0,0,11,3
1.0,1,1,1365,813,32.9659,-96.9864,1,1,0,2,0,11,3
1.0,1,1,1328,813,32.9314,-97.0956,0,0,1,4,99,4,2
1.0,1,1,815,813,29.7714,-95.4343,0,0,1,2,12,10,5
1.0,1,1,1650,814,39.1649,-76.7156,1,1,0,0,0,20,2
1.0,1,1,1595,814,39.0744,-94.5521,1,1,0,10,4,11,6
1.0,1,1,1240,814,39.9578,-74.8036,1,1,0,10,99,2,2
1.0,1,1,1015,814,33.6795,-84.1596,1,1,0,9,99,2,2
1.0,1,1,995,814,33.6795,-84.1596,1,1,0,9,99,2,2
1.0,2,1,700,814,42.0259,-93.6516,0,0,1,1,4,11,6
1.0,1,1,2595,815,40.789,-74.0122,1,1,0,3,99,2,2
1.0,1,1,2585,815,40.789,-74.0122,0,0,1,3,99,2,2
1.0,2,1,1799,815,47.616,-122.3275,0,0,1,0,0,11,3
1.0,1,1,1570,815,39.1268,-76.5127,1,1,0,15,99,4,2
1.5,2,1,1000,815,38.8562,-104.772,0,0,1,0,0,11,3
1.0,1,1,919,815,34.9674,-78.945,1,1,0,0,0,11,3
1.0,2,1,639,815,39.7942,-84.2701,0,0,1,5,99,2,2
1.0,2,1,539,815,40.8623,-84.5874,1,1,0,5,0,11,3
1.0,2,1,2195,816,33.8056,-118.1696,1,1,0,2,0,11,3
1.0,1,1,1555,816,32.7863,-96.8205,0,0,1,5,99,19,1
1.0,2,1,1195,816,45.6558,-122.5888,0,0,1,0,0,11,3
1.0,2,1,1150,816,47.0758,-122.3959,0,0,1,2,24,21,6
1.0,1,1,1048,816,35.5884,-82.56,1,1,0,13,0,11,3
1.0,2,1,875,816,48.2469,-101.3017,1,1,0,0,0,11,3
1.0,2,1,745,816,42.0259,-93.6516,1,0,0,0,4,11,6
1.0,1,1,1799,817,42.2081,-70.9524,1,1,0,11,0,11,3
2.0,3,1,1595,817,45.2066,-123.2167,0,0,1,0,0,11,3
1.0,1,1,1195,817,42.8587,-73.9562,1,1,0,0,0,11,3
1.0,2,1,1025,817,38.6274,-90.304,1,1,0,1,3,12,6
1.0,1,1,935,817,29.7714,-95.4343,1,1,0,2,0,11,3
1.0,1,1,2148,818,40.8488,-73.9736,0,0,1,1,99,0,2
1.0,1,1,1733,818,39.1649,-76.7156,0,0,1,6,99,3,2
1.0,1,1,1638,818,39.1649,-76.7156,0,0,1,6,99,3,2
1.0,1,1,1631,818,39.1649,-76.7156,0,0,1,6,99,3,2
1.0,1,1,1400,818,35.8455,-78.3386,0,0,1,4,99,1,2
1.0,1,1,1178,818,29.5416,-95.1405,1,1,0,7,0,11,3
1.0,1,1,959,818,29.157,-82.1514,1,1,0,5,0,11,3
1.0,1,1,4300,819,37.7599,-122.4379,0,0,1,0,19,14,4
1.0,1,0,3525,819,40.722,-74.0644,1,1,0,0,99,4,2
1.0,0,1,2900,819,34.0372,-118.2972,1,1,0,0,4,12,6
1.0,1,1,2580,819,40.7766,-74.3914,0,0,1,2,99,1,2
1.0,1,1,1735,819,30.3054,-97.7497,1,1,0,6,0,11,3
1.0,1,1,1401,819,34.0648,-84.0849,1,1,0,12,99,1,2
1.0,2,1,1400,819,38.954,-76.8968,0,0,1,7,99,21,1
1.0,2,1,1250,819,33.7848,-84.3922,1,1,0,0,26,11,5
1.0,1,1,1185,819,43.0724,-89.4003,1,1,0,9,4,11,6
1.0,1,1,1103,819,39.0459,-104.8179,1,1,0,2,99,2,2
1.0,1,1,1005,819,40.4261,-79.7631,0,0,1,2,99,4,2
1.0,3,1,990,819,40.1145,-88.2723,0,0,1,2,0,11,3
1.0,1,1,2048,820,47.6156,-122.2109,0,0,1,1,99,0,2
1.0,2,1,1900,820,33.9531,-118.3454,1,1,0,0,0,11,3
1.0,1,1,1900,820,44.0559,-121.3041,1,1,0,0,0,11,3
1.0,1,1,1733,820,40.4667,-79.95,0,0,1,1,99,4,2
1.0,1,1,1700,820,46.8013,-100.7562,1,1,0,0,0,11,3
1.0,2,1,1685,820,47.616,-122.3275,1,1,0,0,19,14,4
1.0,3,1,1663,820,41.8625,-87.6825,1,1,0,1,12,11,5
1.0,2,1,1600,820,38.3622,-121.9712,1,1,0,0,0,11,3
1.0,2,1,1549,820,47.4608,-122.2095,1,1,0,3,99,4,2
1.0,2,1,1456,820,40.4448,-79.9725,1,1,0,4,16,11,1
1.0,2,1,1455,820,47.8495,-122.2825,1,1,0,8,99,3,2
1.0,1,1,1373,820,32.9239,-96.8765,1,1,0,0,0,11,3
1.0,1,1,1370,820,32.8427,-96.9607,1,1,0,1,0,11,3
1.0,1,1,1315,820,29.7714,-95.4343,1,1,0,10,0,11,3
1.0,1,1,1225,820,47.3099,-122.3139,0,0,1,3,99,0,2
1.0,2,1,1220,820,39.6904,-105.0901,1,1,0,3,99,20,1
1.0,1,1,1215,820,47.3071,-122.3404,1,1,0,11,4,11,6
1.0,1,1,1202,820,47.9338,-122.2052,1,1,0,12,0,11,3
1.0,1,1,1177,820,38.9954,-94.6422,1,1,0,1,0,11,3
1.0,1,1,1115,820,39.4915,-76.6609,0,0,1,5,99,1,2
1.0,1,1,1115,820,39.4915,-76.6609,0,0,1,5,99,2,2
1.0,1,1,1025,820,40.7061,-111.9048,1,1,0,0,0,11,3
1.0,1,1,1022,820,30.0532,-95.2033,1,1,0,3,0,11,3
1.0,1,1,1015,820,33.9649,-84.5107,1,1,0,0,0,11,3
1.0,1,1,873,820,32.833,-83.6723,1,1,0,4,0,11,3
1.0,1,1,835,820,48.2469,-101.3017,1,1,0,0,0,11,3
1.0,1,1,835,820,48.2469,-101.3017,1,1,0,0,0,11,3
1.0,1,1,775,820,48.2469,-101.3017,0,0,1,0,0,11,3
1.0,2,1,735,820,39.2228,-84.5835,0,0,1,3,99,1,2
1.0,2,1,625,820,35.5119,-97.5026,0,0,1,0,99,4,2
1.0,1,1,585,820,44.5099,-88.0178,1,1,0,6,0,11,3
1.0,1,1,1695,821,45.6658,-111.1159,1,1,0,0,0,11,3
1.0,1,0,910,821,33.6912,-84.2465,0,0,1,4,99,2,2
1.0,2,1,650,821,29.7714,-95.4343,1,1,0,6,4,11,6
1.0,1,1,1870,822,32.8004,-96.7887,1,1,0,8,99,18,1
1.0,2,1,1795,822,47.616,-122.3275,0,1,0,0,0,11,3
1.0,2,1,975,822,30.5118,-97.6873,0,0,1,3,0,11,3
1.0,1,1,880,822,37.6836,-97.3369,0,0,1,10,0,11,3
1.0,1,1,800,822,46.8608,-96.8096,0,0,1,0,3,12,6
1.0,1,1,2560,823,40.789,-74.0122,0,0,1,3,99,2,2
1.0,1,1,1575,823,43.0531,-87.9659,1,1,0,10,12,11,5
1.0,1,1,1560,823,43.1486,-87.9118,1,0,0,10,0,11,3
1.0,2,1,1280,823,32.6924,-97.1324,1,1,0,10,99,2,2
1.0,1,1,1169,823,36.0993,-115.2838,0,0,1,5,99,20,1
1.0,1,1,1159,823,34.1222,-84.2975,0,0,1,6,99,0,2
2.0,2,1,1100,823,42.0259,-93.6516,0,0,1,0,0,11,3
1.0,1,1,2035,824,47.5988,-122.1507,1,0,0,0,0,11,3
1.0,2,1,1840,824,47.791,-122.2177,1,1,0,2,99,1,2
2.0,3,1,1736,824,34.0791,-84.2039,0,0,1,4,99,0,2
1.0,1,1,1549,824,30.3054,-97.7497,0,0,1,3,0,11,3
1.0,1,1,1405,824,32.8212,-96.7853,1,1,0,1,0,11,3
1.0,1,1,1150,824,44.8144,-93.1655,1,1,0,0,0,11,3
1.0,1,1,1070,824,40.5734,-111.8511,1,1,0,5,0,11,3
1.0,2,0,1005,824,35.8079,-78.6466,1,1,0,11,99,1,2
1.0,2,1,995,824,35.823,-78.6438,1,1,0,4,8,10,2
1.0,1,1,600,824,30.0796,-95.617,0,0,1,8,4,11,6
1.0,2,1,2475,825,33.852,-118.3759,0,0,1,1,8,10,2
1.0,1,1,2199,825,34.1656,-118.3916,1,1,0,0,0,11,3
1.0,2,1,1895,825,47.616,-122.3275,0,0,1,0,0,11,3
1.0,1,1,1800,825,40.2967,-74.6137,0,0,1,5,99,4,2
1.0,1,1,1645,825,34.0648,-84.0849,1,1,0,14,99,1,2
2.0,2,1,1600,825,40.0054,-75.1415,0,0,1,5,4,11,6
1.0,1,1,1587,825,40.2967,-74.6137,0,0,1,4,99,4,2
1.0,2,1,1550,825,30.3054,-97.7497,1,1,0,0,0,11,3
1.0,2,1,1549,825,41.8625,-87.6825,1,1,0,1,0,11,3
1.0,2,1,1525,825,33.7416,-84.2614,0,0,1,0,19,14,4
1.0,1,1,1495,825,41.6505,-70.9367,1,1,0,10,0,11,3
1.0,1,0,1436,825,38.8995,-104.6992,0,0,1,1,99,2,2
1.0,1,1,1425,825,38.9148,-104.7713,0,0,1,3,99,2,2
1.0,1,1,1400,825,40.0054,-75.1415,1,1,0,0,0,11,3
1.0,1,1,1376,825,38.9577,-104.7566,0,0,1,4,99,2,2
1.0,1,1,1346,825,36.1036,-80.2159,1,1,0,11,99,18,1
1.0,2,1,1265,825,39.5551,-76.9906,1,1,0,6,99,4,2
1.0,2,1,1185,825,45.4851,-122.8349,0,0,1,6,0,11,3
1.0,2,1,1015,825,38.8562,-104.772,1,1,0,4,0,11,3
1.5,1,1,1005,825,39.7475,-75.0223,1,1,0,6,99,2,2
1.0,2,1,985,825,41.2562,-96.0404,1,0,0,5,0,11,3
1.5,2,1,955,825,39.1366,-84.4337,1,0,0,3,99,0,2
1.0,1,1,925,825,39.0744,-94.5521,1,1,0,0,0,11,3
1.0,2,1,875,825,46.599,-120.5572,0,0,1,0,0,11,3
1.0,1,1,850,825,41.2562,-96.0404,1,1,0,0,0,11,3
1.0,2,1,825,825,35.9695,-83.981,1,1,0,0,0,11,3
1.0,1,1,775,825,34.678,-92.7603,1,1,0,0,0,11,3
1.0,2,1,710,825,42.7199,-84.5731,0,0,1,4,0,11,3
1.0,2,1,700,825,40.2057,-85.4,1,1,0,7,0,11,3
1.0,2,1,615,825,38.2006,-84.9469,1,1,0,6,0,11,3
1.0,1,1,1899,826,47.6829,-122.1209,0,0,1,2,99,3,2
1.0,1,1,1450,826,40.5853,-105.0839,0,0,1,3,99,0,2
1.0,1,1,1300,826,26.1806,-81.7257,1,1,0,11,0,11,3
1.0,1,1,1275,826,32.833,-83.6723,1,1,0,8,0,11,3
1.0,1,1,1009,826,28.6658,-81.3932,1,1,0,11,0,11,3
1.0,1,1,950,826,29.7714,-95.4343,1,0,0,0,0,11,3
1.0,1,1,900,826,29.7714,-95.4343,1,0,0,2,0,11,3
1.0,1,1,2895,827,37.3905,-122.0796,1,1,0,1,0,11,3
1.0,1,1,1700,827,38.6487,-77.3152,1,1,0,5,0,11,3
1.0,1,1,1650,827,40.2206,-74.7174,1,1,0,3,99,4,2
1.0,1,1,1315,827,34.1222,-84.2975,0,0,1,3,99,0,2
1.0,1,1,1191,827,30.4973,-97.8276,0,0,1,5,0,11,3
1.0,1,1,976,827,30.4973,-97.8276,1,1,0,0,3,12,6
1.0,1,1,964,827,37.1386,-77.3919,1,1,0,12,99,23,1
1.0,1,1,958,827,35.1354,-89.7585,1,1,0,13,4,11,6
1.0,1,1,2290,828,30.3054,-97.7497,1,1,0,6,0,11,3
1.0,1,1,1800,828,39.1527,-76.9306,0,0,1,3,99,21,1
1.0,1,1,1688,828,38.7864,-77.6563,0,0,1,0,0,11,3
2.0,2,1,1568,828,40.7985,-77.8612,1,0,0,0,0,11,3
1.0,1,1,1395,828,27.3071,-80.4554,1,1,0,5,99,0,2
1.0,1,1,1250,828,39.4944,-77.4535,1,1,0,0,0,20,2
1.0,1,1,1220,828,39.4944,-77.4535,1,1,0,0,0,20,2
1.0,1,1,1070,828,34.1139,-84.0073,1,1,0,5,0,11,3
2.0,2,1,635,828,42.0621,-93.8855,1,1,0,4,4,11,6
1.0,2,1,625,828,33.0769,-83.3032,0,0,1,6,5,21,4
1.0,1,1,2870,829,47.6869,-122.1896,1,1,0,7,99,2,2
1.0,1,1,1729,829,33.7848,-84.3922,1,0,0,0,0,11,3
1.0,2,1,1695,829,39.736,-104.9819,0,0,1,0,0,11,3
1.0,1,0,1380,829,32.9314,-97.0956,0,0,1,3,99,4,2
1.0,1,1,1281,829,37.1223,-76.4484,0,0,1,2,99,23,1
1.0,1,1,1970,830,40.9472,-74.2427,1,1,0,15,99,4,2
1.0,1,1,1876,830,42.3968,-71.0342,1,1,0,9,0,11,3
1.0,2,1,1875,830,40.6077,-74.2824,0,0,1,7,99,1,2
1.0,1,1,1790,830,41.8625,-87.6825,1,1,0,0,0,11,3
1.0,1,1,1570,830,33.8323,-117.9079,0,0,1,0,0,11,3
1.0,2,1,1550,830,47.75,-122.24,0,0,1,3,4,11,6
1.0,2,1,1486,830,41.2562,-96.0404,0,0,1,5,0,11,3
1.0,1,1,1475,830,40.8861,-74.4847,0,0,1,0,3,12,6
1.0,1,1,1430,830,43.0531,-87.9659,1,1,0,9,0,11,3
1.0,1,1,1420,830,36.7434,-76.2257,0,0,1,7,99,19,1
1.0,1,1,1330,830,43.0637,-88.1403,1,1,0,8,0,11,3
1.0,2,1,1270,830,42.9833,-71.4574,1,1,0,7,99,1,2
1.0,1,1,1039,830,33.9351,-84.5289,1,1,0,4,99,3,2
1.0,1,1,1018,830,33.9222,-84.0725,0,0,1,5,99,3,2
1.0,2,1,920,830,41.3864,-81.7377,0,0,1,4,99,21,1
1.0,2,1,899,830,40.7061,-111.9048,0,0,1,0,0,11,3
1.0,2,1,799,830,36.8892,-76.2382,0,0,1,0,99,21,1
1.0,1,1,795,830,30.0871,-95.4685,1,1,0,11,4,11,6
2.0,2,1,781,830,32.275,-95.3017,1,1,0,2,99,1,2
1.0,2,1,680,830,37.2737,-79.9668,1,1,0,2,0,11,3
1.0,1,1,1882,831,40.3663,-74.6688,0,0,1,1,99,4,2
1.0,3,1,1290,831,39.0744,-94.5521,1,1,0,1,4,11,6
1.0,1,1,850,831,39.2858,-84.522,1,1,0,3,99,1,2
1.0,1,1,2920,832,40.722,-74.0644,0,0,1,4,99,4,2
1.0,1,1,2495,832,40.8342,-73.9735,0,0,1,2,99,0,2
1.0,1,1,1700,832,32.8212,-96.7853,1,1,0,0,0,11,3
1.0,2,1,1550,832,33.7848,-84.3922,0,0,1,0,24,11,0
1.0,2,1,1325,832,45.4922,-122.8578,1,1,0,0,0,11,3
1.0,2,1,1245,832,39.0744,-94.5521,1,1,0,1,0,11,3
1.0,1,1,981,832,36.0346,-78.869,0,0,1,0,99,3,2
1.0,1,1,952,832,40.4042,-80.0968,1,0,0,10,0,11,3
1.0,1,1,891,832,35.6757,-97.4949,1,1,0,1,0,11,3
1.0,1,1,800,832,36.3317,-82.3837,1,1,0,0,0,11,3
1.0,1,1,1800,833,42.4164,-71.0059,0,0,1,0,0,11,3
1.0,1,1,1445,833,45.6037,-122.6756,1,1,0,8,0,11,3
1.0,2,1,1399,833,42.9833,-71.4574,1,1,0,8,99,1,2
1.0,1,1,1335,833,28.0569,-82.6059,0,0,1,1,0,11,3
1.0,2,1,1300,833,39.5235,-119.8016,1,1,0,4,0,11,3
1.0,2,1,1299,833,42.9833,-71.4574,1,1,0,8,99,1,2
1.0,2,1,1245,833,39.5902,-74.3541,0,0,1,2,99,3,2
1.0,2,1,1209,833,39.5902,-74.3541,0,0,1,2,99,3,2
1.0,1,1,1092,833,33.0023,-96.8406,1,1,0,1,99,0,2
1.0,1,1,1025,833,45.1748,-93.3109,0,0,1,5,3,12,6
1.0,1,1,999,833,43.1921,-89.2195,1,0,0,11,4,11,6
1.0,1,1,969,833,35.823,-78.6438,1,1,0,15,99,0,2
1.0,1,1,885,833,40.8062,-96.6778,1,1,0,7,0,11,3
2.0,2,1,2275,834,34.1517,-118.3651,1,1,0,0,0,11,3
1.0,1,0,2265,834,35.9966,-78.8991,0,0,1,2,99,2,2
1.0,2,1,1950,834,34.164,-118.4984,0,0,1,0,0,11,3
1.0,1,1,1710,834,34.092,-117.8844,0,0,1,0,0,11,3
1.0,1,1,1350,834,29.4624,-98.5253,1,1,0,4,0,11,3
1.5,1,1,1015,834,32.722,-97.083,0,0,1,2,99,2,2
1.0,1,1,905,834,32.4418,-99.7494,1,1,0,6,0,11,3
1.0,2,1,795,834,47.9179,-97.0658,0,0,1,0,0,11,3
1.0,1,1,2184,835,30.3054,-97.7497,1,1,0,6,0,11,3
2.0,2,1,2095,835,33.8726,-117.8546,0,0,1,10,1,10,2
1.0,2,0,1898,835,40.3346,-74.5794,1,1,0,3,99,4,2
1.0,1,1,1350,835,39.0744,-94.5521,1,1,0,0,0,11,3
1.0,2,1,1245,835,38.8516,-76.8871,1,0,0,0,99,21,1
1.0,1,1,1029,835,35.6714,-79.1694,1,1,0,1,99,0,2
1.0,1,1,925,835,30.4601,-84.2714,1,1,0,10,0,11,3
1.0,1,1,870,835,41.2562,-96.0404,1,1,0,0,0,11,3
1.0,1,1,1545,836,39.2608,-77.278,0,0,1,2,99,23,1
1.0,1,1,1320,836,39.4276,-76.7727,0,0,1,7,99,4,2
1.0,1,1,1180,836,29.4624,-98.5253,0,0,1,1,0,11,3
1.0,1,1,1123,836,32.8524,-97.0886,0,0,1,2,99,3,2
1.0,1,1,919,836,30.2989,-81.6324,1,1,0,10,4,11,6
1.0,2,1,1745,837,47.5892,-122.0343,1,1,0,10,99,4,2
1.0,2,1,1745,837,47.5892,-122.0343,1,1,0,10,99,4,2
1.0,2,1,1670,837,47.5892,-122.0343,0,0,1,10,99,4,2
1.0,2,1,1600,837,40.2659,-74.6959,0,0,1,4,99,4,2
2.0,2,1,1438,837,37.1892,-93.2908,1,1,0,12,0,11,3
1.0,1,1,850,837,40.8062,-96.6778,1,1,0,8,0,11,3
1.0,1,1,2070,838,40.2897,-74.0189,0,0,1,4,99,0,2
1.0,1,1,1600,838,43.6046,-116.2475,0,1,0,0,0,11,3
1.0,1,1,1250,838,42.9384,-87.9971,1,1,0,0,0,11,3
1.0,1,1,811,838,43.5329,-96.7265,0,0,1,0,0,11,3
2.0,2,1,825,839,42.0259,-93.6516,1,1,0,5,4,11,6
2.0,2,1,2695,840,34.0372,-118.2972,1,0,0,0,0,11,3
1.0,2,1,2195,840,33.8056,-118.1696,1,1,0,0,12,11,5
1.0,1,1,2150,840,41.0133,-74.3321,0,0,1,3,99,4,2
2.0,3,1,1590,840,40.4969,-86.9659,0,0,1,3,0,11,3
1.0,1,1,1475,840,43.0531,-87.9659,1,1,0,9,16,11,1
1.0,1,1,1450,840,30.3054,-97.7497,0,0,1,0,26,11,5
1.0,1,1,1417,840,29.7714,-95.4343,1,0,0,0,0,11,3
1.0,2,1,1322,840,38.8391,-76.9175,0,0,1,1,99,20,1
1.0,1,1,1310,840,39.8952,-75.0415,0,0,1,5,99,2,2
1.0,2,0,1270,840,38.9148,-104.7713,0,0,1,0,99,2,2
1.0,1,1,1200,840,40.3613,-86.9005,1,1,0,3,0,11,3
1.0,1,1,1200,840,33.8144,-84.2804,1,1,0,5,99,2,2
1.0,2,1,1165,840,39.5373,-76.3558,0,0,1,3,99,1,2
1.0,2,1,1155,840,38.7918,-104.8265,1,1,0,8,99,1,2
1.0,1,1,1100,840,41.4794,-81.5609,1,1,0,0,0,11,3
1.0,3,1,1095,840,43.0724,-89.4003,0,0,1,3,0,11,3
1.0,2,1,1070,840,38.9148,-104.7713,0,0,1,0,99,2,2
1.0,1,1,1050,840,44.9379,-93.6693,1,0,0,0,0,11,3
1.0,2,1,995,840,38.8862,-104.7389,1,1,0,7,99,2,2
2.0,2,1,825,840,39.3042,-94.9253,1,1,0,9,0,11,3
1.0,2,1,795,840,31.7951,-106.3886,0,0,1,4,13,22,3
1.0,3,1,775,840,36.116,-95.9281,0,0,1,0,0,11,3
1.0,2,1,775,840,33.9612,-81.1134,1,1,0,0,3,12,6
1.0,2,1,700,840,30.0294,-93.8359,0,0,1,0,26,11,5
1.0,2,1,675,840,47.9179,-97.0658,0,0,1,0,0,11,3
1.0,2,1,650,840,35.0673,-92.3808,1,1,0,4,0,11,3
1.0,1,1,2600,841,34.0372,-118.2972,0,0,1,0,0,11,3
2.0,2,1,1476,841,39.2031,-76.7531,0,0,1,6,99,3,2
1.0,1,1,1268,841,41.4501,-81.9235,0,0,1,0,99,21,1
1.0,1,1,1076,841,35.9651,-86.5147,1,1,0,5,0,11,3
1.0,1,1,650,841,42.0259,-93.6516,0,0,1,1,0,11,3
2.0,2,1,2350,842,41.8625,-87.6825,1,1,0,1,8,10,2
1.0,1,1,1900,842,34.1132,-117.6615,0,0,1,0,0,11,3
1.0,1,1,1875,842,32.8212,-96.7853,1,1,0,0,0,11,3
1.0,1,1,1230,842,35.471,-97.5299,1,1,0,0,12,11,5
1.0,1,1,1057,842,39.267,-84.2921,1,1,0,10,99,0,2
1.0,1,1,1042,842,35.9165,-78.9177,0,0,1,5,99,3,2
1.0,1,1,995,842,36.3188,-86.6973,1,1,0,0,0,11,3
1.0,1,1,870,842,36.0249,-78.4646,1,1,0,7,99,1,2
1.0,1,1,2186,843,32.8212,-96.7853,1,1,0,0,0,11,3
1.0,2,1,1755,843,47.8441,-122.1991,0,0,1,0,99,1,2
1.0,1,1,1624,843,32.8123,-96.8146,0,0,1,4,99,20,1
1.0,1,0,1595,843,42.9442,-71.5194,1,1,0,4,99,2,2
2.0,2,1,1264,843,35.0462,-85.2352,1,1,0,7,0,11,3
1.0,2,1,950,843,39.0744,-94.5521,0,0,1,7,4,11,6
1.0,1,1,805,843,48.2469,-101.3017,0,0,1,0,0,11,3
1.0,1,1,1280,844,43.0735,-88.0172,1,0,0,0,0,11,3
1.0,1,1,1202,844,30.3054,-97.7497,0,0,1,7,0,11,3
1.0,1,1,1184,844,28.077,-82.4202,1,1,0,5,0,11,3
1.5,2,1,1120,844,39.4733,-76.2993,0,0,1,2,99,1,2
1.0,2,1,424,844,43.7815,-88.4411,1,1,0,2,0,11,3
1.0,1,1,3191,845,40.722,-74.0644,1,1,0,0,99,4,2
1.0,1,0,3159,845,40.722,-74.0644,0,0,1,0,99,4,2
1.0,1,1,2355,845,42.4585,-71.0609,1,1,0,1,99,21,1
1.0,1,1,1900,845,44.0559,-121.3041,1,1,0,0,0,11,3
2.0,2,1,1805,845,33.8323,-117.9079,0,0,1,0,0,11,3
1.0,1,1,1582,845,33.7848,-84.3922,0,0,1,8,4,11,6
1.0,1,1,1395,845,44.8144,-93.1655,1,1,0,6,8,10,2
1.0,2,1,1200,845,25.933,-80.2624,0,0,1,1,15,22,1
1.0,2,1,1015,845,41.2562,-96.0404,1,1,0,0,0,11,3
2.0,2,1,975,845,37.6322,-77.5452,0,0,1,1,99,18,1
1.0,1,1,870,845,36.0913,-79.2861,1,1,0,1,99,20,1
1.0,1,1,1689,846,40.8866,-74.7498,0,0,1,6,99,0,2
1.0,1,1,1595,846,38.7999,-77.1072,1,1,0,2,0,11,3
1.0,1,1,1465,846,30.3054,-97.7497,0,0,1,3,0,11,3
1.0,1,1,1327,846,40.8866,-74.7498,0,0,1,6,99,0,2
1.0,1,1,1315,846,41.8625,-87.6825,1,1,0,0,0,11,3
1.0,1,1,1283,846,30.3054,-97.7497,0,0,1,5,0,11,3
1.0,1,1,1277,846,40.8866,-74.7498,0,0,1,6,99,0,2
1.0,1,1,1044,846,30.3054,-97.7497,0,0,1,3,0,11,3
1.0,1,1,925,846,35.6217,-97.4702,0,0,1,3,99,3,2
1.0,2,1,875,846,43.0531,-87.9659,1,1,0,5,4,11,6
1.0,2,1,2898,847,34.0372,-118.2972,1,1,0,0,0,11,3
1.0,1,1,1686,847,32.8212,-96.7853,1,1,0,0,0,11,3
1.0,1,1,1565,847,27.2467,-82.4882,1,1,0,3,99,20,1
1.0,1,1,1500,847,44.8653,-93.4749,1,1,0,3,4,11,6
1.0,2,1,1145,847,30.3054,-97.7497,1,1,0,0,3,12,6
1.0,2,1,1100,847,39.842,-75.0295,1,1,0,1,99,3,2
1.0,1,1,799,847,35.1628,-85.2135,1,1,0,0,8,11,2
1.0,1,1,1950,848,45.5091,-122.6449,0,0,1,0,0,11,3
1.0,1,1,1707,848,33.8144,-84.2804,0,0,1,5,99,2,2
1.0,2,1,1337,848,38.8391,-76.9175,1,1,0,1,99,20,1
1.0,2,1,1337,848,38.8391,-76.9175,0,0,1,1,99,20,1
1.0,1,1,1311,848,28.0076,-82.4792,1,1,0,9,0,11,3
1.0,1,1,879,848,30.4601,-84.2714,1,1,0,8,0,11,3
1.0,1,1,1292,849,35.823,-78.6438,0,0,1,0,99,1,2
1.0,3,1,1185,849,33.3898,-111.9272,1,1,0,3,0,11,3
1.0,1,1,1050,849,36.3302,-115.3257,0,0,1,7,99,20,1
1.0,1,1,839,849,30.4601,-84.2714,1,1,0,13,0,11,3
1.0,2,1,3950,850,34.1332,-118.3636,1,1,0,1,0,11,3
1.0,1,1,3390,850,42.3882,-83.1122,0,0,1,4,0,11,3
1.0,1,1,2800,850,37.7904,-122.2151,0,0,1,0,0,11,3
2.0,2,1,2800,850,34.0948,-118.3699,1,1,0,0,0,11,3
1.0,2,1,2795,850,34.0372,-118.2972,1,0,0,0,0,11,3
1.0,1,1,2750,850,34.0075,-118.3941,1,1,0,1,16,11,1
1.5,1,1,2700,850,34.0372,-118.2972,1,1,0,0,0,11,3
1.0,2,1,2700,850,34.0899,-118.2932,1,1,0,4,99,20,1
1.0,2,1,2695,850,34.0372,-118.2972,1,1,0,0,3,12,6
1.0,1,1,2570,850,34.0372,-118.2972,0,0,1,0,3,12,6
1.0,1,1,2515,850,40.2945,-73.9952,1,1,0,10,99,0,2
1.0,1,1,2300,850,42.418,-71.1669,0,0,1,1,99,0,2
1.0,2,1,2295,850,47.616,-122.3275,1,1,0,0,0,11,3
1.0,1,1,2260,850,40.8342,-73.9735,1,1,0,0,8,11,2
1.0,1,1,2100,850,40.0054,-75.1415,1,1,0,3,0,11,3
1.5,2,1,2075,850,40.0341,-105.3055,1,1,0,3,99,22,1
1.0,1,1,1990,850,27.3311,-82.548,1,1,0,5,99,19,1
1.0,1,1,1845,850,33.8596,-118.2552,0,0,1,11,99,2,2
1.0,2,1,1795,850,33.7834,-118.1506,0,0,1,0,99,3,2
1.0,2,1,1775,850,33.1308,-117.0809,0,0,1,0,3,12,6
1.0,2,1,1699,850,28.0076,-82.4792,1,1,0,4,0,11,3
1.0,2,1,1695,850,40.0414,-75.4867,1,1,0,0,0,11,3
1.0,2,1,1695,850,47.2087,-121.8634,0,0,1,5,0,9,3
1.0,1,1,1685,850,33.736,-117.8821,1,1,0,0,0,11,3
1.0,2,1,1599,850,47.7179,-122.2059,0,0,1,4,99,2,2
1.5,1,1,1550,850,40.5007,-80.0667,0,0,1,0,99,4,2
1.0,1,1,1500,850,38.0692,-78.7023,0,0,1,0,0,11,3
1.0,2,1,1500,850,26.2196,-98.2339,1,0,0,0,0,11,3
1.0,1,1,1450,850,44.9358,-93.6328,1,0,0,0,0,11,3
1.0,1,1,1450,850,44.9405,-93.1027,1,1,0,2,0,11,3
1.0,2,1,1450,850,40.5059,-80.1869,0,0,1,8,99,3,2
1.0,1,1,1399,850,42.2711,-83.745,1,1,0,5,0,11,3
1.0,1,1,1399,850,28.0076,-82.4792,1,1,0,2,0,11,3
1.0,2,1,1395,850,39.3776,-76.706,0,0,1,2,3,21,6
1.0,1,1,1359,850,42.2711,-83.745,1,1,0,5,0,11,3
1.0,2,1,1350,850,30.3054,-97.7497,0,0,1,0,0,11,3
1.5,2,1,1339,850,45.4851,-122.8349,1,1,0,0,3,12,6
1.0,1,1,1325,850,43.0531,-87.9659,1,1,0,0,0,11,3
1.0,1,1,1299,850,28.4951,-81.4553,1,1,0,6,0,11,3
1.0,2,1,1295,850,30.3054,-97.7497,1,1,0,0,8,11,2
1.0,2,1,1285,850,45.3402,-122.5586,1,1,0,0,0,11,3
1.0,1,1,1269,850,45.3906,-122.5887,1,1,0,14,0,11,3
1.0,1,1,1269,850,42.2711,-83.745,1,1,0,8,0,11,3
1.0,2,1,1242,850,36.9427,-76.253,0,0,1,2,99,20,1
1.0,2,1,1230,850,40.7061,-111.9048,1,1,0,0,0,11,3
1.0,2,1,1225,850,28.5163,-81.3644,1,1,0,0,0,11,3
1.0,2,1,1200,850,27.0717,-82.3833,1,1,0,0,0,11,3
2.0,2,1,1200,850,40.1171,-88.1889,0,0,1,5,0,11,3
1.0,1,1,1200,850,39.1679,-84.4933,1,1,0,4,4,11,6
1.0,2,1,1195,850,29.7714,-95.4343,1,1,0,0,8,11,2
1.0,1,1,1179,850,39.1634,-76.6165,1,1,0,1,0,11,3
1.0,2,1,1150,850,39.3754,-76.8054,1,1,0,9,99,4,2
1.0,2,1,1140,850,39.9974,-82.9829,0,0,1,3,12,11,5
1.0,2,1,1135,850,39.3754,-76.8054,1,1,0,9,99,4,2
1.0,2,1,1133,850,39.4779,-119.8972,0,0,1,0,99,21,1
1.0,1,1,1125,850,39.8275,-75.1597,1,0,0,0,0,11,3
1.0,1,1,1110,850,35.791,-78.1902,1,1,0,14,99,0,2
1.0,2,1,1100,850,30.6859,-97.9119,1,1,0,0,0,11,3
1.0,1,1,1100,850,41.4648,-81.6794,1,1,0,5,4,11,6
1.0,2,1,1100,850,42.1088,-72.5522,0,0,1,1,19,0,5
1.0,2,1,1080,850,40.5059,-80.1869,1,0,0,8,99,3,2
1.0,2,1,1065,850,39.3754,-76.8054,1,1,0,9,99,4,2
1.0,2,1,1050,850,39.7286,-75.1276,0,0,1,2,99,3,2
2.0,2,1,1029,850,30.5118,-97.6873,1,1,0,0,0,11,3
1.0,2,1,1020,850,61.1723,-149.8414,1,1,0,1,0,11,3
1.0,2,1,1010,850,39.4324,-76.3552,0,0,1,1,99,3,2
1.0,3,1,1005,850,42.0259,-93.6516,0,0,1,0,8,11,2
1.0,2,1,1000,850,43.7012,-85.4657,1,1,0,0,4,11,6
1.0,1,1,1000,850,39.7475,-75.0223,0,0,1,6,99,2,2
1.0,1,1,995,850,38.6274,-90.304,1,1,0,0,0,11,3
1.0,2,1,995,850,39.0744,-94.5521,1,1,0,5,4,11,6
1.0,1,1,995,850,41.8625,-87.6825,1,1,0,0,3,12,6
2.0,2,1,995,850,26.9261,-82.3018,1,1,0,1,14,11,3
1.0,2,1,985,850,35.7551,-78.7199,1,1,0,8,99,1,2
1.0,2,1,980,850,45.2764,-92.9901,0,0,1,3,3,12,6
1.0,2,1,980,850,40.5059,-80.1869,0,0,1,8,99,3,2
1.0,2,1,980,850,40.5059,-80.1869,0,0,1,9,99,3,2
1.0,1,1,978,850,35.7751,-78.6391,0,0,1,4,99,3,2
1.0,1,1,969,850,42.2368,-83.6103,1,1,0,6,0,11,3
1.0,1,1,964,850,36.0913,-79.2861,0,0,1,3,99,20,1
1.0,2,1,959,850,45.2764,-92.9901,0,0,1,2,4,11,6
1.0,1,1,950,850,26.5761,-81.8644,1,1,0,0,0,11,3
1.0,1,1,949,850,35.823,-78.6438,0,0,1,6,99,23,1
1.0,2,1,925,850,40.7061,-111.9048,0,0,1,0,0,11,3
1.0,2,1,925,850,39.0744,-94.5521,1,1,0,4,4,11,6
1.0,1,1,910,850,39.3191,-76.6126,1,0,0,4,0,11,3
1.0,1,1,910,850,33.9295,-84.4662,0,0,1,4,99,4,2
1.0,1,1,879,850,42.4751,-83.2572,1,0,0,4,0,11,3
1.0,1,1,869,850,29.7714,-95.4343,1,1,0,1,0,11,3
1.0,2,1,865,850,35.7585,-78.7783,1,1,0,0,99,21,1
1.0,1,1,855,850,41.4983,-81.6437,0,0,1,0,99,21,1
2.0,2,1,850,850,33.6091,-85.837,1,1,0,0,0,11,3
1.0,2,1,850,850,41.2562,-96.0404,1,1,0,0,0,11,3
1.0,2,1,825,850,42.6465,-83.2861,1,1,0,0,0,11,3
1.0,1,1,803,850,42.1758,-83.4877,1,1,0,10,0,11,3
1.0,1,1,800,850,41.554,-81.4796,1,1,0,3,99,21,1
1.0,1,1,800,850,39.2294,-84.625,1,1,0,2,99,1,2
1.0,2,1,800,850,38.8154,-104.7779,1,1,0,3,99,1,2
1.0,2,1,799,850,39.6854,-84.1965,1,1,0,5,0,11,3
1.0,2,1,795,850,39.0744,-94.5521,1,1,0,4,4,11,6
2.0,2,1,775,850,38.2009,-85.6999,1,1,0,8,4,11,6
1.0,1,1,775,850,36.0746,-79.0777,0,0,1,4,99,19,1
1.0,3,1,750,850,42.0259,-93.6516,0,0,1,0,3,12,6
1.0,1,1,730,850,41.5835,-93.7597,1,1,0,10,0,11,3
1.0,2,1,725,850,47.9179,-97.0658,0,0,1,0,0,11,3
1.0,2,1,725,850,32.4645,-93.7879,0,0,1,0,0,11,3
1.0,2,1,720,850,39.7078,-86.3938,1,1,0,3,0,11,3
1.0,1,1,715,850,40.8062,-96.6778,1,1,0,11,0,11,3
1.0,3,1,715,850,41.1765,-96.0829,1,1,0,0,0,11,3
2.0,2,1,699,850,36.1228,-97.0692,1,1,0,0,0,11,3
1.0,2,1,675,850,41.5927,-93.6276,0,0,1,3,0,11,3
1.0,2,1,650,850,32.833,-83.6723,0,0,1,1,22,0,2
1.0,3,0,650,850,39.7539,-84.2418,0,0,1,2,99,2,2
1.0,1,1,649,850,38.304,-85.7388,1,1,0,7,4,11,6
1.0,2,1,625,850,35.1872,-101.8587,0,0,1,5,0,11,3
1.5,1,1,600,850,30.4415,-91.1012,0,0,1,0,0,11,3
1.0,2,1,595,850,48.2469,-101.3017,1,1,0,0,0,11,3
1.0,2,1,565,850,39.7528,-84.1744,0,0,1,3,0,11,3
1.0,2,1,525,850,39.8456,-84.1117,1,1,0,2,99,2,2
1.0,2,1,500,850,47.2665,-101.7775,1,1,0,0,8,11,2
2.0,2,1,5095,851,37.7599,-122.4379,1,1,0,2,0,11,3
2.0,2,1,2195,851,47.616,-122.3275,1,0,0,0,0,11,3
1.0,1,1,1775,851,32.8212,-96.7853,1,1,0,1,0,11,3
1.0,1,1,1250,851,26.7173,-80.1164,1,1,0,0,0,11,3
1.0,2,1,1065,851,39.8652,-75.0568,1,1,0,4,99,2,2
1.0,3,1,1026,851,35.8707,-79.0222,1,1,0,5,99,22,1
1.0,2,1,654,851,40.7481,-82.5336,1,1,0,4,0,11,3
1.0,1,1,2270,852,40.6657,-74.1193,0,0,1,2,99,23,1
1.0,1,1,1363,852,39.4276,-76.7727,1,1,0,3,99,4,2
1.0,1,1,1200,852,39.4915,-76.6609,0,0,1,2,99,2,2
1.0,2,1,1195,852,45.5091,-122.6449,1,1,0,0,0,11,3
1.0,1,1,875,852,41.5835,-93.7597,1,1,0,11,0,11,3
1.0,1,1,1496,853,39.1396,-77.1914,1,1,0,1,99,23,1
1.0,1,1,1468,853,39.8502,-104.9699,0,0,1,4,99,20,1
1.0,2,1,1429,853,42.9833,-71.4574,1,1,0,4,99,1,2
1.0,2,1,1740,854,40.3346,-74.5794,1,1,0,13,99,4,2
1.0,1,1,1545,854,39.2144,-76.8797,0,0,1,7,99,2,2
1.0,3,1,1160,854,42.0259,-93.6516,1,1,0,0,4,11,6
1.0,1,1,1140,854,36.1519,-79.8168,0,0,1,3,99,21,1
1.0,1,1,1116,854,40.3012,-111.6907,1,1,0,13,0,11,3
1.0,1,1,995,854,41.2715,-96.2423,1,1,0,0,0,11,3
1.0,1,1,990,854,37.5173,-77.5044,1,1,0,6,99,18,1
1.0,1,1,857,854,35.7488,-78.6369,1,1,0,11,99,1,2
1.0,1,1,3193,855,34.0372,-118.2972,0,0,1,0,0,11,3
1.0,2,1,1639,855,47.6146,-122.1684,1,1,0,2,99,0,2
1.0,1,1,1025,855,43.047,-76.156,1,1,0,0,8,11,2
1.0,1,1,975,855,34.0007,-84.4665,0,0,1,7,99,3,2
1.0,1,1,885,855,34.0007,-84.4665,1,1,0,7,99,3,2
1.0,1,1,875,855,33.9295,-84.4662,0,0,1,6,99,4,2
1.0,1,1,2350,856,42.2883,-71.1639,1,1,0,8,0,11,3
1.0,2,1,1700,856,47.4831,-122.1298,1,1,0,12,99,4,2
1.0,2,1,1680,856,47.4831,-122.1298,1,1,0,12,99,4,2
1.0,1,1,1550,856,30.3054,-97.7497,1,1,0,0,4,12,6
1.0,1,1,1526,856,41.8625,-87.6825,1,1,0,3,4,11,6
1.0,1,1,1270,856,42.9908,-89.5684,1,1,0,9,4,11,6
1.0,2,1,1200,856,39.6847,-104.9263,1,1,0,2,99,19,1
1.0,1,1,1160,856,43.0734,-89.1988,1,1,0,7,8,10,2
1.0,1,1,1002,856,36.0993,-115.2838,0,0,1,4,99,20,1
1.0,1,1,854,856,35.4975,-97.7329,0,0,1,5,99,4,2
1.0,1,1,825,856,32.7407,-97.3394,1,1,0,0,0,11,3
1.0,1,1,3100,857,37.7599,-122.4379,1,1,0,2,0,11,3
1.0,1,1,1825,857,39.7673,-105.0151,1,1,0,4,99,18,1
1.0,1,1,1025,857,42.8022,-73.9287,0,0,1,0,19,14,4
1.0,1,1,1450,858,36.1554,-115.1733,1,1,0,5,0,11,3
1.0,1,1,950,858,41.6806,-91.585,0,0,1,8,0,11,3
1.5,2,1,839,858,35.4014,-80.5827,1,1,0,0,99,4,2
1.0,2,1,680,858,43.5329,-96.7265,1,1,0,0,0,11,3
1.0,0,1,2100,859,34.0372,-118.2972,1,1,0,2,0,11,3
1.5,2,1,1995,859,47.7046,-122.1989,1,1,0,0,0,11,3
1.0,1,1,770,859,41.4712,-81.5155,0,0,1,3,99,20,1
1.0,2,1,4695,860,37.7599,-122.4379,1,1,0,2,0,11,3
1.0,2,1,2550,860,37.7904,-122.2151,0,0,1,1,0,11,3
1.0,2,1,2400,860,47.616,-122.3275,0,0,1,2,0,11,3
1.0,1,1,1805,860,30.3054,-97.7497,1,1,0,6,0,11,3
1.0,1,1,1373,860,34.0299,-84.2425,0,0,1,4,99,1,2
1.0,1,1,1325,860,43.0637,-88.1403,1,1,0,12,0,11,3
1.0,1,1,1198,860,42.2711,-83.745,1,1,0,0,0,11,3
2.0,2,1,1150,860,30.3054,-97.7497,1,1,0,0,0,11,3
1.0,2,1,1075,860,39.0744,-94.5521,1,1,0,5,4,11,6
1.0,2,1,1060,860,40.6498,-111.9625,0,0,1,5,15,22,1
1.0,1,1,965,860,39.8057,-74.9979,0,0,1,4,99,2,2
1.0,1,1,825,860,33.5834,-85.0844,0,0,1,0,8,11,2
1.0,2,1,775,860,36.2548,-115.5263,1,1,0,10,99,20,1
1.0,2,1,775,860,36.2548,-115.5263,1,1,0,10,99,20,1
1.0,2,1,635,860,33.4632,-94.0736,0,0,1,0,99,0,2
2.0,2,1,2260,861,40.4448,-79.9725,1,1,0,12,16,11,1
1.0,1,1,2200,861,38.8738,-77.1055,1,1,0,6,0,11,3
1.0,2,1,1845,861,32.7685,-117.0046,0,0,1,0,0,11,3
1.0,1,1,1312,861,36.0993,-115.2838,0,0,1,5,99,20,1
1.0,1,1,1152,861,29.4624,-98.5253,0,0,1,1,0,11,3
1.0,2,1,1990,862,47.5612,-122.1534,0,0,1,5,99,0,2
1.0,2,1,1955,862,47.5612,-122.1534,0,0,1,5,99,0,2
1.0,1,1,1756,862,41.824,-71.4315,1,1,0,6,0,11,3
1.0,2,1,1735,862,47.4457,-122.1407,1,1,0,0,99,4,2
1.0,1,1,1555,862,42.5014,-71.069,0,0,1,9,0,11,3
1.0,1,1,1295,862,32.9314,-97.0956,0,0,1,3,99,4,2
1.0,2,1,999,862,35.9707,-79.0428,0,0,1,4,99,22,1
1.0,2,1,1750,863,33.2039,-117.2421,0,0,1,0,0,11,3
1.0,1,1,1294,863,45.4157,-122.5243,1,1,0,14,0,11,3
2.0,2,1,1040,863,30.3054,-97.7497,1,1,0,0,0,11,3
1.0,2,1,1021,863,39.0744,-94.5521,1,1,0,0,4,11,6
1.0,2,1,1724,864,47.3907,-122.2626,0,0,1,0,99,2,2
1.0,2,1,1724,864,47.3907,-122.2626,0,0,1,0,99,2,2
1.0,2,1,1724,864,47.3907,-122.2626,1,1,0,1,99,2,2
1.0,2,1,1724,864,47.3907,-122.2626,0,0,1,0,99,2,2
2.0,3,1,1497,864,40.1145,-88.2723,0,0,1,3,0,11,3
2.0,2,1,1399,864,39.8668,-105.0055,0,0,1,2,99,22,1
1.0,1,1,1375,864,28.2966,-81.6162,0,0,1,2,99,22,1
2.0,2,1,1365,864,39.8668,-105.0055,1,1,0,3,99,22,1
1.0,2,1,1125,864,48.7871,-122.4437,1,0,0,0,0,11,3
1.0,2,0,930,864,40.5059,-80.1869,0,0,1,3,99,3,2
1.5,2,1,800,864,41.6475,-93.4713,0,0,1,3,0,21,2
1.0,2,1,640,864,41.3711,-82.1168,0,0,1,3,99,19,1
1.0,1,1,2891,865,33.9855,-118.4532,1,1,0,9,99,0,2
1.5,1,1,2516,865,34.1881,-118.3905,1,1,0,0,0,11,3
1.0,2,1,1360,865,39.4276,-76.7727,1,1,0,4,99,4,2
1.0,2,1,1330,865,39.4276,-76.7727,1,1,0,4,99,4,2
1.0,1,1,1200,865,29.4624,-98.5253,1,1,0,6,0,11,3
1.0,2,1,1145,865,30.3054,-97.7497,0,0,1,3,0,11,3
1.0,2,1,1095,865,32.7057,-96.8747,0,0,1,0,99,21,1
1.0,2,1,1049,865,36.888,-76.1455,0,0,1,3,99,20,1
1.0,2,1,875,865,45.0118,-123.0157,1,1,0,0,3,12,6
1.0,2,1,513,865,39.438,-78.9805,0,0,1,3,18,21,5
1.0,1,1,1211,866,35.8269,-78.8335,1,1,0,6,0,11,3
1.0,2,1,800,866,30.4348,-86.6208,0,0,1,4,0,9,3
1.0,1,1,1354,867,35.0462,-85.2352,1,1,0,5,0,11,3
1.0,2,1,1205,867,38.8562,-104.772,1,1,0,1,0,11,3
1.0,2,1,1110,867,38.9148,-104.7713,1,1,0,5,99,2,2
1.0,2,1,875,867,32.2264,-110.9438,1,1,0,5,0,11,3
1.0,2,1,2150,868,21.3991,-157.7452,0,0,1,0,8,11,2
1.0,1,1,2098,868,42.1666,-70.9511,1,1,0,3,99,22,1
1.0,1,1,1614,868,29.7714,-95.4343,1,1,0,5,0,11,3
1.0,2,1,1600,868,33.7848,-84.3922,1,0,0,0,12,11,5
1.0,1,1,1290,868,28.1932,-81.6047,1,1,0,5,0,11,3
2.0,2,1,1149,868,30.5118,-97.6873,1,1,0,0,0,11,3
2.0,2,1,1149,868,30.5118,-97.6873,1,1,0,0,0,11,3
2.0,2,1,1149,868,30.5118,-97.6873,1,1,0,4,0,11,3
2.0,2,1,1100,868,32.7407,-97.3394,0,0,1,0,0,11,3
2.0,4,1,1100,868,40.1145,-88.2723,0,0,1,3,0,11,3
1.0,1,1,919,868,37.1386,-77.3919,1,1,0,12,99,23,1
1.0,1,1,1345,869,35.7585,-78.7783,1,1,0,0,99,22,1
1.0,2,1,1089,869,33.0653,-97.0251,0,0,1,4,27,23,3
1.0,1,1,4995,870,37.7599,-122.4379,1,1,0,3,0,11,3
1.0,1,1,2140,870,40.8342,-73.9735,1,1,0,0,3,12,6
2.0,2,1,1605,870,36.8532,-76.2902,1,1,0,1,99,21,1
1.0,1,1,1600,870,39.0761,-77.1247,1,1,0,0,0,20,2
1.0,1,1,1558,870,35.8079,-78.6466,1,1,0,0,99,1,2
1.0,1,1,1495,870,45.1092,-93.3286,1,1,0,14,0,11,3
2.0,2,1,1445,870,39.6894,-105.1119,1,1,0,0,0,11,3
2.0,2,1,1225,870,29.4624,-98.5253,0,0,1,0,4,11,6
1.0,1,1,1180,870,28.0076,-82.4792,1,1,0,9,0,11,3
1.0,2,1,1095,870,41.2546,-96.2265,1,1,0,0,0,11,3
1.0,1,1,1055,870,34.0505,-81.0098,1,1,0,4,0,11,3
1.0,2,1,999,870,40.7061,-111.9048,0,0,1,0,0,11,3
1.0,2,1,975,870,39.0269,-94.6516,1,1,0,0,0,11,3
1.0,2,1,950,870,44.9545,-123.0072,0,0,1,0,7,22,2
1.0,2,1,910,870,41.031,-111.942,0,0,1,2,21,0,3
1.0,1,1,875,870,38.9571,-95.2657,1,1,0,0,0,11,3
1.0,1,1,805,870,37.6836,-97.3369,1,0,0,10,0,11,3
1.5,2,1,719,870,39.7903,-84.214,0,0,1,2,99,2,2
1.0,1,1,1995,871,40.0037,-75.3717,1,1,0,0,0,11,3
2.0,2,1,1755,871,41.8625,-87.6825,1,1,0,0,4,11,6
1.0,1,1,1723,871,47.5481,-122.0471,1,1,0,14,0,11,3
1.0,1,1,1605,871,39.825,-75.1322,1,1,0,8,99,3,2
2.0,2,1,1270,871,30.3054,-97.7497,1,1,0,0,3,12,6
1.0,1,1,1225,871,42.7527,-71.4854,0,0,1,0,99,1,2
1.0,2,1,770,871,35.471,-97.5299,1,1,0,7,0,11,3
1.0,1,1,2350,872,40.8211,-73.989,1,1,0,0,3,12,6
1.5,2,1,2000,872,47.7046,-122.1989,1,1,0,0,0,11,3
1.0,1,1,1296,872,35.9999,-78.9413,0,0,1,2,99,3,2
1.0,1,1,1109,872,29.4624,-98.5253,0,0,1,1,0,11,3
1.0,2,1,690,872,40.7722,-81.4132,1,1,0,7,99,22,1
1.0,1,1,1934,873,40.722,-74.0644,1,1,0,0,0,11,3
1.0,1,1,1380,873,29.7714,-95.4343,1,1,0,8,0,11,3
1.0,1,0,1300,873,32.4797,-96.9807,0,0,1,2,99,4,2
1.0,2,1,1255,873,39.8889,-74.9116,1,1,0,7,99,2,2
1.0,2,1,1885,874,40.2967,-74.6137,0,0,1,5,99,4,2
1.0,1,1,1325,874,41.3708,-72.9259,0,0,1,0,0,11,3
1.0,1,1,1205,874,42.9908,-89.5684,1,1,0,4,4,11,6
1.0,1,1,924,874,29.4624,-98.5253,0,0,1,1,4,11,6
1.0,1,1,2780,875,42.3895,-71.1039,1,1,0,3,99,20,1
1.0,1,1,2520,875,34.0372,-118.2972,1,1,0,0,0,11,3
1.0,1,1,2495,875,38.9118,-77.0132,0,0,1,0,0,11,3
1.0,1,1,2445,875,33.955,-118.3967,1,1,0,4,99,21,1
1.0,2,1,2395,875,38.4498,-122.7129,1,1,0,0,0,11,3
1.0,2,1,1925,875,40.0366,-75.3801,1,1,0,0,0,11,3
1.0,2,1,1695,875,33.1463,-117.1694,1,1,0,0,0,11,3
2.0,2,1,1625,875,33.8631,-118.1765,1,0,0,6,99,3,2
2.0,2,1,1500,875,43.0712,-78.8141,1,1,0,8,0,11,3
1.0,2,1,1289,875,42.829,-71.658,1,1,0,8,99,1,2
1.0,2,1,1280,875,39.5551,-76.9906,0,0,1,1,99,4,2
1.0,1,1,1269,875,30.3054,-97.7497,0,0,1,3,0,11,3
1.0,2,1,1263,875,39.0744,-94.5521,1,1,0,1,4,11,6
1.0,2,1,1249,875,44.9405,-93.1027,0,0,1,0,16,11,1
1.0,2,1,1249,875,42.829,-71.658,1,1,0,8,99,22,1
1.0,2,1,1249,875,42.829,-71.658,1,1,0,3,99,1,2
1.0,2,1,1183,875,41.3498,-72.1062,0,0,1,4,99,4,2
1.0,2,1,1175,875,45.6558,-122.5888,1,1,0,0,0,11,3
1.0,2,1,1158,875,41.3498,-72.1062,1,1,0,4,99,4,2
1.0,2,1,1158,875,41.3498,-72.1062,0,0,1,4,99,4,2
1.0,2,1,1158,875,41.3498,-72.1062,1,1,0,4,99,4,2
1.0,2,1,1158,875,41.3498,-72.1062,0,0,1,4,99,4,2
1.0,2,1,1158,875,41.3498,-72.1062,0,0,1,4,99,4,2
1.0,1,1,1150,875,42.0341,-87.8937,0,0,1,0,8,11,2
1.0,2,1,1010,875,39.3754,-76.8054,1,1,0,9,99,4,2
1.0,2,1,995,875,32.9108,-96.7321,1,1,0,1,12,16,4
1.0,2,1,980,875,42.0259,-93.6516,0,0,1,0,0,11,3
1.0,2,1,975,875,42.5528,-83.476,1,0,0,0,0,11,3
1.0,2,1,950,875,39.0744,-94.5521,1,1,0,0,3,12,6
1.0,1,1,800,875,39.0744,-94.5521,1,1,0,3,4,11,6
2.0,3,1,732,875,42.3149,-85.1757,0,0,1,1,0,11,3
2.0,2,1,675,875,26.1596,-97.989,1,1,0,4,0,11,3
2.0,2,1,1600,876,41.9392,-71.3028,1,1,0,7,99,0,2
1.0,2,1,1461,876,40.1657,-105.1365,0,0,1,7,99,23,1
1.0,1,1,1400,876,44.8653,-93.4749,1,0,0,8,8,10,2
2.0,2,1,1180,876,32.7583,-97.088,0,0,1,4,99,2,2
2.0,2,1,1180,876,32.7583,-97.088,0,0,1,4,99,2,2
2.0,2,1,1169,876,32.6548,-97.1587,0,0,1,6,99,2,2
1.0,2,1,995,876,44.9545,-123.0072,0,0,1,0,0,21,2
1.0,1,1,977,876,29.4624,-98.5253,0,0,1,1,4,11,6
1.0,1,1,929,876,39.4626,-87.3824,0,0,1,4,0,11,3
1.0,1,1,885,876,40.8062,-96.6778,1,1,0,9,0,11,3
1.0,1,1,1600,877,30.3054,-97.7497,0,0,1,4,0,11,3
1.0,2,1,1295,877,45.4305,-122.7798,1,1,0,0,0,11,3
1.0,1,1,1275,877,43.0724,-89.4003,1,1,0,11,0,11,3
1.0,2,0,1090,877,38.8503,-104.7586,1,1,0,6,99,1,2
3.0,3,1,2385,878,40.1171,-88.1889,0,0,1,7,0,11,3
2.0,2,1,2195,878,37.9682,-122.0091,0,0,1,0,16,11,1
1.0,1,1,1002,878,30.5118,-97.6873,0,0,1,0,0,11,3
1.0,1,1,1470,879,32.0057,-102.1036,1,1,0,9,0,11,3
1.0,1,1,1450,879,34.0072,-84.0034,1,1,0,1,99,2,2
1.0,1,1,1440,879,39.2144,-76.8797,0,0,1,6,99,2,2
1.0,2,1,1278,879,44.5099,-88.0178,1,1,0,6,4,11,6
1.5,1,1,2350,880,25.7603,-80.3005,0,0,1,0,0,11,3
1.0,2,1,1900,880,40.7667,-74.0295,0,0,1,4,1,11,2
2.0,2,1,1750,880,33.9556,-118.3498,0,0,1,2,99,1,2
1.5,2,1,1675,880,33.2039,-117.2421,1,1,0,0,0,11,3
2.0,3,1,1650,880,40.4969,-86.9659,0,0,1,3,0,11,3
2.0,2,1,1585,880,47.8495,-122.2825,1,1,0,7,99,3,2
1.0,1,1,1539,880,36.7434,-76.2257,0,0,1,7,99,19,1
1.0,2,1,1450,880,38.8488,-77.3296,0,0,1,2,18,21,5
1.5,2,1,1440,880,40.4969,-86.9659,0,0,1,0,4,12,6
1.0,2,1,1410,880,42.7527,-71.4854,0,0,1,6,99,1,2
1.0,2,0,1335,880,39.4044,-76.4482,1,1,0,2,99,4,2
1.0,2,1,1280,880,38.7555,-76.9825,0,0,1,1,99,20,1
1.0,2,1,1229,880,42.9833,-71.4574,1,0,0,2,99,2,2
1.0,2,0,1200,880,26.1481,-80.2271,0,0,1,1,77,21,2
1.0,1,1,1125,880,33.1932,-87.5349,1,1,0,0,0,11,3
1.0,2,1,925,880,40.6493,-111.8828,0,0,1,0,0,11,3
1.0,2,1,880,880,29.6803,-95.1845,0,0,1,5,0,21,2
1.0,2,1,850,880,42.8396,-83.4287,0,0,1,0,0,11,3
1.0,1,1,825,880,36.116,-95.9281,1,1,0,10,0,11,3
1.5,2,1,770,880,41.1765,-96.0829,0,0,1,2,11,21,5
2.0,2,1,750,880,40.3613,-86.9005,1,1,0,8,0,11,3
2.0,2,1,665,880,35.471,-97.5299,0,1,0,0,0,11,3
1.0,1,1,1516,881,30.3054,-97.7497,1,1,0,6,0,11,3
1.0,1,1,1250,881,36.9761,-86.4362,1,1,0,0,0,11,3
1.0,1,1,1500,882,43.2286,-87.9668,1,1,0,0,0,11,3
1.0,1,1,1500,882,43.2286,-87.9668,1,1,0,10,4,11,6
1.0,1,1,1345,882,43.0724,-89.4003,1,1,0,5,8,10,2
1.0,2,0,1112,882,32.696,-97.0878,0,0,1,1,99,2,2
1.0,1,1,979,882,32.8403,-97.0955,1,1,0,4,0,11,3
1.0,1,1,975,882,29.4624,-98.5253,1,1,0,4,0,11,3
1.0,2,1,824,882,43.4182,-88.1681,1,1,0,3,0,11,3
1.0,2,1,780,882,39.529,-84.2974,1,1,0,3,99,22,1
1.0,1,1,1705,883,38.9645,-76.9637,1,1,0,5,99,21,1
2.0,2,1,1015,883,32.722,-97.083,1,1,0,1,99,2,2
1.0,2,1,2100,884,34.1408,-118.1273,0,0,1,5,99,4,2
1.0,1,1,1930,884,47.4831,-122.1298,1,1,0,0,99,4,2
1.0,2,1,1895,884,33.8375,-118.0012,0,0,1,4,0,22,2
1.0,2,1,1400,884,47.7921,-122.3045,1,1,0,6,99,3,2
1.0,2,1,1400,884,47.7921,-122.3045,0,0,1,0,99,3,2
1.0,2,1,1295,884,39.9071,-75.0838,1,1,0,9,99,3,2
1.0,2,1,1205,884,39.9071,-75.0838,1,1,0,9,99,3,2
1.0,2,1,1061,884,34.025,-84.3128,1,1,0,3,99,4,2
1.0,3,1,950,884,39.0744,-94.5521,1,1,0,0,0,11,3
2.0,2,1,825,884,35.6982,-97.4325,1,1,0,3,99,3,2
1.0,4,1,2075,885,41.8625,-87.6825,1,1,0,1,0,11,3
2.0,2,1,1700,885,35.823,-78.6438,1,1,0,8,8,10,2
1.5,2,1,1545,885,40.2355,-111.6479,0,0,1,0,0,11,3
1.0,1,1,1525,885,44.9855,-93.3023,1,1,0,5,4,11,6
2.0,2,1,1476,885,38.2722,-76.4664,0,0,1,3,8,21,1
1.0,1,1,1150,885,27.0533,-82.1205,0,0,1,2,99,20,1
1.0,1,1,1550,886,41.5486,-90.5922,1,1,0,0,0,11,3
1.0,2,1,1400,886,35.9907,-78.9074,0,1,0,0,4,12,6
1.0,2,1,1400,886,40.8062,-96.6778,1,1,0,0,3,12,6
1.0,2,1,1229,886,38.8077,-76.9886,1,1,0,2,99,20,1
2.0,2,1,1099,886,39.6404,-77.0297,0,0,1,3,99,4,2
1.0,2,1,1095,886,32.7057,-96.8747,0,0,1,0,99,21,1
1.0,1,1,980,886,34.0505,-81.0098,1,0,0,0,0,11,3
1.0,2,1,850,886,42.5589,-89.0873,1,0,0,6,0,11,3
2.0,2,1,2000,887,40.0213,-105.2552,0,0,1,5,0,11,3
1.0,2,1,1637,887,39.1695,-77.2694,0,0,1,5,99,23,1
1.0,2,1,2695,888,41.0292,-73.771,1,1,0,1,8,10,2
2.0,2,1,1875,888,47.5259,-122.2857,1,1,0,7,0,11,3
1.0,1,1,1592,888,42.7527,-71.4854,0,0,1,3,99,1,2
1.0,1,1,1585,888,39.9974,-82.9829,0,0,1,0,0,11,3
2.0,2,1,1098,888,40.4969,-86.9659,0,0,1,5,0,11,3
1.0,2,1,799,888,42.6808,-89.0286,0,0,1,1,27,23,3
1.0,2,1,795,888,46.8608,-96.8096,0,0,1,4,0,11,3
2.0,2,1,1784,889,42.7911,-71.2193,1,1,0,5,0,11,3
1.0,1,1,1280,889,43.0531,-87.9659,1,1,0,9,0,11,3
2.0,3,1,5100,890,37.4356,-122.134,1,1,0,0,0,11,3
2.0,2,1,3395,890,38.9118,-77.0132,0,0,1,0,3,12,6
1.0,2,1,1835,890,33.8323,-117.9079,0,0,1,0,4,11,6
2.0,2,1,1725,890,33.2039,-117.2421,1,1,0,0,0,11,3
1.0,2,1,1708,890,39.0201,-77.0113,0,0,1,1,99,0,2
2.0,2,1,1495,890,40.1145,-88.2723,0,0,1,2,0,11,3
1.0,1,1,1474,890,39.0471,-76.4978,0,0,1,4,0,11,3
1.0,1,1,1444,890,39.0471,-76.4978,1,1,0,4,99,1,2
1.0,1,1,1440,890,47.7016,-116.7826,1,1,0,0,0,11,3
1.0,1,1,1350,890,40.0054,-75.1415,1,1,0,7,0,11,3
2.0,2,1,1165,890,47.0012,-120.5424,0,0,1,4,27,23,3
1.0,1,1,1165,890,33.9222,-84.0725,1,1,0,2,99,3,2
1.0,1,1,1065,890,29.7714,-95.4343,1,1,0,2,0,11,3
1.0,1,1,1000,890,39.9974,-82.9829,1,1,0,0,0,11,3
1.0,1,1,990,890,32.2264,-110.9438,1,1,0,9,0,11,3
1.0,1,1,943,890,29.9884,-95.6728,1,1,0,1,0,11,3
1.0,1,1,940,890,29.9884,-95.6728,1,1,0,2,0,11,3
1.0,3,1,925,890,29.4624,-98.5253,0,0,1,2,0,11,3
2.0,2,1,823,890,32.275,-95.3017,1,1,0,3,99,1,2
1.0,2,1,800,890,42.8464,-84.5898,1,0,0,4,4,11,6
1.0,1,1,705,890,46.8296,-100.8908,0,0,1,0,0,11,3
1.5,1,1,1900,891,25.7603,-80.3005,0,0,1,0,8,10,2
1.0,2,1,725,891,42.8181,-84.4593,1,1,0,0,0,11,3
1.0,1,1,1994,892,32.7876,-117.1265,0,1,0,2,0,11,3
1.0,1,1,1460,892,38.9974,-76.8818,0,0,1,0,99,21,1
1.0,1,1,972,892,30.5118,-97.6873,0,0,1,0,0,11,3
1.0,1,0,1065,893,39.3754,-76.8054,1,1,0,11,99,4,2
1.0,1,1,1050,893,39.3754,-76.8054,1,1,0,11,99,4,2
2.0,2,1,975,893,37.1275,-76.5219,1,1,0,4,99,21,1
1.0,3,1,5195,894,37.7599,-122.4379,0,0,1,2,0,11,3
1.0,2,1,2195,894,47.616,-122.3275,1,1,0,0,0,11,3
1.5,2,1,1595,894,39.6894,-105.1119,0,1,0,0,0,11,3
2.0,2,1,1480,894,35.4751,-97.5035,1,1,0,4,99,4,2
2.0,2,1,1450,894,35.4751,-97.5035,0,0,1,4,99,4,2
2.0,2,1,1440,894,35.4751,-97.5035,0,0,1,4,99,4,2
1.0,1,1,1246,894,40.3942,-79.9046,1,1,0,3,99,3,2
1.0,2,1,985,894,29.9142,-93.9383,1,1,0,9,0,11,3
1.0,2,1,909,894,39.0744,-94.5521,1,1,0,0,0,11,3
1.0,1,1,899,894,41.6475,-93.4713,1,1,0,11,0,11,3
2.0,2,1,2995,895,34.0372,-118.2972,1,0,0,0,8,11,2
1.0,2,1,1495,895,45.5091,-122.6449,1,1,0,0,0,11,3
1.0,2,0,1350,895,38.6968,-104.6969,1,1,0,10,99,0,2
1.0,2,1,1300,895,39.7025,-104.9311,0,0,1,5,99,21,1
2.0,2,1,1199,895,39.9925,-85.7729,1,1,0,9,0,11,3
1.0,2,1,1199,895,42.9833,-71.4574,0,0,1,1,99,1,2
1.0,1,1,1166,895,40.617,-80.0641,1,1,0,1,99,3,2
1.0,2,1,985,895,39.3344,-84.5623,0,0,1,7,99,22,1
1.0,2,1,946,895,36.0249,-78.4646,1,1,0,2,99,1,2
1.0,2,1,895,895,40.4261,-79.7631,1,1,0,9,99,4,2
1.0,2,1,664,895,43.5329,-96.7265,1,1,0,0,0,11,3
2.0,2,1,2395,896,38.9118,-77.0132,0,0,1,0,0,11,3
1.0,1,0,1909,896,39.0747,-76.7017,0,0,1,0,99,3,2
1.0,2,1,1795,896,41.8625,-87.6825,1,1,0,0,0,11,3
1.0,1,1,1415,896,32.7532,-96.8388,1,1,0,2,99,19,1
1.0,2,1,990,896,29.8798,-90.068,0,0,1,5,3,21,6
1.0,1,1,930,896,33.873,-84.112,1,1,0,11,99,3,2
1.0,2,1,875,896,36.0808,-79.4527,1,1,0,0,0,11,3
1.0,3,1,689,896,40.2057,-85.4,1,1,0,4,0,11,3
1.0,2,1,625,896,35.9507,-85.0283,0,0,1,2,0,21,2
1.0,2,1,2585,897,40.8876,-74.0499,0,0,1,3,99,23,1
2.0,2,1,2525,897,33.955,-118.3967,0,0,1,5,99,21,1
1.0,1,1,1600,897,25.7603,-80.3005,1,1,0,0,0,11,3
1.0,2,1,1817,898,47.7544,-122.1932,0,0,1,4,99,1,2
1.0,1,1,1349,898,36.1132,-115.2754,0,0,1,2,99,19,1
1.0,1,1,1025,898,43.0724,-89.4003,0,0,1,1,4,11,6
2.0,2,1,769,898,32.5145,-94.7538,1,1,0,1,2,21,0
2.0,2,1,769,898,32.5548,-94.7807,1,1,0,1,99,0,2
2.0,2,1,1364,899,32.8212,-96.7853,1,1,0,6,0,11,3
1.0,2,1,1285,899,39.0614,-76.8511,1,1,0,12,99,19,1
1.0,1,1,1206,899,30.3054,-97.7497,0,0,1,2,0,11,3
1.0,1,1,1110,899,33.3423,-111.7755,1,1,0,2,0,11,3
1.5,1,1,1005,899,29.7714,-95.4343,1,1,0,3,4,11,6
2.0,3,1,4995,900,37.8726,-122.2707,0,0,1,0,0,11,3
1.5,3,1,4769,900,37.7599,-122.4379,0,0,1,0,0,11,3
1.0,2,0,3800,900,34.0314,-118.4885,0,0,1,1,99,1,2
1.0,3,1,3175,900,35.2703,-120.6813,0,0,1,0,16,11,1
1.0,1,0,3100,900,40.722,-74.0644,0,0,1,3,99,3,2
1.0,1,1,2950,900,37.3499,-121.9708,0,0,1,2,0,11,3
2.0,2,1,2837,900,34.0372,-118.2972,1,1,0,0,0,11,3
1.5,2,1,2800,900,33.0534,-117.266,1,1,0,0,3,12,6
2.0,2,1,2795,900,34.0372,-118.2972,1,1,0,0,0,11,3
2.0,2,1,2690,900,32.8395,-117.2525,1,1,0,0,0,11,3
1.0,2,1,2625,900,42.328,-71.071,0,0,1,1,4,11,6
1.0,1,1,2599,900,34.0372,-118.2972,0,0,1,0,0,11,3
1.0,2,1,2510,900,40.8797,-74.1083,1,1,0,3,99,0,2
1.0,2,1,2445,900,34.0372,-118.2972,1,1,0,0,0,11,3
1.0,2,1,2395,900,38.9118,-77.0132,1,1,0,0,0,11,3
1.0,2,1,2298,900,34.0372,-118.2972,1,1,0,0,0,11,3
1.0,2,1,2200,900,42.4194,-71.111,0,0,1,1,11,21,5
1.0,3,1,2200,900,44.4872,-73.2278,0,0,1,5,99,2,2
1.0,2,1,2100,900,41.8625,-87.6825,1,1,0,0,0,11,3
1.5,2,1,2100,900,37.9682,-122.0091,0,0,1,0,19,14,4
1.0,2,1,2100,900,40.722,-74.0644,0,0,1,2,99,4,2
1.0,2,1,2000,900,40.7029,-73.8797,0,0,1,1,22,0,2
1.0,2,1,1999,900,40.7029,-73.8797,0,0,1,1,0,21,2
2.0,2,1,1990,900,41.8625,-87.6825,1,0,0,6,0,11,3
1.0,2,1,1905,900,38.7999,-77.1072,1,1,0,5,0,11,3
1.0,1,1,1850,900,34.1677,-118.6141,1,1,0,6,0,11,3
1.0,1,1,1850,900,37.3695,-122.0241,0,0,1,3,0,11,3
2.0,2,1,1835,900,47.7179,-122.2059,1,1,0,11,99,2,2
1.0,2,1,1825,900,40.862,-74.4061,1,0,0,0,12,11,5
1.0,2,1,1800,900,40.0054,-75.1415,1,1,0,1,0,11,3
1.0,2,1,1795,900,47.616,-122.3275,1,0,0,0,0,11,3
1.0,1,1,1750,900,39.3191,-76.6126,1,0,0,7,4,11,6
1.0,2,1,1725,900,42.8141,-70.8735,0,0,1,0,0,11,3
1.0,1,1,1710,900,38.9993,-76.975,1,1,0,0,0,20,2
2.0,2,1,1700,900,40.0054,-75.1415,1,1,0,0,19,13,4
1.0,1,1,1695,900,34.0648,-84.0849,1,1,0,14,99,1,2
1.5,2,1,1675,900,45.5091,-122.6449,0,0,1,0,3,12,6
1.0,3,1,1650,900,40.4969,-86.9659,0,0,1,5,0,11,3
1.0,1,1,1648,900,41.8952,-87.6219,1,1,0,7,1,11,2
1.0,2,1,1639,900,41.9784,-70.9751,1,1,0,0,99,22,1
1.0,2,1,1620,900,40.7936,-74.1644,0,0,1,2,99,21,1
1.0,2,1,1620,900,40.7936,-74.1644,0,0,1,2,99,21,1
2.0,2,1,1600,900,40.0054,-75.1415,1,1,0,0,3,12,6
1.0,1,1,1600,900,44.9368,-93.3605,1,1,0,11,8,10,2
1.0,3,0,1599,900,42.9833,-71.4574,0,0,1,3,99,2,2
1.0,1,1,1579,900,39.7131,-105.2321,0,0,1,8,99,22,1
1.0,2,1,1550,900,38.7551,-121.2948,1,1,0,1,0,11,3
1.0,2,1,1550,900,33.7848,-84.3922,0,0,1,0,3,12,6
1.0,1,1,1550,900,34.0648,-84.0849,1,1,0,14,99,1,2
2.0,1,1,1525,900,39.2946,-76.6235,0,0,1,3,99,4,2
1.0,2,1,1500,900,28.0076,-82.4792,1,1,0,0,0,11,3
1.0,1,1,1500,900,40.789,-74.0122,0,0,1,1,4,11,6
1.0,2,1,1475,900,39.1054,-84.5022,0,0,1,0,99,0,2
1.0,2,1,1460,900,47.3907,-122.2626,0,0,1,4,99,2,2
1.0,2,1,1400,900,42.0876,-71.025,0,0,1,1,99,22,1
2.0,2,1,1390,900,39.4044,-76.4482,1,1,0,2,99,4,2
1.0,1,1,1365,900,30.3054,-97.7497,0,0,1,2,0,11,3
1.0,2,1,1365,900,39.5551,-76.9906,0,0,1,1,99,4,2
1.0,4,1,1350,900,41.7566,-72.689,0,0,1,0,3,12,6
1.0,3,1,1350,900,43.0724,-89.4003,0,0,1,1,4,11,6
1.0,1,1,1350,900,42.9194,-71.065,1,0,0,1,99,2,2
1.0,2,1,1350,900,38.8391,-76.9175,0,0,1,3,99,20,1
1.0,2,1,1340,900,38.8562,-104.772,1,1,0,4,0,11,3
1.0,2,1,1329,900,44.9368,-93.3605,1,0,0,0,0,11,3
1.0,2,1,1300,900,45.4851,-122.8349,1,1,0,7,0,11,3
1.0,2,1,1300,900,33.7416,-84.2614,1,1,0,0,0,11,3
1.0,3,1,1300,900,39.9974,-82.9829,1,0,0,4,4,11,6
1.0,2,1,1300,900,39.6428,-74.9555,1,1,0,0,99,3,2
1.0,1,1,1299,900,35.1211,-89.9517,1,1,0,0,8,11,2
1.0,2,1,1289,900,28.0076,-82.4792,1,1,0,6,0,11,3
1.0,1,1,1275,900,41.8625,-87.6825,1,1,0,0,0,11,3
1.0,1,1,1264,900,25.7603,-80.3005,1,0,0,7,0,11,3
2.0,2,1,1255,900,39.4044,-76.4482,1,1,0,2,99,4,2
1.5,2,1,1250,900,48.7871,-122.4437,1,0,0,0,0,11,3
1.0,2,1,1250,900,45.5091,-122.6449,1,1,0,0,0,11,3
2.0,2,1,1240,900,26.6138,-80.0897,0,0,1,4,0,22,2
1.0,2,1,1230,900,40.11,-83.1087,1,1,0,8,0,11,3
2.0,2,1,1214,900,29.2828,-94.8253,0,0,1,2,21,0,3
1.0,3,1,1200,900,42.2368,-83.6103,0,0,1,2,0,11,3
2.0,2,1,1200,900,42.0259,-93.6516,0,0,1,5,4,11,6
1.0,2,1,1200,900,39.0744,-94.5521,1,1,0,0,3,12,6
1.0,2,1,1195,900,38.6274,-90.304,0,0,1,1,0,11,3
1.0,2,1,1100,900,44.9405,-93.1027,1,0,0,2,0,11,3
1.0,2,1,1100,900,61.1723,-149.8414,1,1,0,1,0,11,3
1.0,1,1,1075,900,41.8625,-87.6825,1,1,0,0,0,11,3
1.0,2,1,1035,900,33.7848,-84.3922,1,1,0,0,0,11,3
1.0,2,1,1030,900,43.7012,-85.4657,0,0,1,0,4,12,6
1.0,2,1,1025,900,42.0259,-93.6516,0,0,1,0,3,12,6
1.0,1,1,1021,900,36.8379,-76.0939,1,1,0,5,99,19,1
2.0,2,1,1015,900,36.4688,-78.2924,1,1,0,9,99,0,2
1.0,2,1,999,900,40.3012,-111.6907,0,0,1,0,0,11,3
1.0,2,1,995,900,42.0259,-93.6516,0,0,1,0,0,11,3
1.0,2,1,995,900,42.9908,-89.5684,1,0,0,7,4,11,6
1.0,2,1,978,900,36.4336,-78.0027,1,1,0,9,99,0,2
1.0,1,1,975,900,40.1755,-74.8464,1,1,0,6,0,11,3
1.0,2,1,975,900,29.8831,-97.945,0,0,1,1,4,11,6
1.0,1,1,964,900,36.1147,-80.0915,0,0,1,9,99,19,1
2.0,2,1,950,900,30.4528,-87.2644,1,1,0,10,0,11,3
1.0,1,1,950,900,39.0744,-94.5521,1,0,0,7,4,11,6
1.0,2,1,935,900,39.5076,-121.5058,0,0,1,0,0,11,3
1.0,2,1,924,900,36.0334,-79.4909,1,1,0,5,99,19,1
1.0,1,1,900,900,39.0744,-94.5521,0,0,1,7,4,11,6
1.0,2,1,900,900,40.5059,-80.1869,0,0,1,4,99,3,2
1.0,1,1,899,900,33.9094,-78.1285,0,0,1,0,0,11,3
1.0,1,1,898,900,61.1723,-149.8414,1,1,0,1,0,11,3
1.0,2,1,870,900,40.3613,-86.9005,1,1,0,6,0,11,3
1.0,2,1,850,900,40.2854,-83.0595,1,1,0,3,0,21,2
1.0,2,1,850,900,39.0744,-94.5521,0,0,1,5,4,11,6
1.0,2,1,850,900,42.0259,-93.6516,0,0,1,0,4,11,6
1.0,2,1,850,900,43.0724,-89.4003,0,0,1,6,4,11,6
1.0,2,1,850,900,39.0744,-94.5521,1,1,0,4,4,11,6
1.0,2,1,850,900,36.0785,-94.1531,1,1,0,0,3,12,6
2.0,2,1,850,900,36.1045,-115.0677,1,1,0,9,99,18,1
2.0,2,1,848,900,43.5329,-96.7265,1,1,0,0,0,11,3
1.0,2,1,825,900,41.1298,-96.2485,1,1,0,0,0,11,3
1.0,3,1,825,900,42.9497,-85.6417,0,0,1,0,0,11,3
1.0,2,1,815,900,46.8013,-100.7562,0,0,1,0,0,11,3
1.0,2,1,805,900,40.3306,-79.8062,1,0,0,9,99,4,2
1.0,2,1,800,900,36.5351,-87.3442,1,1,0,0,0,11,3
1.0,1,1,800,900,46.8296,-100.8908,1,1,0,0,0,11,3
1.0,3,1,800,900,36.116,-95.9281,1,1,0,3,0,11,3
1.0,2,1,795,900,41.6251,-93.7375,1,1,0,7,0,11,3
1.0,2,1,785,900,37.0575,-76.4614,0,0,1,3,99,21,1
1.0,2,1,785,900,37.0575,-76.4614,0,0,1,3,99,21,1
1.5,2,1,780,900,31.5887,-94.5735,1,1,0,0,0,11,3
1.0,2,1,775,900,39.0744,-94.5521,1,1,0,5,0,11,3
2.0,2,1,770,900,35.6553,-80.4824,1,1,0,10,0,21,2
1.0,2,1,765,900,40.2996,-79.819,0,0,1,9,99,4,2
2.0,2,1,760,900,32.5548,-94.7807,1,1,0,10,99,0,2
2.0,2,1,750,900,35.7193,-81.3418,1,1,0,6,0,11,3
1.0,2,1,750,900,44.2745,-88.4153,1,1,0,3,0,11,3
1.0,2,1,735,900,41.3711,-82.1168,1,1,0,8,99,19,1
1.0,2,1,700,900,42.7242,-84.477,1,0,0,4,0,11,3
1.0,2,1,700,900,29.4624,-98.5253,1,1,0,0,0,11,3
1.0,2,1,695,900,43.5884,-96.5752,0,0,1,0,0,11,3
1.0,2,1,695,900,43.5329,-96.7265,1,1,0,0,0,11,3
1.0,2,1,675,900,41.9295,-83.3654,1,1,0,0,0,11,3
2.0,2,1,650,900,38.9401,-92.3167,1,1,0,0,0,11,3
1.0,2,1,645,900,47.9179,-97.0658,0,0,1,0,0,11,3
1.0,2,1,635,900,40.3914,-79.8369,0,0,1,7,99,4,2
1.0,2,1,625,900,32.833,-83.6723,1,1,0,0,3,12,6
2.0,2,1,565,900,26.1596,-97.989,1,1,0,11,0,11,3
1.5,2,1,505,900,35.2441,-97.4144,0,0,1,10,99,4,2
2.0,2,1,500,900,30.7084,-96.347,0,0,1,4,26,21,4
1.0,2,1,500,900,33.1472,-96.104,0,0,1,3,99,0,2
1.0,2,1,455,900,40.5755,-79.7224,1,1,0,5,99,3,2
1.5,2,1,1231,901,40.5059,-80.1869,0,0,1,10,99,3,2
1.0,2,1,999,901,41.6713,-70.1916,0,0,1,2,99,0,2
1.0,2,1,874,901,31.7872,-93.1282,0,0,1,0,99,18,1
1.0,2,1,850,901,42.2837,-85.5793,0,0,1,0,0,11,3
2.0,2,1,578,901,26.2147,-98.3516,1,1,0,11,0,11,3
1.0,2,1,1850,902,39.7317,-104.9698,0,0,1,2,99,18,1
2.0,2,1,1250,902,27.0717,-82.3833,0,0,1,0,0,11,3
1.0,2,1,1225,902,41.8859,-88.3101,1,1,0,0,0,11,3
1.0,1,1,1177,902,47.3099,-122.3139,0,0,1,1,99,0,2
1.0,2,1,845,902,47.6794,-117.4018,1,1,0,0,3,12,6
1.0,2,1,700,902,34.7754,-84.9497,0,0,1,0,3,12,6
1.0,1,1,1730,903,39.1649,-76.7156,1,1,0,0,0,20,2
1.0,1,1,1495,903,30.3054,-97.7497,0,0,1,2,0,11,3
1.0,1,1,1265,903,30.3054,-97.7497,1,1,0,4,0,11,3
2.0,2,1,1240,903,39.4944,-77.4535,1,1,0,0,0,20,2
2.0,2,1,1055,903,32.8255,-97.1039,0,0,1,4,99,4,2
1.0,1,1,834,903,39.7078,-86.3938,1,1,0,4,0,11,3
1.0,2,1,1770,904,40.3346,-74.5794,1,1,0,13,99,4,2
1.0,2,1,1770,904,40.3346,-74.5794,1,1,0,13,99,4,2
2.0,2,1,2859,905,33.852,-118.3759,1,1,0,0,0,11,3
1.0,1,1,2450,905,44.9855,-93.3023,1,1,0,7,8,10,2
3.0,3,1,1797,905,40.4969,-86.9659,0,0,1,4,0,11,3
2.0,2,1,1468,905,47.3866,-122.1969,1,1,0,8,99,2,2
2.0,2,1,1330,905,33.0023,-96.8406,1,1,0,7,99,0,2
1.0,2,1,1240,905,30.3054,-97.7497,1,1,0,0,0,11,3
1.0,2,1,1160,905,36.1536,-115.1965,0,0,1,5,99,21,1
1.0,1,1,1050,905,38.8647,-94.8283,1,1,0,8,0,11,3
2.0,2,1,795,905,34.678,-92.7603,1,1,0,9,0,11,3
1.0,1,1,1743,906,39.0747,-76.7017,0,0,1,4,99,3,2
1.0,2,1,1700,906,43.6046,-116.2475,0,0,1,0,0,11,3
1.5,2,1,1683,906,47.8616,-122.2729,0,0,1,10,99,4,2
1.5,2,1,1683,906,47.8616,-122.2729,0,0,1,10,99,4,2
1.5,1,0,1295,906,32.4293,-97.7612,0,0,1,8,99,4,2
1.0,1,1,1175,906,30.3054,-97.7497,1,1,0,0,3,12,6
1.0,1,1,730,906,33.3926,-86.8018,1,0,0,0,0,11,3
1.0,1,1,1369,907,33.6713,-116.2873,0,0,1,0,3,12,6
1.0,3,1,1194,907,32.2264,-110.9438,1,1,0,9,0,11,3
2.0,2,1,1640,908,47.7921,-122.3045,1,1,0,6,99,3,2
1.0,1,1,1225,908,29.4624,-98.5253,0,0,1,7,4,11,6
1.0,1,1,1010,908,33.4549,-84.128,0,0,1,0,0,11,3
2.0,2,1,660,908,34.8523,-92.4058,1,1,0,5,0,11,3
2.0,2,1,1095,909,42.0259,-93.6516,1,0,0,0,3,12,6
2.0,2,1,1887,910,47.4457,-122.1407,0,0,1,2,99,4,2
1.0,1,1,1750,910,41.5486,-90.5922,1,1,0,0,0,11,3
2.0,4,1,1496,910,40.4969,-86.9659,0,0,1,4,0,11,3
1.0,1,1,1161,910,35.7887,-78.6531,0,0,1,3,99,1,2
1.0,1,1,1047,910,39.4853,-84.382,0,0,1,13,99,23,1
1.0,1,1,1046,910,30.4601,-84.2714,1,1,0,7,0,11,3
1.0,1,1,1019,910,39.267,-84.2921,1,1,0,10,99,23,1
1.0,1,1,893,910,36.0746,-79.0777,0,0,1,5,99,19,1
2.0,2,1,1949,911,47.616,-122.3275,0,0,1,0,0,11,3
2.0,2,1,1870,911,40.3346,-74.5794,1,1,0,13,99,4,2
1.0,1,1,1299,911,39.4915,-76.6609,0,0,1,2,99,1,2
1.0,1,1,1079,911,33.9569,-84.0214,1,1,0,6,0,11,3
2.0,2,1,991,911,38.9885,-84.6468,1,1,0,6,0,11,3
2.0,2,1,3700,912,38.9118,-77.0132,1,1,0,6,0,11,3
2.0,2,1,1313,912,33.0023,-96.8406,1,1,0,5,99,0,2
1.0,2,1,1239,912,32.8525,-97.1399,1,1,0,5,99,3,2
1.0,2,1,1159,912,32.8525,-97.1399,0,0,1,2,99,3,2
1.0,2,1,1145,912,41.2562,-96.0404,1,1,0,0,0,11,3
1.0,3,1,1045,912,38.7677,-90.388,1,1,0,0,4,12,6
2.0,2,1,1004,912,35.753,-86.8832,1,1,0,4,0,11,3
2.0,2,1,895,912,42.0259,-93.6516,1,0,0,0,8,11,2
2.0,3,1,790,912,42.0259,-93.6516,1,1,0,0,8,11,2
1.0,1,1,1795,913,43.0531,-87.9659,1,1,0,0,0,11,3
2.0,2,1,1712,913,47.791,-122.2177,0,0,1,2,99,1,2
1.0,1,1,1685,913,41.8388,-72.8231,0,0,1,4,99,3,2
2.0,2,1,1480,913,33.4345,-88.8353,0,0,1,5,0,11,3
1.0,2,1,1397,913,47.2154,-122.4608,1,1,0,10,0,11,3
1.0,2,1,1005,913,32.8255,-97.1039,1,1,0,12,99,4,2
1.0,1,1,808,913,32.8255,-97.1039,1,1,0,10,99,4,2
1.0,1,1,805,913,32.8255,-97.1039,1,1,0,11,99,4,2
1.0,1,1,5000,914,37.7599,-122.4379,1,1,0,2,0,11,3
2.0,2,1,1855,914,39.266,-76.8455,1,1,0,9,99,2,2
2.0,3,1,1575,914,43.0724,-89.4003,0,0,1,3,4,11,6
2.0,1,1,1555,914,47.4608,-122.2095,1,1,0,3,99,4,2
2.0,2,0,1350,914,25.3801,-80.4041,0,0,1,2,77,21,2
1.0,1,1,1128,914,32.7767,-97.0816,1,1,0,16,99,1,2
1.0,2,1,1123,914,29.6015,-95.6306,1,1,0,3,0,11,3
2.0,2,1,4895,915,37.7599,-122.4379,1,1,0,2,0,11,3
2.0,2,1,2295,915,34.1881,-118.3905,0,0,1,0,0,11,3
1.0,1,1,2120,915,47.5632,-122.2265,0,0,1,1,99,3,2
1.0,1,1,1650,915,44.4624,-73.1603,1,1,0,0,0,11,3
1.0,2,1,1445,915,39.266,-76.8455,0,0,1,5,99,2,2
1.0,2,1,1410,915,43.2523,-70.8736,0,0,1,4,99,2,2
1.0,2,1,1300,915,39.7136,-105.0655,1,1,0,0,99,19,1
1.0,1,1,1045,915,33.8335,-112.1292,1,1,0,2,0,11,3
1.0,2,1,565,915,47.9179,-97.0658,0,0,1,0,0,11,3
1.0,2,1,2199,916,44.9855,-93.3023,1,1,0,0,3,12,6
1.0,2,1,1800,916,40.4678,-79.9134,1,1,0,2,99,4,2
2.0,2,1,1365,916,38.8562,-104.772,0,0,1,5,6,21,3
2.0,2,1,1300,916,42.0259,-93.6516,0,0,1,0,0,11,3
1.0,2,1,1130,916,47.3099,-122.3139,0,0,1,6,99,0,2
1.0,2,1,1025,916,44.9773,-93.0391,0,0,1,9,8,10,2
1.0,2,1,820,916,47.9179,-97.0658,0,0,1,6,0,11,3
1.0,2,1,725,916,43.4251,-83.9731,1,1,0,8,0,11,3
1.0,2,1,1900,917,33.8569,-118.0019,0,0,1,0,8,10,2
1.0,2,1,1295,917,45.4913,-122.4185,1,1,0,0,0,11,3
1.0,1,1,655,917,39.0375,-95.7052,1,1,0,6,0,11,3
1.5,2,1,2495,918,37.7184,-122.0656,0,0,1,0,3,12,6
1.0,1,1,2025,918,40.3663,-74.6688,1,1,0,1,99,4,2
2.0,2,1,1890,918,47.6124,-122.1427,0,0,1,3,99,0,2
2.0,2,1,1805,918,47.8616,-122.2729,0,0,1,5,99,4,2
2.0,2,1,1289,918,36.142,-115.2247,0,0,1,6,99,19,1
1.0,1,1,1250,918,44.8525,-93.5502,1,0,0,0,0,11,3
1.0,2,1,1200,918,42.9115,-87.8656,1,1,0,2,4,11,6
1.0,3,1,830,918,39.2431,-84.5394,1,1,0,1,99,1,2
1.0,2,1,750,918,43.5329,-96.7265,0,0,1,0,3,12,6
1.0,1,1,1920,919,30.3054,-97.7497,1,1,0,6,0,11,3
1.0,2,0,1110,919,39.4642,-76.8115,0,0,1,7,99,4,2
1.0,1,1,2700,920,41.0091,-74.2081,1,1,0,0,3,12,6
1.0,2,1,2065,920,33.8154,-118.037,0,0,1,0,99,2,2
1.0,2,1,2050,920,47.616,-122.3275,1,1,0,0,0,11,3
1.0,1,1,1810,920,38.9974,-76.8818,0,0,1,3,99,21,1
1.0,1,1,1649,920,40.6623,-74.2087,1,1,0,5,99,3,2
1.0,2,1,1630,920,40.2659,-74.6959,0,0,1,1,99,4,2
1.0,2,1,1586,920,40.2659,-74.6959,0,0,1,1,99,4,2
1.0,1,1,1556,920,34.0299,-84.2425,0,0,1,4,99,1,2
2.0,2,1,1495,920,33.5178,-112.0848,1,1,0,2,0,11,3
1.0,2,1,1245,920,45.4913,-122.4185,1,1,0,5,4,11,6
1.0,2,0,1195,920,40.5422,-105.1137,1,1,0,2,99,0,2
1.0,1,1,1094,920,33.9222,-84.0725,0,0,1,2,99,3,2
1.5,1,1,1067,920,33.9683,-84.4394,0,0,1,3,99,4,2
1.0,2,1,950,920,40.7061,-111.9048,0,0,1,0,0,11,3
1.0,1,1,922,920,35.7193,-81.3418,0,0,1,5,0,21,2
2.0,2,1,910,920,33.9901,-80.9964,0,0,1,4,0,20,2
1.0,1,1,895,920,43.5329,-96.7265,1,1,0,4,0,11,3
1.0,2,1,835,920,43.5329,-96.7265,1,1,0,6,0,11,3
1.0,1,1,826,920,40.4448,-79.9725,1,0,0,1,0,11,3
1.0,2,1,825,920,43.5329,-96.7265,1,1,0,7,0,11,3
1.0,2,1,1565,921,35.9393,-86.8716,1,1,0,0,0,11,3
2.0,2,1,1430,921,27.7332,-97.4058,1,1,0,7,0,11,3
1.0,2,1,2800,922,42.328,-71.071,0,0,1,2,0,11,3
1.0,1,1,1580,922,34.0648,-84.0849,1,1,0,14,99,1,2
1.0,1,1,1464,922,41.7922,-72.8576,1,1,0,1,0,11,3
1.0,2,1,4795,923,37.7599,-122.4379,1,1,0,2,0,11,3
1.0,2,1,1895,923,26.1343,-80.233,1,1,0,8,4,11,6
2.0,2,1,1850,923,32.7876,-117.1265,0,0,1,0,0,11,3
1.0,1,1,1713,923,43.0791,-73.7766,1,1,0,0,0,11,3
2.0,2,1,1475,923,47.3099,-122.3139,1,1,0,6,99,0,2
1.0,1,1,1953,924,47.8441,-122.1991,0,0,1,4,99,1,2
2.0,2,1,1760,924,44.5716,-123.282,0,0,1,10,4,11,6
2.0,2,1,1575,924,47.5968,-122.7026,1,1,0,9,0,11,3
2.0,2,1,916,924,44.8476,-93.7899,0,0,1,8,16,11,1
1.5,2,1,675,924,39.9621,-82.7824,1,1,0,3,7,22,2
1.0,2,1,2595,925,37.7605,-122.2522,1,1,0,5,0,11,3
1.0,2,0,2100,925,37.7931,-122.2429,0,0,1,2,0,22,2
2.0,2,1,2020,925,33.8323,-117.9079,0,0,1,0,0,11,3
2.0,2,1,1476,925,38.9577,-104.7566,0,0,1,4,99,2,2
1.0,1,1,1450,925,44.9368,-93.3605,1,1,0,9,8,10,2
2.0,2,1,1436,925,38.9577,-104.7566,0,0,1,4,99,2,2
1.0,2,1,1375,925,43.0724,-89.4003,1,0,0,6,12,11,5
1.0,1,1,1295,925,32.6691,-117.0917,1,1,0,0,0,11,3
1.0,2,1,1250,925,39.736,-104.9819,1,1,0,0,0,11,3
2.0,2,1,1150,925,33.1993,-97.1268,1,1,0,0,0,11,3
1.0,2,1,900,925,37.2737,-79.9668,1,1,0,0,0,11,3
2.0,2,1,895,925,30.4601,-84.2714,1,1,0,8,0,11,3
1.5,2,1,890,925,32.7693,-96.6848,1,1,0,4,99,20,1
1.0,1,1,889,925,42.4869,-92.3426,1,1,0,8,0,11,3
1.0,1,1,875,925,33.7069,-84.9334,0,0,1,0,3,12,6
1.5,2,1,775,925,38.0172,-84.4931,1,1,0,0,24,11,0
1.0,2,1,775,925,35.2441,-97.4144,0,0,1,4,99,4,2
1.0,2,1,750,925,41.6077,-81.5066,0,0,1,4,99,21,1
1.0,2,1,700,925,41.6077,-81.5066,0,0,1,2,99,21,1
1.0,2,1,679,925,36.116,-95.9281,1,1,0,0,0,11,3
1.5,2,1,1550,926,41.8625,-87.6825,1,1,0,0,0,11,3
1.0,2,1,1275,926,32.6548,-97.1587,0,0,1,3,99,2,2
2.0,2,1,1027,926,45.2764,-92.9901,0,0,1,6,8,10,2
1.5,2,1,3050,927,38.9118,-77.0132,1,1,0,0,3,12,6
2.0,2,1,1675,927,40.8511,-74.7078,0,0,1,3,99,1,2
2.0,2,1,1490,927,40.8511,-74.7078,0,0,1,3,99,1,2
2.0,2,1,1475,927,40.8511,-74.7078,0,0,1,3,99,1,2
1.5,2,1,1445,927,39.1627,-76.6354,1,1,0,11,99,3,2
1.5,2,1,1440,927,39.1627,-76.6354,1,1,0,11,99,2,2
1.0,1,1,850,927,36.0909,-79.9272,0,0,1,5,99,20,1
1.0,1,1,1192,928,34.0299,-84.2425,1,1,0,13,99,1,2
2.0,2,1,1020,928,39.6379,-84.1686,0,0,1,2,99,2,2
2.0,2,1,2770,929,40.8206,-74.2133,1,1,0,2,99,1,2
2.0,2,1,2375,929,40.8084,-74.1224,0,0,1,4,99,1,2
1.5,1,1,1435,929,39.7016,-74.2557,0,0,1,0,0,11,3
2.0,2,1,2010,930,33.8726,-117.8546,0,0,1,0,0,11,3
1.0,2,1,1700,930,41.78,-88.0222,1,1,0,0,0,11,3
2.0,1,1,1424,930,29.4624,-98.5253,0,0,1,1,4,11,6
1.5,2,1,1275,930,33.1993,-97.1268,1,1,0,0,3,12,6
1.5,2,1,1200,930,30.4348,-86.6208,0,0,1,0,0,11,3
2.0,2,1,1150,930,33.5178,-112.0848,1,1,0,0,0,11,3
1.0,2,1,1144,930,36.8379,-76.0939,0,0,1,5,99,19,1
1.0,1,1,1115,930,40.0275,-74.8831,0,0,1,7,99,2,2
1.0,2,1,1100,930,39.9974,-82.9829,1,1,0,0,4,11,6
2.0,2,1,1100,930,37.6249,-77.4948,1,1,0,5,99,18,1
1.0,2,1,1072,930,38.2722,-76.4664,1,1,0,1,0,11,3
2.0,2,1,1035,930,37.1329,-113.5097,0,0,1,0,4,12,6
2.0,2,1,1000,930,47.9179,-97.0658,1,1,0,0,0,11,3
2.0,2,1,965,930,36.0514,-78.8807,0,0,1,6,99,3,2
1.0,2,1,895,930,44.5306,-122.8713,0,0,1,0,8,11,2
1.5,2,1,668,930,35.3169,-118.9749,0,0,1,5,1,22,1
1.0,2,1,624,930,40.1145,-88.2723,1,1,0,4,0,11,3
1.0,2,1,610,930,38.0477,-97.3476,1,1,0,5,0,11,3
1.0,2,1,6500,931,37.7599,-122.4379,0,0,1,1,4,11,6
1.0,1,1,1740,931,30.3054,-97.7497,0,0,1,0,0,11,3
1.0,1,1,1670,931,41.4029,-73.4637,1,1,0,8,0,11,3
2.0,2,1,1418,931,33.1932,-87.5349,1,1,0,9,0,11,3
2.0,2,1,1225,931,42.0259,-93.6516,0,0,1,0,16,11,1
1.0,1,1,1085,931,34.0072,-84.0034,0,0,1,3,99,2,2
2.0,2,1,1965,932,47.3949,-122.0287,0,0,1,5,99,3,2
2.0,2,1,1965,932,47.3949,-122.0287,0,0,1,5,99,3,2
2.0,2,1,1915,932,47.3949,-122.0287,0,0,1,5,99,3,2
1.5,2,1,1586,932,39.1627,-76.6354,0,0,1,3,99,2,2
2.0,2,1,1438,932,47.7974,-122.2037,0,1,0,10,0,11,3
1.5,2,1,1295,932,45.5091,-122.6449,1,1,0,0,0,11,3
1.5,1,1,2600,933,47.5988,-122.1507,0,0,1,0,0,11,3
1.0,2,1,2195,933,45.5091,-122.6449,1,1,0,0,0,11,3
1.0,2,1,1527,933,39.0956,-76.6212,1,1,0,2,99,3,2
1.0,3,1,895,933,35.471,-97.5299,0,0,1,0,19,13,4
1.0,3,1,785,933,39.8456,-84.1117,1,1,0,2,99,2,2
1.0,1,1,695,933,39.8456,-84.1117,1,1,0,2,99,2,2
1.5,2,1,1495,934,42.1165,-88.5022,1,1,0,0,3,12,6
2.0,2,1,1180,934,36.8379,-76.0939,0,0,1,5,99,19,1
2.0,2,1,807,934,32.8255,-97.1039,1,1,0,10,99,4,2
1.0,1,1,1714,935,32.787,-96.7983,0,0,1,6,0,22,2
1.0,2,1,1455,935,47.3866,-122.2109,1,1,0,13,99,2,2
1.0,2,1,1450,935,38.7555,-76.9825,1,1,0,9,99,20,1
1.0,2,1,1420,935,38.7555,-76.9825,1,1,0,9,99,20,1
2.0,1,1,1335,935,39.2946,-76.6235,0,0,1,4,99,4,2
1.5,2,1,1315,935,39.4915,-76.6609,1,1,0,9,99,1,2
2.0,2,1,1173,935,41.1735,-81.4497,1,1,0,8,99,21,1
2.0,2,1,999,935,41.6828,-93.7077,1,1,0,0,0,11,3
2.0,2,1,985,935,39.2858,-84.522,1,1,0,7,99,1,2
1.0,2,1,900,935,41.4712,-81.5155,0,0,1,2,99,20,1
1.0,1,1,850,935,41.26,-95.8358,1,1,0,11,0,11,3
1.0,2,1,835,935,48.2469,-101.3017,0,0,1,0,0,11,3
2.0,2,1,811,935,43.5329,-96.7265,1,1,0,0,0,11,3
2.0,3,1,2050,936,39.6828,-104.8078,1,1,0,0,0,11,3
2.0,2,1,1833,936,47.4608,-122.2095,1,1,0,7,99,4,2
1.0,1,1,1676,936,32.8212,-96.7853,1,1,0,0,0,11,3
1.0,3,1,1599,936,40.1145,-88.2723,0,0,1,3,0,11,3
1.5,2,1,1450,936,44.5716,-123.282,0,0,1,0,0,11,3
1.0,3,1,945,936,47.9179,-97.0658,0,0,1,0,0,11,3
1.0,3,1,850,936,40.4738,-86.1409,0,1,0,0,0,11,3
2.0,2,1,645,936,36.5311,-82.5209,0,0,1,3,15,21,1
1.0,2,0,1605,937,39.9608,-104.8195,1,1,0,0,99,0,2
1.0,1,1,1528,937,39.644,-104.9026,0,0,1,4,99,21,1
2.0,2,0,1267,937,32.8525,-97.1399,1,1,0,7,99,3,2
1.0,2,1,1135,937,39.9513,-84.1778,0,0,1,5,99,2,2
1.0,2,1,995,937,40.4261,-79.7631,0,0,1,2,99,4,2
1.0,2,1,1600,938,41.8625,-87.6825,1,1,0,0,8,10,2
2.0,1,1,1595,938,48.7871,-122.4437,1,0,0,0,0,11,3
2.0,2,1,1485,938,45.661,-122.5489,1,1,0,0,0,11,3
2.0,2,1,1255,938,32.8525,-97.1399,1,1,0,9,99,3,2
2.0,2,1,1050,938,29.4624,-98.5253,1,1,0,0,4,12,6
1.0,1,1,1997,939,42.1246,-71.1089,1,1,0,3,99,18,1
1.5,1,1,1900,939,25.8275,-80.1842,1,1,0,0,0,11,3
1.0,1,1,1889,939,29.7714,-95.4343,1,1,0,5,0,11,3
2.0,2,1,1670,939,40.3346,-74.5794,1,1,0,4,99,4,2
1.0,1,1,1558,939,32.7826,-96.777,0,0,1,4,99,20,1
2.0,2,1,1545,939,40.3346,-74.5794,0,0,1,4,99,4,2
2.0,2,1,1390,939,35.2505,-97.4596,1,1,0,4,99,3,2
2.0,2,1,1390,939,35.2505,-97.4596,1,1,0,4,99,3,2
2.0,2,0,1370,939,35.2505,-97.4596,1,1,0,4,99,3,2
2.0,2,0,1370,939,35.2505,-97.4596,1,1,0,4,99,3,2
2.0,2,1,1370,939,35.2505,-97.4596,1,1,0,4,99,3,2
2.0,2,1,1350,939,35.2505,-97.4596,1,1,0,4,99,3,2
2.0,2,1,1350,939,35.2505,-97.4596,1,1,0,4,99,3,2
2.0,2,1,1350,939,35.2505,-97.4596,1,1,0,4,99,3,2
2.0,2,1,1350,939,35.2505,-97.4596,1,1,0,4,99,3,2
2.0,2,1,1350,939,35.2505,-97.4596,1,1,0,4,99,3,2
1.0,1,1,1186,939,30.2989,-81.6324,1,1,0,9,0,11,3
1.0,2,1,783,939,33.56,-101.8904,0,0,1,3,21,0,3
1.0,3,1,1895,940,43.0724,-89.4003,1,0,0,2,4,11,6
2.0,2,1,1832,940,36.3086,-78.5906,1,1,0,6,0,11,3
1.0,1,1,1685,940,38.7999,-77.1072,1,1,0,9,0,11,3
1.0,1,1,1489,940,39.6894,-105.1119,1,1,0,11,0,11,3
2.0,2,1,1398,940,39.7883,-104.8265,0,0,1,9,99,21,1
2.0,2,1,1325,940,39.6894,-105.1119,1,1,0,0,0,11,3
1.5,2,1,1265,940,39.6821,-104.8846,0,0,1,3,99,20,1
2.0,2,1,1190,940,42.7449,-83.0073,1,1,0,0,0,11,3
1.0,2,1,1135,940,36.8344,-76.0258,0,0,1,0,99,20,1
1.0,2,1,968,940,41.4983,-81.6437,0,0,1,1,99,21,1
1.0,2,1,932,940,41.4983,-81.6437,1,1,0,1,99,21,1
1.5,2,1,922,940,35.4571,-81.8035,0,0,1,5,99,4,2
1.0,2,1,795,940,39.1585,-84.5946,1,1,0,3,99,0,2
2.0,2,1,659,940,41.6307,-83.5779,1,1,0,4,99,18,1
1.0,2,1,625,940,47.9179,-97.0658,0,0,1,0,0,11,3
1.0,2,1,1755,941,41.8625,-87.6825,1,1,0,2,0,11,3
1.0,1,1,1415,941,35.3753,-119.0319,0,0,1,0,0,11,3
1.0,0,1,2400,942,38.5587,-121.432,0,0,1,0,0,11,3
1.0,2,1,1495,942,39.4276,-76.7727,0,0,1,7,99,4,2
2.0,2,1,1216,942,34.025,-84.3128,0,0,1,3,99,4,2
2.0,2,1,1190,942,32.9108,-96.7321,0,0,1,2,99,22,1
1.0,1,1,1115,942,39.6309,-84.2621,0,0,1,4,99,1,2
1.0,1,1,1075,942,42.9644,-87.9868,1,1,0,9,0,11,3
2.0,2,1,964,942,38.8021,-104.7105,0,0,1,5,99,1,2
1.0,1,1,1367,943,35.471,-97.5299,1,1,0,0,3,12,6
1.5,3,1,1320,943,38.8516,-76.8871,0,0,1,4,99,21,1
2.0,2,1,1177,943,30.1868,-93.1908,1,1,0,7,0,11,3
2.0,2,1,2020,944,32.8479,-116.9881,1,1,0,10,4,11,6
2.0,2,1,1840,944,33.9136,-118.3527,0,0,1,7,99,23,1
1.5,2,1,1795,944,39.0744,-94.5521,0,1,0,0,0,11,3
2.0,2,1,1703,944,47.3765,-122.0994,0,0,1,5,99,3,2
2.0,2,1,1600,944,39.0073,-76.6827,0,0,1,1,99,4,2
1.5,2,1,1495,944,39.6828,-104.8078,1,0,0,0,0,11,3
1.5,2,1,1100,944,29.4624,-98.5253,1,1,0,0,0,11,3
1.0,1,1,1010,944,35.7238,-78.8695,0,0,1,6,99,21,1
1.0,2,1,1825,945,40.6277,-74.4334,1,1,0,0,99,20,1
1.0,2,1,1514,945,28.6495,-81.2024,1,1,0,6,0,11,3
1.0,1,1,1400,945,43.1028,-75.2262,0,0,1,0,8,11,2
1.0,2,1,1200,945,44.9,-93.3233,1,0,0,5,0,11,3
1.0,1,1,1077,945,35.9999,-78.9413,0,0,1,10,99,3,2
2.0,2,1,860,945,32.7693,-96.6848,1,1,0,9,99,20,1
2.0,4,1,1352,946,40.1145,-88.2723,0,0,1,3,0,11,3
1.0,2,1,1290,946,44.9855,-93.3023,1,0,0,5,8,10,2
2.0,2,1,1245,946,38.0172,-84.4931,1,1,0,0,16,11,1
2.0,2,1,1240,946,30.3054,-97.7497,1,1,0,0,3,12,6
1.0,2,1,995,946,41.5927,-93.6276,1,1,0,8,0,11,3
2.0,2,1,1300,947,39.6894,-105.1119,1,1,0,0,0,11,3
2.0,2,1,1775,948,33.75,-117.9892,0,0,1,0,4,12,6
2.0,2,1,1650,948,47.8056,-122.3716,0,0,1,4,99,1,2
1.0,1,1,1595,948,39.9918,-74.8073,0,0,1,0,99,3,2
1.0,2,1,1402,948,40.8866,-74.7498,0,0,1,6,99,0,2
1.0,1,1,3565,949,41.8625,-87.6825,0,0,1,0,0,11,3
2.0,2,1,2275,949,37.7547,-121.9529,0,0,1,1,3,12,6
2.0,2,1,1696,949,42.9442,-71.5194,0,0,1,7,99,2,2
2.0,2,1,1655,949,42.9442,-71.5194,0,0,1,7,99,2,2
2.0,2,1,1648,949,39.1679,-84.4933,1,1,0,8,4,11,6
1.5,3,1,1635,949,39.1679,-84.4933,1,1,0,0,0,11,3
1.0,2,1,1289,949,44.9405,-93.1027,0,0,1,0,3,12,6
1.5,1,1,3198,950,34.0806,-118.4029,1,1,0,0,0,11,3
2.0,2,1,2998,950,34.0372,-118.2972,1,1,0,9,4,11,6
1.0,2,1,2695,950,34.0263,-118.4732,0,0,1,2,99,1,2
1.0,1,1,2395,950,39.266,-76.8455,0,0,1,2,99,2,2
1.0,2,1,2325,950,34.0372,-118.2972,1,1,0,0,0,11,3
1.5,2,1,2300,950,37.7078,-122.1435,0,0,1,0,0,11,3
2.0,2,1,2215,950,34.1542,-118.4447,1,1,0,0,0,11,3
2.0,2,1,2210,950,36.8532,-76.2902,1,1,0,1,99,21,1
1.0,2,1,1895,950,42.2081,-70.9524,0,0,1,5,99,21,1
1.0,2,1,1885,950,42.2081,-70.9524,0,0,1,5,99,21,1
1.5,2,1,1795,950,34.2017,-118.492,0,0,1,5,1,10,2
2.0,2,1,1788,950,47.7179,-122.2059,1,1,0,4,99,2,2
2.0,2,1,1725,950,40.0054,-75.1415,0,1,0,0,0,11,3
2.0,2,1,1580,950,47.4608,-122.2095,1,1,0,3,99,4,2
1.5,2,1,1500,950,33.9538,-118.2929,1,1,0,3,99,21,1
1.5,2,1,1495,950,44.9,-93.3233,1,1,0,0,0,11,3
1.0,2,1,1475,950,47.9338,-122.2052,1,1,0,0,0,11,3
1.0,2,1,1450,950,44.4613,-73.1972,0,0,1,2,99,2,2
1.0,2,1,1445,950,43.0531,-87.9659,0,0,1,6,4,11,6
1.5,1,1,1425,950,29.2828,-94.8253,1,1,0,0,3,12,6
1.0,2,1,1400,950,45.5091,-122.6449,1,1,0,0,0,11,3
1.0,2,1,1399,950,44.9855,-93.3023,0,0,1,0,3,12,6
2.0,2,1,1387,950,33.1993,-97.1268,1,1,0,3,3,12,6
1.0,2,1,1380,950,37.0451,-76.3664,0,0,1,0,4,11,6
2.0,3,1,1360,950,61.1521,-149.8508,1,1,0,3,0,11,3
1.0,1,1,1353,950,32.8524,-97.0886,0,0,1,5,99,3,2
1.0,3,1,1350,950,40.4969,-86.9659,0,0,1,4,0,11,3
1.0,2,1,1350,950,44.9235,-93.4704,0,0,1,0,3,12,6
2.0,2,1,1300,950,35.4815,-97.5355,0,0,1,6,99,4,2
1.0,2,0,1300,950,41.9049,-71.1027,0,0,1,0,99,1,2
1.0,1,1,1299,950,40.7683,-74.2372,0,0,1,1,99,1,2
1.0,2,1,1299,950,42.829,-71.658,1,1,0,3,99,22,1
1.0,2,1,1250,950,39.8787,-75.3228,1,1,0,0,0,11,3
2.0,2,1,1230,950,40.1171,-88.1889,0,0,1,3,0,11,3
1.5,2,1,1200,950,36.8328,-76.3529,0,0,1,0,0,11,3
1.0,2,1,1150,950,42.4583,-83.138,0,0,1,3,0,11,3
1.0,1,1,1122,950,42.6646,-83.2739,1,1,0,12,0,11,3
1.0,2,1,1120,950,37.0483,-76.4118,1,1,0,8,99,22,1
2.0,3,1,1109,950,36.9141,-76.2882,0,0,1,3,99,21,1
1.0,2,1,1100,950,38.5842,-90.4165,1,1,0,4,4,11,6
1.0,2,1,1099,950,33.8737,-84.5097,0,0,1,5,99,4,2
1.0,1,1,1095,950,45.6558,-122.5888,1,1,0,0,0,11,3
1.5,2,1,1090,950,42.663,-83.0352,1,1,0,0,0,11,3
1.0,3,1,1050,950,39.9974,-82.9829,1,0,0,3,19,13,4
1.0,2,1,1044,950,34.025,-84.3128,0,0,1,5,99,4,2
2.0,2,1,1009,950,41.5835,-93.7597,1,0,0,0,0,11,3
1.0,1,1,1009,950,34.7794,-82.3026,1,1,0,0,0,11,3
1.0,2,1,1000,950,42.5286,-92.4509,1,1,0,2,0,11,3
1.0,2,1,995,950,41.2562,-96.0404,1,1,0,0,0,11,3
1.0,2,1,995,950,41.2562,-96.0404,1,1,0,0,0,11,3
2.0,2,1,994,950,29.8831,-97.945,0,0,1,1,4,11,6
2.0,2,1,979,950,35.823,-78.6438,1,1,0,9,4,11,6
1.0,2,1,970,950,41.2562,-96.0404,1,1,0,0,0,11,3
2.0,2,1,958,950,30.0021,-95.2555,1,1,0,0,8,11,2
2.0,2,1,950,950,43.6089,-72.973,0,0,1,2,99,3,2
2.0,2,1,935,950,34.7264,-92.348,1,1,0,4,0,11,3
1.0,2,1,933,950,29.6803,-95.1845,1,1,0,2,0,11,3
1.0,1,1,927,950,35.0462,-85.2352,0,0,1,6,0,11,3
2.0,2,1,925,950,35.7863,-78.4845,1,1,0,7,99,23,1
1.0,1,1,895,950,41.1298,-96.2485,1,1,0,0,0,11,3
2.0,2,1,880,950,42.0259,-93.6516,0,0,1,0,3,12,6
2.0,2,1,880,950,42.0259,-93.6516,0,0,1,0,3,12,6
1.0,2,1,875,950,35.471,-97.5299,1,1,0,0,0,11,3
1.0,3,1,875,950,30.4601,-84.2714,1,1,0,0,0,11,3
1.0,2,1,859,950,39.1679,-84.4933,1,1,0,5,4,11,6
2.0,2,1,825,950,48.2469,-101.3017,0,0,1,0,0,11,3
1.0,2,1,825,950,35.9907,-78.9074,1,1,0,3,0,11,3
2.0,2,1,795,950,48.2469,-101.3017,1,1,0,0,0,11,3
2.0,2,1,775,950,37.7262,-89.2229,1,1,0,0,0,11,3
1.0,2,1,760,950,38.9259,-94.6916,1,1,0,7,4,11,6
2.0,2,1,752,950,29.7864,-94.9631,1,1,0,1,0,11,3
1.0,1,1,750,950,40.3375,-75.9336,0,0,1,2,15,22,1
1.5,2,1,749,950,30.7084,-96.347,1,1,0,0,0,11,3
2.0,3,1,550,950,38.0172,-84.4931,1,1,0,0,0,11,3
1.0,2,1,545,950,47.8895,-97.494,0,0,1,0,0,11,3
1.0,1,1,3649,951,32.8212,-96.7853,1,1,0,0,0,11,3
1.5,2,1,2195,951,47.616,-122.3275,1,1,0,0,0,11,3
2.0,2,1,1304,951,32.5807,-97.138,1,1,0,4,99,4,2
2.0,2,1,1295,951,32.5807,-97.138,0,0,1,3,99,4,2
1.0,1,1,1615,952,43.0724,-89.4003,1,1,0,10,4,11,6
2.0,2,1,1615,952,39.0614,-76.8511,1,1,0,11,99,19,1
1.0,2,1,1495,952,43.0681,-70.7854,1,1,0,6,99,2,2
2.0,2,1,1300,952,33.1932,-87.5349,0,0,1,0,8,11,2
2.0,2,1,1250,952,44.5306,-122.8713,1,1,0,0,0,11,3
2.0,2,1,1050,952,39.8057,-74.9979,0,0,1,1,99,2,2
1.5,2,1,875,952,36.3267,-94.0643,1,1,0,0,0,11,3
1.0,1,1,597,952,43.7815,-88.4411,1,0,0,6,0,11,3
1.0,1,1,2035,953,30.3054,-97.7497,1,1,0,6,0,11,3
1.0,2,1,1366,953,40.534,-105.0444,1,1,0,8,99,23,1
2.0,2,1,925,953,36.2528,-116.0181,0,0,1,2,15,21,1
1.0,1,1,820,953,46.8296,-100.8908,1,1,0,0,0,11,3
2.0,2,1,2995,954,34.1549,-118.1275,0,0,1,5,0,11,3
1.0,1,1,1595,954,43.2286,-87.9668,1,1,0,9,0,11,3
2.0,2,1,1395,954,35.823,-78.6438,0,1,0,0,3,12,6
2.0,2,1,1288,954,32.8524,-97.0886,1,1,0,5,99,3,2
1.0,2,1,1949,955,47.616,-122.3275,1,0,0,0,0,11,3
1.0,1,1,1114,955,33.9373,-84.2004,1,1,0,10,99,4,2
1.5,2,1,975,955,32.8239,-96.681,1,1,0,7,99,21,1
1.0,1,0,953,955,33.6795,-84.1596,0,0,1,0,99,2,2
1.0,2,1,943,955,42.7199,-84.5731,0,0,1,0,0,11,3
1.0,2,1,895,955,43.0724,-89.4003,1,1,0,0,0,11,3
2.0,2,1,650,955,35.0673,-92.3808,1,1,0,6,0,11,3
2.0,2,1,2695,956,32.7876,-117.1265,1,1,0,0,0,11,3
2.0,2,0,1965,956,47.3949,-122.0287,0,0,1,5,99,3,2
2.0,2,1,1965,956,47.3949,-122.0287,0,0,1,5,99,3,2
2.0,2,0,1915,956,47.3949,-122.0287,0,0,1,5,99,3,2
2.0,2,1,1915,956,47.3949,-122.0287,0,0,1,5,99,3,2
2.0,2,1,1716,956,47.8441,-122.1991,1,1,0,3,99,1,2
1.0,1,1,1699,956,32.8123,-96.8146,0,0,1,3,99,20,1
1.0,2,1,930,956,41.6828,-93.7077,1,1,0,0,3,12,6
1.0,1,1,810,956,43.5329,-96.7265,1,1,0,5,0,11,3
1.0,1,1,2683,957,36.137,-86.783,0,0,1,0,0,11,3
1.0,2,1,2245,957,40.8936,-73.9748,1,1,0,0,8,11,2
2.0,2,1,2030,957,47.5892,-122.0343,1,1,0,10,99,4,2
2.0,2,1,1795,957,42.1246,-71.1089,0,0,1,5,99,18,1
1.0,1,0,1107,957,34.0007,-84.4665,0,0,1,11,99,3,2
1.0,2,1,1060,957,40.1171,-88.1889,0,0,1,7,0,11,3
2.0,2,1,799,957,39.8054,-84.0178,0,0,1,7,99,1,2
1.0,2,1,1500,958,35.471,-97.5299,1,1,0,0,8,11,2
1.0,2,1,1165,958,44.8407,-92.8923,1,1,0,5,4,11,6
2.0,2,1,1073,958,33.9386,-84.6151,1,1,0,12,99,3,2
2.0,2,1,1073,958,33.9386,-84.6151,1,1,0,12,99,3,2
2.0,2,1,900,958,29.553,-98.3049,1,1,0,0,8,11,2
1.0,2,1,795,958,45.5509,-94.1725,1,0,0,2,0,11,3
1.0,2,1,1700,959,47.9338,-122.2052,1,1,0,0,0,11,3
1.0,1,1,1145,959,35.823,-78.6438,1,1,0,14,99,0,2
1.0,1,1,3388,960,37.567,-122.3657,0,0,1,0,0,11,3
2.0,2,1,2025,960,40.6623,-74.2087,1,1,0,0,0,11,3
1.0,2,1,2000,960,33.7932,-118.1582,1,1,0,1,99,2,2
2.0,2,1,1909,960,28.5163,-81.3644,1,1,0,5,0,11,3
1.0,1,0,1550,960,40.4667,-79.95,0,0,1,2,99,4,2
1.0,3,1,1509,960,43.0724,-89.4003,1,0,0,1,4,11,6
2.0,3,1,1500,960,42.0259,-93.6516,0,0,1,0,4,11,6
1.0,1,1,1285,960,43.0152,-89.4529,1,0,0,5,0,11,3
1.0,2,1,1272,960,41.6623,-72.6686,0,0,1,4,99,3,2
2.0,2,1,1250,960,33.5178,-112.0848,1,1,0,0,0,11,3
1.0,2,1,1125,960,41.7588,-72.6148,1,1,0,6,99,4,2
1.0,2,1,1125,960,41.7588,-72.6148,1,1,0,6,99,4,2
1.0,2,1,1115,960,41.7588,-72.6148,0,0,1,6,99,4,2
1.0,2,1,1015,960,40.5946,-122.3596,1,1,0,3,0,21,2
1.0,1,1,1000,960,33.6795,-84.1596,0,0,1,9,99,2,2
2.0,2,1,920,960,46.8013,-100.7562,0,0,1,0,0,11,3
1.5,2,1,890,960,39.0222,-84.2256,0,0,1,4,99,23,1
2.0,2,1,825,960,33.6679,-85.8096,1,1,0,5,8,11,2
1.5,2,1,749,960,37.6836,-97.3369,1,1,0,0,0,11,3
1.0,2,1,575,960,35.8635,-101.9666,0,0,1,3,0,21,2
1.0,2,1,1575,961,41.8625,-87.6825,1,1,0,3,4,11,6
2.0,2,1,1394,961,32.6548,-97.1587,0,0,1,6,99,2,2
2.0,2,1,1039,961,35.6775,-78.7763,0,0,1,3,99,23,1
2.0,3,1,1300,962,39.4846,-86.0525,0,0,1,0,0,11,3
1.0,1,1,1095,962,35.471,-97.5299,0,0,1,0,3,12,6
1.5,3,1,995,962,42.0259,-93.6516,0,0,1,0,16,11,1
2.0,2,1,950,962,41.1809,-111.9704,0,0,1,0,0,11,3
2.0,2,1,850,962,41.6545,-83.6757,1,1,0,6,99,19,1
2.0,2,1,778,962,43.0597,-87.9524,0,0,1,3,0,11,3
2.0,2,1,2595,963,32.7876,-117.1265,0,0,1,0,0,11,3
2.0,2,1,2124,963,36.0198,-115.1504,0,0,1,2,99,18,1
1.0,1,1,1209,963,28.5401,-81.7602,0,0,1,5,99,22,1
1.0,2,1,874,963,32.0245,-81.1067,0,0,1,1,0,11,3
2.0,2,1,1840,964,47.3949,-122.0287,0,0,1,1,99,3,2
2.0,2,1,1840,964,47.3949,-122.0287,0,0,1,1,99,3,2
2.0,2,1,1840,964,47.3949,-122.0287,0,0,1,1,99,3,2
2.0,2,1,1825,964,47.3949,-122.0287,0,0,1,10,99,3,2
2.0,2,1,1800,964,30.5118,-97.6873,0,0,1,3,0,11,3
2.0,2,1,1689,964,42.829,-71.658,0,0,1,4,99,1,2
2.0,2,1,1669,964,42.829,-71.658,0,0,1,4,99,22,1
1.0,2,1,1475,964,39.0128,-76.9812,1,1,0,9,99,0,2
1.0,2,1,1455,964,39.0128,-76.9812,1,1,0,9,99,0,2
2.0,2,1,1440,964,39.0128,-76.9812,1,1,0,9,99,0,2
1.0,2,1,1300,964,42.7527,-71.4854,1,1,0,3,99,1,2
2.0,2,1,1240,964,33.0023,-96.8406,1,1,0,12,99,0,2
1.0,1,1,1200,964,38.6274,-90.304,1,1,0,0,3,12,6
1.0,2,1,1075,964,37.6249,-77.4948,0,0,1,4,1,22,1
2.0,2,1,1009,964,36.0913,-79.2861,0,0,1,2,99,20,1
1.0,2,1,3650,965,37.4356,-122.134,1,1,0,0,4,12,6
2.0,2,1,1442,965,32.2264,-110.9438,1,1,0,11,0,11,3
1.5,2,1,1250,965,35.1038,-106.611,1,1,0,0,0,11,3
2.0,2,1,954,965,44.0346,-92.468,0,0,1,6,0,11,3
1.0,1,1,879,965,34.025,-84.3128,1,1,0,5,99,4,2
1.0,1,1,760,965,40.3613,-86.9005,0,0,1,4,0,11,3
1.0,2,1,1675,966,47.8441,-122.1991,1,1,0,3,99,1,2
1.0,2,1,1579,966,39.6554,-105.0224,0,0,1,3,99,21,1
2.0,2,1,1555,966,38.8562,-104.772,0,0,1,3,6,21,3
2.0,2,1,1330,966,28.3078,-81.4213,0,0,1,3,99,22,1
2.0,2,1,1069,966,32.8281,-97.145,1,1,0,5,99,3,2
2.0,2,1,975,966,38.2009,-85.6999,0,0,1,0,0,11,3
1.5,2,1,750,966,30.4415,-91.1012,1,1,0,0,0,11,3
2.0,2,1,2450,967,47.616,-122.3275,0,0,1,0,0,11,3
1.0,2,1,1900,967,32.7685,-117.0046,1,1,0,8,4,11,6
2.0,2,1,1849,967,34.1383,-117.9635,0,0,1,0,99,3,2
1.0,1,1,1675,967,31.8666,-102.3901,1,1,0,11,0,11,3
2.0,2,1,1180,967,39.2906,-84.3347,1,1,0,3,99,1,2
1.0,1,1,1135,967,29.7398,-98.1021,0,0,1,0,4,11,6
2.0,2,1,853,967,36.0325,-80.396,0,0,1,4,99,18,1
2.0,2,1,685,967,36.1036,-80.2159,0,0,1,6,99,18,1
1.0,1,1,1450,968,39.1054,-84.5022,1,1,0,4,99,0,2
1.5,2,1,1178,968,39.4291,-76.3027,0,0,1,4,99,2,2
1.5,2,1,1148,968,39.4291,-76.3027,0,0,1,4,99,2,2
1.0,2,1,984,968,43.1403,-87.9675,1,1,0,3,8,10,2
2.0,1,1,1435,969,33.5178,-112.0848,1,1,0,2,0,11,3
1.5,2,1,950,969,39.7953,-86.1387,1,1,0,0,0,11,3
2.0,2,1,2275,970,27.5068,-82.644,1,1,0,3,99,18,1
2.0,2,1,2125,970,39.736,-104.9819,1,1,0,0,0,11,3
1.0,2,1,2050,970,33.8323,-117.9079,0,0,1,0,8,10,2
1.0,2,1,2015,970,33.75,-117.9892,0,0,1,0,0,11,3
2.0,2,1,1735,970,47.4457,-122.1407,0,0,1,0,99,4,2
2.0,2,1,1692,970,47.3045,-122.3726,0,0,1,10,99,1,2
2.0,2,0,1635,970,47.4457,-122.1407,0,0,1,3,99,4,2
1.0,1,1,1150,970,39.1679,-84.4933,1,0,0,3,0,11,3
1.0,2,1,1150,970,45.7941,-122.5216,1,1,0,0,0,11,3
1.0,2,1,1115,970,39.707,-75.4467,1,1,0,12,99,3,2
1.0,2,1,1050,970,43.0724,-89.4003,0,0,1,1,4,11,6
1.5,2,1,900,970,41.1378,-95.9392,0,0,1,0,3,12,6
1.0,2,1,785,970,48.2469,-101.3017,0,0,1,0,0,11,3
1.0,2,1,785,970,48.2469,-101.3017,0,0,1,0,0,11,3
2.0,2,1,2560,972,47.6869,-122.1896,1,1,0,6,99,2,2
1.5,2,1,2070,972,38.9377,-76.9933,1,1,0,0,0,20,2
2.0,2,1,1785,972,33.945,-117.4074,0,0,1,0,0,11,3
1.0,4,1,1475,972,43.0724,-89.4003,1,1,0,1,4,11,6
1.5,2,1,1280,972,39.4944,-77.4535,1,1,0,0,0,20,2
2.0,2,1,1118,972,35.4083,-78.742,1,1,0,3,99,21,1
2.0,2,1,1000,972,30.6505,-97.6809,1,1,0,0,4,12,6
2.0,2,1,760,972,39.6309,-84.2621,1,1,0,15,99,1,2
2.0,2,1,3070,973,40.8206,-74.2133,1,1,0,2,99,1,2
1.0,1,1,1885,973,44.9358,-93.6328,1,1,0,8,4,11,6
2.0,2,1,1440,973,47.3071,-122.3404,1,1,0,11,0,11,3
1.0,1,1,1425,973,27.7164,-82.4294,1,1,0,10,0,11,3
1.0,2,1,750,973,36.2528,-116.0181,0,0,1,2,19,23,4
2.0,2,1,1365,974,27.3375,-82.5126,0,0,1,6,99,19,1
2.0,2,1,1355,974,27.3375,-82.5126,0,0,1,6,99,19,1
2.0,2,1,969,974,39.7069,-84.0832,0,0,1,14,99,2,2
2.0,2,1,2650,975,38.9118,-77.0132,1,1,0,0,3,12,6
1.0,1,1,2120,975,47.616,-122.3275,0,0,1,3,0,11,3
1.0,2,1,2040,975,41.8625,-87.6825,1,0,0,6,0,11,3
1.0,2,1,1950,975,40.0054,-75.1415,1,1,0,0,0,11,3
1.0,1,1,1600,975,44.5072,-73.2452,1,1,0,0,0,11,3
2.0,2,1,1570,975,39.0128,-76.9812,1,1,0,9,99,0,2
1.0,3,1,1497,975,40.4969,-86.9659,0,0,1,5,0,11,3
1.5,2,1,1450,975,42.9833,-71.4574,0,0,1,0,99,1,2
1.0,2,1,1405,975,42.9833,-71.4574,0,0,1,0,99,1,2
1.0,2,1,1400,975,43.0681,-70.7854,1,1,0,6,99,2,2
1.0,2,1,1355,975,42.9833,-71.4574,0,0,1,5,99,1,2
1.0,2,1,1355,975,42.9833,-71.4574,0,0,1,5,99,1,2
1.0,2,1,1340,975,42.9833,-71.4574,0,0,1,0,99,1,2
1.0,3,1,1260,975,43.0724,-89.4003,1,0,0,2,4,11,6
1.0,2,1,1205,975,39.1627,-76.6354,1,1,0,8,99,3,2
2.0,2,1,1169,975,36.888,-76.1455,1,1,0,1,99,20,1
1.0,2,1,895,975,39.0744,-94.5521,1,1,0,2,4,11,6
2.0,2,1,875,975,41.9295,-83.3654,1,1,0,0,0,11,3
2.0,2,1,800,975,39.7436,-105.063,1,1,0,4,99,18,1
1.0,1,1,795,975,33.7416,-84.2614,1,1,0,0,0,11,3
1.0,2,0,625,975,35.2505,-97.4596,1,1,0,2,99,3,2
1.0,2,1,625,975,35.2505,-97.4596,1,1,0,2,99,3,2
1.0,1,1,425,975,29.9142,-93.9383,0,0,1,6,0,11,3
2.0,2,1,2620,976,39.266,-76.8455,1,1,0,2,99,2,2
2.0,2,1,2620,976,39.266,-76.8455,0,0,1,0,99,2,2
2.0,2,1,2315,976,39.266,-76.8455,0,0,1,2,99,2,2
2.0,2,1,1990,976,47.5988,-122.1507,0,0,1,2,0,11,3
1.0,1,0,1455,976,39.5109,-76.1855,1,1,0,12,99,1,2
2.0,2,1,1429,976,29.4624,-98.5253,0,0,1,1,4,11,6
2.0,2,1,1060,976,32.7767,-97.0816,0,0,1,1,99,1,2
2.0,2,1,995,976,29.7398,-98.1021,0,0,1,1,4,11,6
2.0,2,1,855,976,41.5927,-93.6276,1,1,0,9,0,11,3
2.0,2,1,2500,977,32.7876,-117.1265,0,0,1,0,0,11,3
1.0,3,1,2044,977,41.8625,-87.6825,1,1,0,2,0,11,3
2.0,2,1,1426,977,36.1106,-79.7406,0,0,1,1,99,20,1
2.0,2,1,1040,977,44.8902,-94.3728,1,1,0,0,16,11,1
1.0,2,0,1505,978,39.905,-74.9965,0,0,1,4,99,2,2
1.0,2,1,1490,978,39.905,-74.9965,1,1,0,4,99,2,2
1.0,2,1,1295,978,45.5091,-122.6449,1,1,0,0,0,11,3
2.0,2,1,2774,979,34.053,-118.2637,0,0,1,0,99,19,1
2.0,2,1,2295,979,32.7876,-117.1265,0,0,1,0,3,12,6
2.0,2,1,1865,979,44.9855,-93.3023,1,1,0,5,0,11,3
2.0,2,1,1285,979,46.8608,-96.8096,0,0,1,0,0,11,3
1.0,2,1,940,979,40.8119,-81.4264,1,1,0,14,99,22,1
2.0,2,1,2750,980,34.0372,-118.2972,1,0,0,0,0,11,3
1.5,2,1,1950,980,32.7415,-117.128,1,0,0,7,1,9,2
1.5,2,1,1950,980,32.7415,-117.128,1,0,0,7,1,10,2
1.0,1,1,1900,980,40.8876,-74.0499,0,0,1,0,12,11,5
2.0,2,1,1750,980,47.7179,-122.2059,1,0,0,12,99,2,2
2.0,1,1,1490,980,45.3192,-93.5453,1,1,0,0,0,11,3
1.5,2,1,1400,980,47.9587,-122.4023,0,0,1,0,12,11,5
1.0,2,1,1399,980,39.0744,-94.5521,1,1,0,6,4,11,6
1.0,2,1,1379,980,47.8616,-122.2729,1,1,0,5,99,4,2
1.0,1,1,1345,980,47.8409,-122.3346,1,1,0,10,99,1,2
2.0,2,1,1301,980,33.0476,-96.7467,1,0,0,0,0,11,3
1.0,1,1,1185,980,40.2206,-74.7174,0,0,1,0,99,4,2
1.0,2,1,1157,980,30.3054,-97.7497,0,0,1,0,0,11,3
1.0,2,1,1103,980,32.8255,-97.1039,1,1,0,10,99,4,2
1.0,2,1,1075,980,39.0744,-94.5521,1,1,0,7,4,11,6
1.0,2,1,923,980,32.8255,-97.1039,1,1,0,10,99,4,2
2.0,2,1,900,980,42.5303,-113.7904,1,1,0,0,3,12,6
1.0,1,1,2552,981,34.1375,-118.1656,0,0,1,3,99,4,2
1.0,1,1,1460,982,44.9776,-93.3594,1,1,0,0,3,12,6
2.0,2,1,3400,983,34.0394,-118.2656,0,0,1,6,1,22,1
2.0,2,1,3120,983,33.955,-118.3967,1,1,0,16,99,21,1
2.0,2,1,1915,983,38.9557,-76.7518,0,0,1,5,8,21,1
2.0,2,1,1915,983,38.9253,-76.7155,1,1,0,5,99,20,1
2.0,2,1,1798,983,39.2144,-76.8797,0,0,1,5,99,2,2
2.0,2,1,1741,983,42.9442,-71.5194,0,0,1,4,99,2,2
2.0,2,1,1950,984,47.7974,-122.2037,1,1,0,0,0,11,3
1.0,2,1,1274,984,45.2764,-92.9901,0,0,1,6,0,11,3
1.0,2,1,685,984,41.6545,-83.6757,0,0,1,3,99,19,1
2.0,2,1,4469,985,33.8321,-118.3786,0,0,1,2,99,0,2
1.0,2,1,2395,985,32.7876,-117.1265,0,0,1,0,0,11,3
1.5,2,1,1375,985,39.0614,-76.8511,0,0,1,0,99,19,1
1.0,2,1,1360,985,39.1627,-76.6354,1,1,0,2,99,3,2
1.0,2,1,1210,985,39.1627,-76.6354,0,0,1,0,99,3,2
1.0,1,1,1000,985,35.8199,-90.7016,1,1,0,0,3,12,6
2.0,2,1,2055,986,39.7317,-104.9698,0,0,1,0,99,19,1
1.0,1,1,1950,986,39.9675,-76.726,1,1,0,0,0,11,3
2.0,2,1,1245,986,32.7767,-97.0816,0,0,1,4,99,1,2
2.0,2,1,860,986,36.1067,-79.815,1,1,0,3,99,21,1
2.5,2,1,2445,988,33.1481,-117.3055,1,1,0,10,7,9,3
2.0,2,1,1830,988,47.4608,-122.2095,1,1,0,7,99,4,2
2.0,2,1,1620,988,47.8495,-122.2825,1,1,0,3,99,3,2
1.0,2,1,1400,988,42.8534,-72.2592,0,0,1,3,99,2,2
1.0,2,1,1395,988,45.5091,-122.6449,0,0,1,0,0,11,3
2.0,2,1,975,988,42.0259,-93.6516,0,0,1,0,8,11,2
2.0,2,1,920,988,32.7583,-97.088,0,0,1,2,99,2,2
2.0,2,1,750,988,36.5894,-94.7725,0,0,1,0,8,11,2
2.0,2,1,2522,989,33.7606,-118.0806,0,0,1,3,99,2,2
1.0,2,1,2195,989,34.1669,-118.8377,1,1,0,2,0,11,3
2.0,2,1,1460,989,41.7773,-72.5249,1,1,0,5,99,3,2
2.0,4,1,3400,990,43.0724,-89.4003,1,0,0,6,4,11,6
2.0,2,1,1800,990,41.5486,-90.5922,1,1,0,0,8,11,2
1.0,2,1,1470,990,42.9833,-71.4574,1,1,0,6,99,1,2
2.0,2,1,1433,990,32.8281,-97.145,1,1,0,3,99,3,2
1.0,2,1,1300,990,42.9833,-71.4574,1,1,0,7,99,22,1
2.0,2,1,1295,990,43.1857,-70.9136,0,0,1,7,99,2,2
1.0,1,1,1049,990,40.3613,-86.9005,1,1,0,5,0,11,3
1.5,2,1,920,990,35.9276,-79.0406,1,1,0,5,99,1,2
1.0,2,1,1849,991,39.0873,-77.1745,0,0,1,5,99,22,1
2.0,2,1,955,991,31.5215,-110.2634,0,0,1,12,11,21,5
1.0,3,1,1695,992,41.8625,-87.6825,1,1,0,2,4,11,6
1.0,2,1,1489,992,38.9414,-76.9292,0,0,1,1,99,19,1
2.0,2,1,1352,992,32.9631,-96.7212,1,1,0,0,0,11,3
1.0,2,1,1275,992,29.7714,-95.4343,1,1,0,3,0,11,3
1.0,1,1,1465,993,33.7416,-84.2614,1,1,0,2,0,11,3
2.0,2,1,1453,993,34.1222,-84.2975,0,0,1,5,99,0,2
1.5,2,0,1290,993,32.6924,-97.1324,0,0,1,2,99,2,2
2.0,2,1,1240,993,27.0533,-82.1205,0,0,1,2,99,20,1
2.0,2,1,1149,994,30.3054,-97.7497,0,0,1,2,0,11,3
1.0,2,1,945,994,40.2755,-85.8385,1,1,0,9,0,11,3
1.0,2,1,935,994,41.3495,-86.3272,1,1,0,0,0,11,3
2.0,2,1,900,994,36.2528,-116.0181,0,0,1,2,19,0,5
2.0,2,1,2665,995,40.8876,-74.0499,1,1,0,3,99,23,1
1.0,1,1,1350,995,34.8583,-82.3915,0,0,1,6,4,11,6
1.0,2,1,1225,995,45.2764,-92.9901,0,0,1,9,0,11,3
1.0,2,1,1225,995,32.8281,-97.145,1,1,0,7,99,3,2
2.0,2,1,2999,996,38.9118,-77.0132,1,1,0,0,8,11,2
2.0,2,1,1930,996,47.3949,-122.0287,0,0,1,1,99,3,2
1.0,2,1,1765,996,39.0521,-77.119,0,0,1,4,99,23,1
2.0,2,1,1042,996,35.7863,-78.4845,1,1,0,6,99,23,1
2.0,2,1,945,996,32.7057,-96.8747,0,0,1,0,99,21,1
1.0,2,1,758,996,46.55,-87.4,0,0,1,3,3,12,6
1.0,2,1,705,996,40.4738,-86.1409,1,1,0,5,4,11,6
1.5,3,1,1480,997,38.8871,-76.892,0,0,1,5,99,20,1
1.0,1,1,890,997,32.8255,-97.1039,1,1,0,10,99,4,2
1.0,1,1,2530,998,39.736,-104.9819,1,1,0,10,0,11,3
2.0,2,1,1654,998,47.8616,-122.2729,0,0,1,7,99,4,2
1.0,1,1,1500,998,35.5884,-82.56,0,0,1,0,8,11,2
2.0,2,1,1278,998,30.4415,-91.1012,1,0,0,0,0,11,3
2.0,2,1,1159,999,35.791,-78.1902,0,0,1,1,99,0,2
1.0,1,1,1145,999,35.823,-78.6438,1,1,0,14,99,0,2
1.0,2,1,4500,1000,40.6547,-74.0057,0,0,1,2,1,11,2
1.0,2,1,4200,1000,37.7599,-122.4379,0,0,1,0,0,11,3
1.0,1,1,3995,1000,34.0806,-118.4029,1,1,0,4,0,11,3
1.5,1,1,3495,1000,34.0372,-118.2972,1,1,0,0,3,12,6
1.0,2,1,3400,1000,42.328,-71.071,0,0,1,2,99,18,1
1.0,1,1,2998,1000,40.8342,-73.9735,1,1,0,0,3,12,6
1.0,2,1,2995,1000,34.0939,-118.3801,0,0,1,2,99,22,1
1.0,3,1,2970,1000,42.328,-71.071,0,0,1,2,4,11,6
1.0,1,1,2950,1000,46.8162,-92.1281,0,0,1,0,0,11,3
1.0,1,1,2950,1000,38.9118,-77.0132,0,0,1,8,0,11,3
1.0,2,1,2850,1000,34.0075,-118.3941,1,1,0,0,0,11,3
2.0,2,1,2800,1000,37.774,-122.4104,1,1,0,5,12,21,4
2.0,2,1,2733,1000,34.1474,-118.1391,1,1,0,0,99,4,2
1.5,3,1,2700,1000,42.3508,-71.1184,0,0,1,0,0,11,3
2.0,2,1,2695,1000,34.0372,-118.2972,1,1,0,9,0,11,3
2.0,2,1,2650,1000,34.0372,-118.2972,1,1,0,0,0,11,3
2.0,2,1,2589,1000,34.1672,-118.2671,0,0,1,3,99,4,2
2.0,3,1,2495,1000,35.26,-120.6505,1,1,0,0,0,11,3
1.0,1,1,2380,1000,32.7211,-117.1643,1,1,0,14,6,10,4
2.0,2,0,2336,1000,47.6146,-122.1684,1,1,0,2,99,0,2
1.0,2,1,2315,1000,40.8876,-74.0499,1,1,0,6,99,4,2
2.0,2,1,2275,1000,33.7718,-118.151,1,1,0,5,99,3,2
1.0,4,0,2250,1000,40.722,-74.0644,0,0,1,0,99,4,2
2.0,2,1,2200,1000,33.6954,-118.0013,0,0,1,0,0,11,3
1.0,3,1,2200,1000,44.9855,-93.3023,1,0,0,3,12,11,5
1.0,2,1,2200,1000,34.1114,-118.1556,0,0,1,4,99,4,2
2.0,2,1,2198,1000,34.2417,-118.5257,1,1,0,8,16,11,1
1.0,2,1,2092,1000,33.9604,-118.0289,0,0,1,0,0,11,3
2.0,2,1,2050,1000,33.9299,-117.8849,0,0,1,0,0,11,3
2.0,2,1,2050,1000,40.0054,-75.1415,1,1,0,0,16,11,1
2.0,4,1,2020,1000,40.4969,-86.9659,0,0,1,4,0,11,3
2.0,3,1,2010,1000,40.4969,-86.9659,0,0,1,0,0,11,3
2.0,2,1,1995,1000,47.616,-122.3275,0,1,0,4,0,11,3
1.0,0,1,1995,1000,32.7876,-117.1265,0,0,1,0,0,11,3
1.0,3,1,1980,1000,43.0759,-89.3789,0,0,1,5,4,11,6
2.0,2,1,1949,1000,42.6699,-83.1494,1,1,0,0,0,11,3
1.0,2,1,1900,1000,41.8625,-87.6825,1,1,0,0,0,11,3
1.0,2,1,1850,1000,40.4053,-74.0377,0,0,1,7,99,0,2
1.0,2,1,1810,1000,40.7936,-74.1644,0,0,1,2,99,3,2
2.0,2,1,1795,1000,41.8625,-87.6825,1,1,0,2,12,11,5
2.0,4,1,1780,1000,40.4969,-86.9659,0,0,1,4,0,11,3
1.0,2,1,1750,1000,41.8625,-87.6825,1,1,0,0,24,11,0
2.0,3,1,1750,1000,40.7394,-74.1845,0,0,1,1,25,21,5
1.0,2,1,1700,1000,44.4613,-73.1972,1,1,0,2,99,2,2
2.0,4,1,1680,1000,40.4969,-86.9659,0,0,1,4,0,11,3
2.0,2,0,1659,1000,32.3252,-95.2948,0,0,1,0,99,1,2
1.5,2,1,1600,1000,32.8113,-79.9947,1,1,0,0,3,12,6
1.0,2,1,1600,1000,38.6274,-90.304,1,1,0,0,16,11,1
2.0,2,1,1590,1000,39.0744,-94.5521,1,1,0,0,0,11,3
2.0,2,1,1560,1000,38.9414,-76.9292,1,1,0,1,99,19,1
1.5,2,1,1555,1000,41.7066,-72.5646,0,0,1,10,99,3,2
1.0,2,1,1520,1000,37.3253,-113.4056,0,1,0,1,16,11,1
2.0,2,1,1515,1000,41.7824,-87.7753,1,1,0,8,10,10,0
1.0,2,1,1500,1000,39.1679,-84.4933,1,1,0,5,4,11,6
1.5,2,1,1499,1000,45.3672,-122.6496,1,1,0,0,0,11,3
2.0,2,1,1499,1000,39.0744,-94.5521,1,1,0,6,4,11,6
1.0,3,1,1475,1000,41.1908,-73.1965,0,0,1,1,6,21,3
1.0,2,1,1465,1000,43.0724,-89.4003,0,0,1,4,16,11,1
2.0,2,1,1457,1000,34.0299,-84.2425,0,0,1,3,99,1,2
1.5,1,1,1450,1000,35.471,-97.5299,1,1,0,0,3,12,6
1.0,2,1,1399,1000,43.0086,-89.2942,1,1,0,7,19,13,4
1.0,2,1,1395,1000,40.0054,-75.1415,1,1,0,0,0,11,3
1.0,2,1,1350,1000,26.1343,-80.233,0,0,1,4,0,11,3
1.0,3,1,1350,1000,42.0259,-93.6516,0,0,1,0,4,11,6
1.0,2,1,1300,1000,43.0724,-89.4003,1,0,0,5,12,11,5
1.0,2,1,1300,1000,43.0724,-89.4003,1,1,0,3,16,11,1
1.0,2,1,1295,1000,42.0454,-87.6964,1,0,0,0,0,11,3
1.0,2,1,1275,1000,39.976,-75.3646,1,1,0,0,0,11,3
2.0,2,1,1259,1000,42.7449,-83.0073,1,1,0,0,0,11,3
1.0,2,1,1247,1000,45.2764,-92.9901,0,0,1,10,0,11,3
2.0,2,1,1210,1000,34.0341,-84.5061,1,1,0,10,99,3,2
2.0,2,1,1210,1000,34.0341,-84.5061,1,1,0,10,99,3,2
1.0,2,1,1200,1000,45.5221,-123.1071,1,1,0,6,0,11,3
1.0,3,1,1200,1000,40.1145,-88.2723,0,0,1,0,0,11,3
1.0,2,1,1200,1000,35.1038,-106.611,1,1,0,0,0,11,3
2.0,2,1,1200,1000,35.8079,-78.6466,1,1,0,2,99,1,2
1.0,2,1,1150,1000,42.584,-82.9273,1,1,0,0,0,11,3
1.0,1,1,1150,1000,29.8831,-97.945,0,0,1,0,4,11,6
2.0,2,1,1105,1000,39.205,-84.3987,1,1,0,8,99,1,2
1.0,2,1,1100,1000,41.8625,-87.6825,0,0,1,3,8,10,2
1.0,1,1,1100,1000,44.5024,-73.0892,0,0,1,3,13,21,3
1.5,2,1,1099,1000,39.8057,-74.9979,1,0,0,0,99,2,2
1.0,2,0,1095,1000,41.7566,-72.689,1,1,0,4,99,4,2
2.0,2,1,1092,1000,44.0346,-92.468,0,0,1,6,0,11,3
2.0,2,1,1070,1000,30.3054,-97.7497,1,1,0,0,3,12,6
2.0,2,1,1049,1000,39.3344,-84.5623,0,0,1,7,99,22,1
1.0,2,1,1000,1000,39.9974,-82.9829,1,1,0,9,0,11,3
1.0,2,1,1000,1000,43.0531,-87.9659,0,0,1,6,12,11,5
1.5,2,0,1000,1000,38.5128,-121.4962,0,0,1,6,12,10,5
2.0,2,1,999,1000,35.2314,-97.5069,0,0,1,2,99,4,2
1.0,2,1,995,1000,46.6925,-120.555,0,0,1,0,0,11,3
2.0,2,1,995,1000,34.0505,-81.0098,1,1,0,0,19,14,4
1.0,2,1,990,1000,42.8658,-88.3371,0,0,1,3,8,11,2
2.0,2,1,975,1000,38.9259,-94.6916,0,0,1,9,4,11,6
1.0,2,1,975,1000,39.0744,-94.5521,1,1,0,4,4,11,6
2.0,2,1,930,1000,39.6379,-84.1686,0,0,1,4,99,2,2
2.0,2,1,930,1000,39.6379,-84.1686,0,0,1,4,99,2,2
2.0,2,1,919,1000,44.7658,-85.6549,1,1,0,0,0,11,3
1.5,2,1,909,1000,34.8583,-82.3915,1,1,0,0,0,11,3
1.5,2,1,902,1000,29.2238,-98.7863,1,1,0,0,0,11,3
1.0,2,1,900,1000,40.4448,-79.9725,1,1,0,1,4,11,6
1.0,2,1,900,1000,41.5575,-73.0329,0,0,1,2,15,21,1
1.0,2,1,900,1000,41.6938,-87.6214,0,0,1,1,1,22,1
1.0,2,1,900,1000,33.8544,-84.0083,0,0,1,1,99,4,2
2.0,2,1,895,1000,36.0346,-78.869,1,1,0,0,99,3,2
2.0,3,1,875,1000,42.0259,-93.6516,0,0,1,0,3,12,6
1.0,2,1,850,1000,39.0744,-94.5521,1,1,0,4,4,11,6
2.0,2,1,850,1000,33.8091,-84.238,0,0,1,5,99,1,2
1.0,2,1,835,1000,40.3613,-86.9005,1,1,0,5,0,11,3
1.0,2,1,825,1000,36.0249,-78.4646,0,0,1,3,99,1,2
1.0,2,1,800,1000,30.4415,-91.1012,0,0,1,0,3,12,6
2.0,2,1,795,1000,37.1892,-93.2908,1,1,0,7,0,11,3
2.0,2,1,780,1000,40.4969,-86.9659,0,0,1,4,0,11,3
1.0,2,1,780,1000,41.4399,-96.4932,1,1,0,6,0,11,3
2.0,2,1,750,1000,48.2604,-101.4389,1,1,0,0,0,11,3
1.0,1,1,745,1000,46.8901,-96.7447,0,0,1,0,3,12,6
1.0,2,1,740,1000,41.0086,-95.8905,1,1,0,7,0,11,3
1.0,2,1,725,1000,43.5329,-96.7265,1,1,0,0,0,11,3
1.0,2,1,699,1000,42.4869,-92.3426,0,0,1,6,0,11,3
1.0,2,1,695,1000,42.0259,-93.6516,0,0,1,0,0,11,3
1.0,2,1,625,1000,39.0744,-94.5521,1,1,0,7,4,11,6
1.0,2,1,600,1000,39.7618,-84.1524,0,0,1,0,99,2,2
1.0,1,1,2693,1001,40.8201,-74.3024,0,0,1,4,99,1,2
2.0,2,1,2875,1002,40.722,-74.0644,1,1,0,3,99,3,2
1.5,2,1,1660,1002,39.1627,-76.6354,0,0,1,6,99,2,2
2.0,2,1,1386,1002,40.3783,-80.1221,0,0,1,5,99,4,2
2.0,2,1,1361,1002,40.3783,-80.1221,0,0,1,5,99,4,2
1.0,3,1,1300,1002,35.1149,-80.7015,0,0,1,0,8,11,2
2.0,2,1,1180,1002,35.6696,-78.6648,1,1,0,10,99,3,2
1.0,1,1,1175,1002,39.2735,-76.8674,0,0,1,5,99,2,2
2.0,2,1,1095,1002,32.7057,-96.8747,1,1,0,0,99,21,1
1.0,2,1,875,1002,41.4896,-90.4958,1,1,0,0,8,11,2
1.0,2,1,791,1002,43.7815,-88.4411,1,1,0,3,0,11,3
1.0,1,1,1060,1003,29.7714,-95.4343,1,0,0,7,0,11,3
1.0,1,1,877,1003,29.7714,-95.4343,1,1,0,0,0,11,3
2.0,2,1,1999,1004,47.6767,-122.0799,1,1,0,11,0,11,3
2.0,2,1,1809,1004,40.1521,-105.1692,1,1,0,3,99,23,1
1.0,2,1,1600,1004,39.065,-76.9815,1,1,0,6,99,1,2
1.0,2,1,1460,1004,38.9993,-76.975,0,0,1,1,99,21,1
2.0,2,1,1445,1004,40.0844,-74.2071,0,0,1,4,99,4,2
2.0,2,1,1110,1004,35.9907,-78.9074,1,1,0,10,99,3,2
2.0,2,1,2150,1005,34.2551,-118.5976,0,0,1,0,0,11,3
1.0,2,1,1075,1005,33.9295,-84.4662,1,1,0,6,99,4,2
1.0,2,1,1030,1005,33.9295,-84.4662,1,1,0,6,99,4,2
1.0,2,1,1315,1006,45.6558,-122.5888,1,1,0,9,0,11,3
2.0,2,1,1170,1006,35.6714,-79.1694,1,1,0,9,99,0,2
2.0,2,1,915,1006,47.9179,-97.0658,0,0,1,0,0,11,3
1.5,3,1,800,1006,41.6545,-83.6757,0,0,1,3,99,19,1
2.0,3,1,2095,1007,32.5601,-116.9744,1,1,0,0,0,11,3
2.0,2,1,910,1007,36.0652,-80.3179,0,0,1,5,99,18,1
3.0,3,1,2640,1008,35.9695,-83.981,1,1,0,8,0,11,3
2.0,4,1,2300,1008,40.1145,-88.2723,0,0,1,5,0,11,3
2.0,2,1,2195,1008,38.4498,-122.7129,0,0,1,0,0,11,3
1.0,1,1,2152,1008,32.7809,-96.8035,1,1,0,0,99,18,1
2.0,2,1,1939,1008,34.1428,-117.9996,1,1,0,8,99,4,2
2.0,4,1,1750,1008,42.2368,-83.6103,0,0,1,2,0,11,3
2.0,2,1,1475,1008,38.7418,-77.4684,0,0,1,6,7,22,2
1.0,1,1,1370,1008,41.6505,-70.9367,1,0,0,0,0,11,3
2.0,2,1,1255,1008,32.8281,-97.145,0,0,1,7,99,3,2
2.0,2,1,1150,1008,36.116,-95.9281,1,1,0,0,8,11,2
1.0,1,1,1084,1008,32.8255,-97.1039,1,1,0,10,99,3,2
1.0,3,0,1069,1008,35.1825,-111.6031,0,0,1,3,0,22,2
1.0,3,1,915,1008,43.8096,-91.2281,1,1,0,6,0,11,3
1.5,2,1,875,1008,44.9056,-89.5715,1,1,0,0,0,11,3
1.5,2,1,710,1008,39.953,-83.7803,1,1,0,9,99,2,2
1.0,2,1,705,1008,46.4805,-84.3582,1,0,0,4,0,11,3
2.0,2,1,1580,1009,39.0829,-77.0612,0,0,1,3,99,1,2
1.5,1,1,1567,1009,39.9478,-74.9117,0,0,1,4,99,3,2
1.5,1,1,1448,1009,39.9478,-74.9117,0,0,1,4,99,3,2
1.0,1,1,1230,1009,39.141,-84.5529,1,1,0,0,99,1,2
2.0,2,1,1199,1009,27.4982,-82.5662,0,0,1,0,0,11,3
2.0,2,1,2850,1010,45.5091,-122.6449,1,1,0,0,0,11,3
1.0,1,1,1900,1010,42.3968,-71.0342,0,0,1,1,99,21,1
2.0,2,1,1679,1010,39.1679,-84.4933,1,0,0,8,4,11,6
2.0,2,1,1450,1010,47.8559,-121.9359,1,1,0,13,4,11,6
1.0,2,1,1120,1010,40.3613,-86.9005,1,1,0,3,0,11,3
1.0,2,1,670,1010,40.4969,-86.9659,1,1,0,5,0,11,3
1.0,2,1,1250,1011,33.0023,-96.8406,1,1,0,9,99,0,2
2.0,2,1,1185,1011,32.8524,-97.0886,1,1,0,7,99,3,2
2.0,2,1,1150,1011,32.8524,-97.0886,1,1,0,7,99,3,2
2.0,4,1,2120,1012,40.1145,-88.2723,0,0,1,3,0,11,3
2.0,1,1,1170,1012,35.7585,-78.7783,1,1,0,6,99,21,1
2.0,2,1,1160,1012,40.1171,-88.1889,0,0,1,9,0,11,3
2.0,2,1,1276,1013,32.8566,-97.2167,1,1,0,6,0,11,3
1.0,2,1,1218,1013,40.4481,-86.9394,1,1,0,10,0,11,3
2.0,2,1,3940,1014,40.722,-74.0644,1,1,0,8,99,3,2
2.0,2,1,2446,1014,33.941,-117.9544,0,0,1,0,99,2,2
2.0,2,1,2255,1014,41.0133,-74.3321,0,0,1,4,99,22,1
2.0,2,1,1768,1014,47.3078,-122.263,1,1,0,4,99,0,2
2.0,2,1,1595,1014,40.5853,-105.0839,0,0,1,3,99,0,2
2.0,2,1,1595,1014,40.5853,-105.0839,0,0,1,3,99,0,2
2.0,2,1,1268,1014,36.2811,-115.3036,0,0,1,2,99,20,1
1.0,2,1,1399,1015,44.937,-93.4394,0,0,1,0,16,11,1
1.5,2,1,1263,1015,38.8168,-76.9368,1,0,0,3,99,21,1
1.0,2,1,1050,1015,35.1038,-106.611,0,1,0,0,16,11,1
2.0,2,1,945,1015,35.8455,-78.3386,1,1,0,7,99,1,2
2.0,2,1,888,1015,35.9126,-79.0796,1,1,0,11,99,21,1
2.0,2,1,725,1015,48.2469,-101.3017,1,1,0,0,3,12,6
1.0,2,1,650,1015,37.2724,-79.9513,0,0,1,3,99,23,1
2.0,2,1,2270,1016,32.8123,-96.8146,0,0,1,4,99,20,1
2.0,2,1,1325,1016,36.0993,-115.2838,0,0,1,3,99,20,1
2.0,2,1,1120,1016,40.4969,-86.9659,1,1,0,10,0,11,3
1.0,2,1,655,1016,40.8053,-81.5187,1,1,0,2,99,22,1
2.0,2,1,2900,1017,21.4199,-157.8117,1,1,0,0,0,11,3
1.0,1,1,2820,1017,34.0939,-118.3801,1,1,0,12,99,22,1
2.0,2,1,2085,1017,39.1088,-77.2384,1,1,0,8,99,0,2
2.0,2,1,1850,1017,38.835,-77.4652,0,0,1,3,10,21,6
1.0,1,1,1000,1017,29.7714,-95.4343,1,0,0,0,0,11,3
2.0,2,1,949,1017,29.5364,-81.2274,0,0,1,3,3,21,6
2.0,2,1,641,1018,43.4108,-84.5978,1,0,0,0,0,11,3
1.0,1,1,2900,1019,42.3426,-71.1985,1,1,0,1,99,23,1
2.0,3,1,1575,1019,48.7871,-122.4437,1,1,0,0,0,11,3
1.0,1,1,1375,1019,39.7475,-75.0223,0,0,1,1,99,2,2
1.0,2,1,1320,1019,43.0724,-89.4003,1,1,0,0,0,11,3
2.0,2,1,5495,1020,37.7599,-122.4379,1,1,0,4,0,11,3
2.0,2,1,2568,1020,33.7606,-118.0806,1,1,0,3,99,2,2
1.0,2,1,1870,1020,39.0521,-77.119,0,0,1,3,99,23,1
2.0,2,1,1440,1020,39.1088,-77.2384,0,0,1,3,99,0,2
2.0,2,1,1429,1020,36.7434,-76.2257,0,0,1,10,99,19,1
1.0,2,1,1376,1020,41.3534,-72.0368,1,1,0,4,99,4,2
1.0,3,1,1337,1020,45.2764,-92.9901,1,1,0,7,0,11,3
1.0,3,1,1317,1020,45.2764,-92.9901,1,1,0,7,0,11,3
2.0,3,1,1150,1020,42.0259,-93.6516,0,0,1,0,4,11,6
2.0,2,1,1075,1020,32.8255,-97.1039,0,0,1,12,99,4,2
1.5,2,1,950,1020,40.4249,-79.981,1,1,0,4,99,4,2
1.0,2,1,856,1020,39.7953,-86.1387,1,1,0,7,0,11,3
1.0,2,1,825,1020,43.5329,-96.7265,1,1,0,7,0,11,3
2.0,2,1,799,1020,40.4969,-86.9659,0,0,1,4,0,11,3
2.0,2,1,799,1020,40.4969,-86.9659,1,1,0,4,0,11,3
1.0,1,1,795,1020,32.2264,-110.9438,1,1,0,6,0,11,3
2.0,2,1,2175,1021,47.5269,-121.821,0,0,1,5,99,4,2
2.0,2,1,1015,1021,42.0259,-93.6516,0,0,1,0,8,11,2
2.0,2,1,2542,1022,33.7606,-118.0806,0,0,1,3,99,2,2
2.0,2,1,1599,1022,39.6767,-104.8854,0,0,1,1,99,22,1
2.0,2,0,1450,1022,32.9314,-97.0956,1,1,0,12,99,4,2
1.0,3,1,1338,1022,45.2764,-92.9901,1,1,0,1,0,11,3
2.0,2,1,1115,1022,42.0259,-93.6516,1,0,0,0,3,12,6
2.0,1,1,700,1022,43.7815,-88.4411,1,0,0,0,12,11,5
1.0,2,1,3063,1023,38.9348,-77.059,0,0,1,0,0,20,2
2.5,2,1,2595,1023,34.1594,-118.2498,0,0,1,0,3,12,6
2.0,2,1,1825,1023,47.3907,-122.2626,0,0,1,6,99,2,2
2.0,2,1,1750,1023,42.9442,-71.5194,0,0,1,4,99,2,2
2.0,2,1,1448,1023,38.0172,-84.4931,0,0,1,8,0,11,3
2.0,2,1,1435,1023,41.7773,-72.5249,1,1,0,5,99,3,2
2.0,2,1,1360,1023,41.7773,-72.5249,0,0,1,5,99,3,2
1.0,2,1,1216,1023,43.0834,-87.8861,1,1,0,7,0,11,3
2.0,2,0,1599,1024,35.4751,-97.5035,1,1,0,4,99,4,2
1.0,1,1,1450,1024,45.1207,-93.4682,1,1,0,10,8,10,2
1.5,2,1,1325,1024,45.4248,-122.6129,1,1,0,0,0,11,3
1.5,3,1,1150,1024,29.1696,-95.4243,0,0,1,0,3,12,6
2.0,2,1,1100,1024,33.5178,-112.0848,1,1,0,0,0,11,3
2.0,2,1,1050,1024,39.0804,-108.5423,0,0,1,0,99,3,2
1.5,2,1,690,1024,35.38,-78.0979,0,0,1,2,99,23,1
1.0,1,1,4195,1025,34.0948,-118.3699,0,0,1,3,0,11,3
1.5,2,1,2898,1025,34.0372,-118.2972,1,1,0,0,0,11,3
2.0,2,1,2595,1025,34.0372,-118.2972,1,1,0,0,0,11,3
2.0,3,1,2595,1025,33.7696,-118.1926,0,0,1,5,99,2,2
1.5,2,1,1735,1025,41.78,-88.0222,1,1,0,0,3,12,6
2.0,2,1,1600,1025,33.1932,-87.5349,0,0,1,0,3,12,6
1.0,2,1,1475,1025,40.1493,-75.3675,0,0,1,11,12,21,4
2.0,2,1,1250,1025,61.1723,-149.8414,1,1,0,2,0,11,3
2.0,2,1,1175,1025,39.1912,-84.4615,1,1,0,3,99,0,2
1.0,2,1,855,1025,42.0259,-93.6516,1,1,0,0,0,11,3
1.5,2,1,800,1025,33.6791,-83.8742,0,0,1,0,0,11,3
2.0,2,1,2295,1026,42.3968,-71.0342,1,1,0,7,99,21,1
2.0,2,1,2069,1026,40.6623,-74.2087,1,1,0,0,0,11,3
1.0,2,1,1149,1026,29.7714,-95.4343,1,1,0,3,4,11,6
2.0,2,1,1672,1027,41.4729,-81.7374,1,1,0,3,99,19,1
1.0,2,1,1495,1027,40.6955,-75.2464,1,0,0,0,3,12,6
2.0,2,1,1068,1027,35.7238,-78.8695,1,1,0,5,99,21,1
2.0,2,1,1023,1027,35.7238,-78.8695,1,1,0,5,99,21,1
2.0,2,1,4050,1028,34.0372,-118.2972,1,1,0,0,12,11,5
2.0,2,1,2990,1028,34.1881,-118.3905,1,1,0,0,3,12,6
1.0,2,1,1495,1028,45.3119,-122.9743,1,1,0,0,4,12,6
1.0,1,1,1390,1028,39.2057,-76.8318,1,1,0,10,99,2,2
2.0,2,1,1054,1028,35.823,-78.6438,1,1,0,11,99,1,2
2.0,2,1,979,1028,35.823,-78.6438,1,1,0,11,99,1,2
2.0,2,1,1975,1029,47.8441,-122.1991,0,0,1,4,99,1,2
1.0,3,1,1695,1029,43.0724,-89.4003,0,0,1,0,4,11,6
2.0,2,1,4505,1030,42.328,-71.071,0,0,1,1,99,18,1
1.0,1,1,1850,1030,41.0781,-73.8553,1,1,0,3,95,7,6
2.0,2,1,1724,1030,47.8616,-122.2729,1,1,0,7,99,4,2
2.0,2,1,1699,1030,47.8616,-122.2729,0,0,1,7,99,4,2
2.0,2,1,1690,1030,35.4751,-97.5035,1,1,0,4,99,4,2
2.0,2,1,1625,1030,35.4751,-97.5035,1,1,0,4,99,4,2
1.0,3,1,1600,1030,38.6274,-90.304,1,1,0,0,12,11,5
1.0,1,1,1505,1030,39.043,-76.9077,0,0,1,1,99,19,1
2.0,2,1,1238,1030,32.9314,-97.0956,1,1,0,5,99,4,2
1.0,1,1,1225,1030,41.9323,-88.0048,1,1,0,0,4,12,6
2.0,2,1,1150,1030,47.6485,-117.2657,1,1,0,0,0,11,3
1.5,2,1,933,1030,35.6217,-97.4702,1,1,0,6,99,3,2
2.0,2,1,3950,1031,42.3402,-71.0488,1,1,0,2,0,11,3
2.0,2,1,2977,1031,34.0372,-118.2972,1,1,0,0,0,11,3
2.0,2,1,2665,1031,41.8625,-87.6825,1,1,0,3,8,10,2
2.0,2,1,1175,1031,32.9314,-97.0956,0,0,1,3,99,4,2
2.0,2,1,3739,1032,33.9908,-118.4592,0,0,1,5,99,0,2
2.0,3,1,2415,1032,33.8415,-118.0789,0,0,1,2,99,2,2
2.0,2,1,1999,1033,36.137,-86.783,1,0,0,0,0,11,3
2.0,1,1,1890,1033,41.5073,-81.6046,0,0,1,6,99,19,1
2.0,2,1,2433,1034,40.8234,-74.4534,1,1,0,9,99,1,2
1.0,2,1,1870,1034,47.5582,-122.0044,0,0,1,3,99,2,2
2.0,2,1,1550,1034,39.9041,-105.007,1,1,0,12,99,21,1
2.0,2,1,1490,1034,39.9041,-105.007,1,1,0,12,99,21,1
2.0,2,1,1341,1034,30.5573,-97.6763,1,1,0,17,7,9,3
2.0,2,1,1326,1034,30.5573,-97.6763,1,1,0,17,11,10,6
2.0,2,1,1275,1034,36.1554,-115.1733,1,1,0,0,0,11,3
1.5,2,1,1163,1034,41.9144,-72.445,1,1,0,4,99,3,2
1.0,1,1,910,1034,35.9998,-79.9305,0,0,1,0,99,19,1
2.0,4,1,1980,1035,32.5975,-85.4777,0,0,1,0,19,14,4
2.0,2,1,1229,1035,36.0113,-86.5659,1,0,0,11,0,11,3
1.0,2,1,775,1035,41.2562,-96.0404,1,1,0,4,0,11,3
1.0,1,1,674,1035,30.1213,-93.7711,1,1,0,6,0,11,3
2.0,2,0,2305,1036,40.9472,-74.2427,1,1,0,15,99,4,2
2.0,2,1,2305,1036,40.9472,-74.2427,0,0,1,3,99,4,2
2.0,2,1,1790,1036,39.2476,-84.3509,0,0,1,1,99,1,2
2.0,2,1,1700,1036,40.3346,-74.5794,0,0,1,2,99,4,2
2.0,2,1,1330,1036,28.0788,-82.7277,1,1,0,1,99,21,1
2.0,2,1,1320,1036,28.4544,-81.7641,0,0,1,4,99,22,1
1.0,2,1,1195,1036,45.6558,-122.5888,0,0,1,0,0,11,3
1.0,2,1,1095,1036,46.8587,-114.041,0,1,0,0,8,11,2
2.0,2,1,1070,1036,30.3054,-97.7497,1,1,0,0,0,11,3
2.0,2,1,1060,1036,36.0746,-79.0777,1,1,0,11,99,19,1
2.0,3,1,1470,1037,30.4601,-84.2714,1,0,0,0,0,11,3
1.0,1,1,1141,1037,38.9259,-94.6916,1,1,0,4,0,11,3
1.0,2,1,1750,1038,44.5716,-123.282,0,0,1,0,8,11,2
2.0,2,1,1079,1038,35.6775,-78.7763,1,1,0,3,99,23,1
2.0,2,1,1069,1038,35.6775,-78.7763,0,0,1,3,99,23,1
2.0,2,1,1029,1038,35.6775,-78.7763,0,0,1,3,99,23,1
2.0,2,1,949,1038,35.6775,-78.7763,0,0,1,3,99,23,1
1.0,1,1,2925,1039,40.722,-74.0644,0,0,1,3,99,4,2
2.0,2,1,1589,1039,39.0459,-104.8179,1,1,0,8,99,2,2
1.0,1,1,1315,1039,39.9735,-86.1243,1,1,0,11,0,11,3
2.0,2,1,1215,1039,36.3302,-115.3257,0,0,1,7,99,20,1
2.0,2,1,3300,1040,37.7904,-122.2151,1,1,0,2,0,11,3
2.0,2,1,2500,1040,33.6809,-117.8319,1,1,0,9,1,10,2
2.5,2,1,1735,1040,47.8495,-122.2825,0,0,1,3,99,3,2
1.5,2,1,1250,1040,33.5178,-112.0848,1,1,0,0,0,11,3
2.0,2,1,1120,1040,32.2973,-95.2029,0,0,1,3,99,1,2
2.0,2,1,1118,1040,32.9954,-96.7849,0,0,1,4,99,23,1
2.0,2,1,1010,1040,31.2859,-94.808,1,1,0,1,99,1,2
1.5,2,1,930,1040,32.8255,-97.1039,0,0,1,6,99,4,2
2.0,2,1,875,1040,43.5329,-96.7265,1,1,0,7,0,11,3
2.0,2,1,855,1040,43.5329,-96.7265,1,1,0,6,0,11,3
2.0,2,1,795,1040,33.1932,-87.5349,0,0,1,0,3,12,6
2.0,2,1,785,1040,41.705,-83.6059,1,1,0,2,99,18,1
2.0,2,1,5450,1041,34.0948,-118.3699,1,1,0,0,16,11,1
2.0,3,1,1609,1041,32.7907,-96.7501,1,1,0,8,99,20,1
2.0,2,1,2401,1042,42.3968,-71.0342,0,0,1,3,99,21,1
2.0,2,0,1785,1042,39.2144,-76.8797,0,0,1,7,99,2,2
2.0,2,1,1317,1042,36.8623,-76.0114,0,0,1,6,99,19,1
1.0,2,1,1175,1042,39.9513,-84.1778,0,0,1,5,99,2,2
2.0,2,1,1039,1042,41.4983,-81.6437,0,0,1,1,99,21,1
2.0,2,1,1020,1042,32.5548,-94.7807,1,1,0,3,99,0,2
2.0,2,1,2135,1043,47.4831,-122.1298,0,0,1,4,99,4,2
2.0,2,1,1575,1043,33.5955,-117.2572,1,1,0,10,0,11,3
2.0,2,1,1410,1043,36.0174,-115.2519,0,0,1,3,99,20,1
1.0,1,1,1745,1044,39.1561,-76.8099,1,1,0,1,99,22,1
2.0,2,1,1375,1044,36.0703,-79.7719,0,0,1,7,99,20,1
1.0,1,1,1047,1044,32.4645,-93.7879,1,1,0,0,0,11,3
1.0,2,1,946,1044,41.6545,-83.6757,0,0,1,5,99,19,1
2.0,2,0,883,1044,35.9165,-78.9177,0,0,1,9,99,3,2
1.0,0,1,6500,1045,37.7599,-122.4379,1,1,0,2,4,11,6
2.0,2,1,1479,1045,47.9338,-122.2052,1,1,0,11,4,11,6
2.0,2,1,1336,1045,40.5059,-80.1869,0,0,1,10,99,3,2
2.0,2,1,1099,1046,39.7069,-84.0832,1,1,0,14,99,2,2
2.0,2,1,1195,1047,43.0724,-89.4003,1,1,0,6,0,11,3
1.5,2,1,799,1047,39.8373,-86.0562,1,1,0,10,2,11,1
2.0,2,1,2445,1048,33.8726,-117.8546,0,0,1,0,4,11,6
2.0,2,1,3874,1049,33.955,-118.3967,0,0,1,3,99,21,1
2.0,2,1,1650,1049,40.534,-105.0444,1,1,0,0,99,23,1
1.0,4,1,3300,1050,42.2711,-83.745,0,0,1,2,0,11,3
1.0,2,1,3200,1050,40.722,-74.0644,0,0,1,2,99,4,2
1.0,2,1,3199,1050,37.8726,-122.2707,1,1,0,1,0,11,3
1.0,2,1,3145,1050,34.0372,-118.2972,1,1,0,0,24,11,0
1.0,2,1,2795,1050,34.0372,-118.2972,1,1,0,0,0,11,3
2.0,2,1,2795,1050,34.0372,-118.2972,1,0,0,0,0,11,3
2.0,2,1,2760,1050,34.0372,-118.2972,1,1,0,2,0,11,3
2.0,2,1,2740,1050,37.2169,-121.956,1,1,0,2,0,11,3
1.0,2,1,2310,1050,33.8,-117.8367,0,0,1,0,0,11,3
2.0,2,1,2195,1050,47.616,-122.3275,0,0,1,0,3,12,6
2.0,2,1,2095,1050,42.1865,-71.202,1,1,0,6,99,18,1
2.0,2,1,1955,1050,34.1873,-119.1738,0,0,1,0,0,11,3
1.0,2,1,1795,1050,40.0054,-75.1415,1,1,0,0,0,11,3
1.0,2,1,1595,1050,33.5178,-112.0848,1,1,0,2,0,11,3
1.5,2,1,1585,1050,39.2144,-76.8797,0,0,1,2,99,2,2
1.0,3,1,1550,1050,41.7773,-72.5249,1,1,0,1,19,0,5
2.0,2,1,1519,1050,34.0341,-84.5061,1,1,0,6,99,3,2
1.0,1,1,1465,1050,39.2735,-76.8674,0,0,1,4,99,2,2
1.0,3,1,1424,1050,45.2764,-92.9901,0,0,1,6,0,11,3
2.0,2,1,1415,1050,44.9032,-92.9227,0,0,1,7,4,11,6
1.0,2,1,1325,1050,45.0893,-93.031,0,0,1,6,0,11,3
2.0,2,1,1295,1050,41.2562,-96.0404,1,1,0,0,0,11,3
2.0,2,1,1286,1050,32.9455,-96.7962,0,0,1,3,99,0,2
2.0,2,1,1275,1050,32.6548,-97.1587,0,0,1,3,99,2,2
2.0,2,1,1270,1050,42.5286,-92.4509,1,1,0,6,0,11,3
1.0,2,1,1255,1050,38.6274,-90.304,0,0,1,3,0,11,3
2.0,2,1,1250,1050,30.8655,-83.2658,1,1,0,0,0,11,3
2.0,2,1,1225,1050,36.2548,-115.5263,0,0,1,3,99,20,1
2.0,2,1,1153,1050,35.823,-78.6438,1,1,0,6,99,23,1
2.0,2,1,1150,1050,42.5286,-92.4509,1,1,0,6,0,11,3
2.0,2,1,1134,1050,35.823,-78.6438,1,1,0,6,99,23,1
1.0,2,1,1125,1050,39.0744,-94.5521,0,0,1,0,3,12,6
1.0,1,1,1100,1050,41.4794,-81.5609,1,1,0,0,0,11,3
2.0,2,0,1100,1050,32.8281,-97.145,0,0,1,2,99,3,2
1.0,3,1,1099,1050,34.119,-81.1962,1,1,0,3,0,11,3
1.0,1,1,1095,1050,41.2562,-96.0404,0,1,0,0,8,11,2
1.0,1,1,1050,1050,38.6326,-90.2023,1,1,0,7,8,10,2
2.0,2,1,1045,1050,44.924,-123.3283,1,0,0,0,0,11,3
2.0,2,1,1025,1050,39.0269,-94.6516,1,0,0,0,0,11,3
1.0,2,0,1025,1050,34.0007,-84.4665,0,0,1,6,99,3,2
1.0,3,1,960,1050,40.1145,-88.2723,1,0,0,0,0,11,3
2.0,2,1,939,1050,35.6217,-97.4702,0,0,1,3,99,3,2
1.0,3,1,920,1050,37.0575,-76.4614,0,0,1,3,99,21,1
1.0,1,1,919,1050,43.1689,-77.6289,1,0,0,8,0,11,3
1.0,2,1,900,1050,42.6427,-84.5281,0,1,0,3,0,11,3
1.0,2,1,895,1050,39.0744,-94.5521,0,0,1,4,4,11,6
2.0,2,1,885,1050,41.0186,-81.6218,0,0,1,1,99,21,1
1.5,2,1,885,1050,40.4261,-79.7631,0,0,1,2,99,4,2
1.0,1,1,840,1050,41.2562,-96.0404,1,1,0,11,0,11,3
1.0,3,1,750,1050,42.5286,-92.4509,1,1,0,2,0,11,3
1.0,3,1,750,1050,41.2076,-75.9239,1,1,0,4,0,20,2
1.5,2,1,699,1050,30.7084,-96.347,1,1,0,0,4,11,6
2.0,2,1,684,1050,43.4251,-83.9731,1,1,0,7,0,11,3
1.5,2,1,1540,1051,39.2057,-76.8318,1,1,0,10,99,2,2
2.0,2,1,1450,1051,33.0476,-96.7467,1,1,0,0,0,11,3
2.0,2,1,1800,1052,40.0054,-75.1415,1,1,0,0,0,11,3
1.0,1,1,1650,1052,29.4624,-98.5253,0,0,1,3,4,11,6
1.0,1,1,1570,1052,47.9338,-122.2052,1,1,0,2,4,11,6
2.0,2,1,1265,1052,32.6924,-97.1324,1,1,0,10,99,2,2
2.0,2,1,1130,1052,30.0066,-97.8071,0,0,1,1,4,11,6
2.0,2,1,1079,1052,35.9003,-78.7061,0,0,1,10,99,2,2
2.0,2,1,2550,1053,33.7834,-118.1506,0,0,1,9,99,3,2
1.0,1,1,2500,1053,32.8212,-96.7853,1,1,0,0,0,11,3
2.0,2,1,1965,1053,39.0403,-77.0461,0,0,1,5,99,0,2
2.0,2,1,2675,1054,47.6124,-122.1427,0,0,1,5,99,1,2
2.0,2,0,1125,1054,39.1183,-84.3377,0,0,1,2,99,1,2
2.0,2,1,1095,1054,42.3823,-92.4606,1,1,0,7,0,11,3
2.0,2,1,1095,1054,42.7162,-92.4256,1,1,0,7,0,11,3
2.0,2,1,900,1054,42.47,-91.8961,1,1,0,5,0,11,3
1.0,1,1,1950,1055,32.8212,-96.7853,1,0,0,0,0,11,3
1.0,1,1,1398,1055,39.065,-76.9815,0,0,1,1,99,0,2
1.0,1,1,1359,1055,39.065,-76.9815,0,0,1,1,99,0,2
2.0,2,1,1225,1055,36.9141,-76.2882,0,0,1,2,99,21,1
2.0,4,1,1680,1056,40.4969,-86.9659,0,0,1,4,0,11,3
1.5,2,1,1100,1056,41.5835,-93.7597,1,1,0,0,8,11,2
2.5,2,1,995,1056,36.116,-95.9281,1,1,0,0,3,12,6
2.0,2,1,799,1056,41.1691,-88.3203,1,1,0,0,0,11,3
2.0,2,1,1435,1057,47.7974,-122.2037,1,1,0,11,0,11,3
2.0,2,0,975,1057,33.8544,-84.0083,0,0,1,2,99,4,2
2.0,2,1,2098,1058,34.1873,-119.1738,1,1,0,13,0,11,3
2.0,2,1,1845,1058,39.0747,-76.7017,1,1,0,13,99,3,2
1.0,2,1,1490,1058,39.0128,-76.9812,1,1,0,9,99,0,2
2.0,2,1,1425,1058,40.4067,-105.0984,0,0,1,10,6,21,3
2.0,2,1,1425,1058,40.3888,-105.1046,0,0,1,10,99,0,2
2.0,2,1,1005,1058,40.0351,-84.2067,1,1,0,6,99,2,2
2.0,2,1,2446,1059,47.5632,-122.2265,0,0,1,5,99,3,2
2.0,2,1,1495,1059,32.8261,-96.7472,0,0,1,3,99,20,1
2.5,2,1,1350,1059,30.3054,-97.7497,0,0,1,0,0,11,3
2.0,2,1,1135,1059,35.7876,-78.781,1,1,0,5,99,22,1
2.0,2,1,845,1059,43.7815,-88.4411,1,1,0,4,0,11,3
2.0,2,1,2966,1060,42.2517,-71.0162,1,1,0,5,99,21,1
2.0,2,1,2900,1060,32.7876,-117.1265,1,0,0,0,3,12,6
2.0,2,1,2495,1060,47.616,-122.3275,1,1,0,0,0,11,3
1.0,2,1,2250,1060,40.8206,-74.2133,1,1,0,0,0,11,3
2.0,2,1,2095,1060,40.6623,-74.2087,0,0,1,5,99,3,2
2.0,2,1,1443,1060,36.7434,-76.2257,0,0,1,10,99,19,1
1.5,2,1,1435,1060,39.0614,-76.8511,0,0,1,3,99,19,1
1.5,2,1,1435,1060,39.0614,-76.8511,0,0,1,3,99,19,1
1.0,2,1,1335,1060,43.0724,-89.4003,1,1,0,3,0,11,3
2.0,2,1,1329,1060,42.7449,-83.0073,1,1,0,0,0,11,3
2.0,2,1,1142,1060,32.8255,-97.1039,1,1,0,11,99,4,2
1.0,2,1,1109,1060,32.8255,-97.1039,1,1,0,11,99,3,2
2.0,2,1,1060,1060,43.4299,-96.6968,1,1,0,2,0,11,3
2.0,2,1,1060,1060,43.4299,-96.6968,1,1,0,2,3,12,6
2.0,2,1,915,1060,42.3334,-89.0299,0,0,1,0,0,11,3
1.0,2,1,775,1060,43.5329,-96.7265,1,1,0,2,0,11,3
2.0,2,1,3397,1061,47.6156,-122.2109,0,0,1,7,99,0,2
2.0,2,1,2065,1061,40.58,-74.4155,0,0,1,5,99,20,1
2.0,2,1,1885,1061,40.58,-74.4155,0,0,1,5,99,20,1
2.0,2,1,1195,1061,47.5126,-122.1934,0,0,1,2,99,4,2
2.0,2,1,4550,1062,42.3739,-71.1155,0,0,1,3,99,20,1
2.0,2,1,1815,1062,39.266,-76.8455,1,1,0,9,99,2,2
2.0,2,1,1638,1062,32.8524,-97.0886,0,0,1,4,99,3,2
2.0,2,1,1992,1063,47.8616,-122.2729,0,0,1,4,99,4,2
1.5,3,1,1515,1063,39.4642,-76.8115,0,0,1,7,99,4,2
2.0,2,1,1198,1063,38.9401,-92.3167,0,0,1,7,0,11,3
2.0,2,1,956,1063,35.6264,-77.4386,0,0,1,4,99,3,2
2.0,2,1,925,1063,48.2469,-101.3017,0,0,1,0,0,11,3
2.0,2,1,875,1063,48.2469,-101.3017,0,0,1,0,0,11,3
2.0,2,1,1550,1064,47.8016,-103.2801,1,1,0,0,0,11,3
2.0,2,1,1518,1064,47.3045,-122.3726,0,0,1,6,99,1,2
2.0,3,1,1499,1064,29.5035,-95.0922,1,1,0,2,0,11,3
2.0,2,1,1400,1064,36.7434,-76.2257,0,0,1,3,99,19,1
2.0,2,1,575,1064,35.9728,-77.8304,0,0,1,3,99,3,2
2.0,2,1,2500,1065,44.9855,-93.3023,1,1,0,3,4,11,6
2.0,2,1,1300,1065,30.4415,-91.1012,1,1,0,0,0,11,3
2.0,2,1,1275,1065,38.8862,-104.7389,1,1,0,7,99,2,2
2.0,2,0,1275,1065,38.8862,-104.7389,1,1,0,7,99,2,2
2.0,2,1,877,1065,36.0646,-79.8238,0,0,1,1,99,20,1
2.0,2,1,867,1065,36.0703,-79.7719,0,0,1,4,99,20,1
2.0,2,1,2398,1066,34.164,-118.4984,1,1,0,0,0,11,3
2.0,3,1,1315,1066,44.7594,-93.2817,0,0,1,3,3,12,6
2.0,2,1,1285,1066,39.3776,-76.706,1,1,0,0,0,11,3
1.0,2,1,1400,1067,38.8562,-104.772,1,1,0,0,0,11,3
1.0,2,1,976,1067,43.7545,-87.7404,1,1,0,4,0,11,3
2.0,2,1,850,1067,44.7897,-89.6859,1,1,0,2,0,11,3
2.0,2,1,845,1067,43.8449,-88.8405,1,1,0,4,0,11,3
2.0,2,1,1460,1068,36.1519,-79.8168,1,1,0,6,99,21,1
2.0,2,0,1350,1068,39.9478,-74.9117,1,1,0,1,99,3,2
2.0,2,1,1215,1068,36.0249,-78.4646,0,0,1,4,99,1,2
2.0,2,1,1821,1069,47.8616,-122.2729,1,1,0,7,99,4,2
2.0,2,1,1540,1069,39.0128,-76.9812,1,1,0,9,99,0,2
2.0,2,1,1530,1069,32.9455,-96.7962,0,0,1,4,99,0,2
2.0,2,1,1249,1069,32.8525,-97.1399,0,0,1,3,99,3,2
2.0,2,1,1079,1069,35.79,-78.9465,0,0,1,2,99,22,1
1.0,3,1,3300,1070,34.1542,-118.4447,0,0,1,0,0,11,3
2.0,2,1,2605,1070,40.2945,-73.9952,1,1,0,10,99,0,2
2.0,3,1,2550,1070,34.1378,-118.0247,0,0,1,2,99,3,2
2.0,2,0,2430,1070,40.8234,-74.4534,1,1,0,9,99,1,2
1.0,2,1,2200,1070,33.9136,-118.3527,1,1,0,2,0,11,3
2.0,2,1,1950,1070,41.8625,-87.6825,1,1,0,1,0,11,3
1.0,2,1,1705,1070,39.0947,-76.8189,0,0,1,7,99,20,1
2.0,2,1,2946,1071,47.5311,-122.0679,0,0,1,2,99,2,2
2.0,2,1,1240,1071,35.7488,-78.6369,1,1,0,12,99,1,2
2.0,3,1,1100,1071,32.7636,-97.8034,1,1,0,0,0,11,3
2.0,2,1,1765,1072,39.1088,-77.2384,0,0,1,2,99,0,2
1.5,3,1,1080,1072,29.8798,-90.068,0,0,1,5,0,21,2
2.0,2,1,1039,1072,42.5859,-87.8552,1,1,0,3,0,11,3
1.0,2,1,902,1072,44.2745,-88.4153,1,1,0,3,0,11,3
2.0,2,1,4124,1073,40.722,-74.0644,1,1,0,6,99,3,2
1.0,1,1,2255,1073,32.8212,-96.7853,1,1,0,0,0,11,3
1.0,2,1,1000,1073,44.29,-88.2727,1,1,0,3,0,11,3
1.0,2,1,850,1073,30.1647,-94.351,0,0,1,0,12,11,5
2.0,2,1,3385,1074,33.9855,-118.4532,1,1,0,4,99,0,2
2.0,2,1,789,1074,44.2745,-88.4153,1,0,0,7,0,11,3
2.0,2,1,770,1074,44.4367,-88.0697,0,0,1,1,0,11,3
1.0,2,1,3200,1075,38.9118,-77.0132,0,0,1,0,0,11,3
2.0,2,1,2701,1075,47.6869,-122.1896,1,1,0,6,99,2,2
2.0,2,1,1765,1075,38.9993,-76.975,0,0,1,5,99,21,1
2.0,2,1,1500,1075,27.7873,-82.6772,1,1,0,0,3,12,6
1.5,2,1,1350,1075,25.4867,-80.4599,0,0,1,3,8,21,1
1.0,2,1,1199,1075,33.6047,-112.2456,1,1,0,4,4,11,6
1.0,3,0,1199,1075,38.8793,-104.8171,0,0,1,2,99,1,2
1.0,1,1,1185,1075,34.2494,-84.1748,0,0,1,0,99,2,2
1.0,2,1,995,1075,43.0724,-89.4003,0,0,1,3,4,11,6
2.0,2,1,975,1075,43.9478,-88.0904,1,1,0,5,0,11,3
2.0,2,1,970,1075,36.0652,-80.3179,0,0,1,2,99,18,1
2.0,2,1,919,1075,35.9907,-78.9074,0,0,1,10,99,3,2
1.0,2,1,870,1075,47.9179,-97.0658,1,1,0,0,0,11,3
2.0,2,1,825,1075,35.4882,-97.5181,0,0,1,1,99,4,2
2.0,2,1,1920,1076,34.0648,-84.0849,1,1,0,14,99,1,2
2.0,2,1,1800,1076,34.0648,-84.0849,1,1,0,14,99,1,2
2.0,2,1,1800,1076,34.0648,-84.0849,1,1,0,14,99,1,2
1.0,1,1,1300,1076,42.7509,-73.6189,1,1,0,0,0,11,3
2.0,2,1,600,1076,31.2654,-92.4142,1,1,0,3,99,18,1
2.0,2,1,1910,1077,39.0747,-76.7017,1,1,0,13,99,3,2
2.0,2,1,1835,1077,39.0747,-76.7017,1,1,0,13,99,3,2
2.0,2,1,1740,1077,36.0217,-75.6807,1,1,0,0,0,11,3
2.0,2,1,1225,1077,30.2989,-81.6324,1,1,0,0,0,11,3
2.0,2,1,1100,1077,40.8717,-111.8905,1,1,0,0,0,11,3
1.0,2,1,1050,1077,35.8269,-78.8335,0,0,1,1,99,23,1
1.0,1,1,745,1078,44.5099,-88.0178,1,0,0,7,4,11,6
1.0,2,1,2470,1079,47.8616,-122.2729,0,0,1,2,99,4,2
1.5,3,1,2625,1080,34.0372,-118.2972,1,1,0,0,0,11,3
2.0,2,1,2340,1080,30.3054,-97.7497,1,1,0,0,0,11,3
1.5,3,1,1595,1080,45.6558,-122.5888,0,0,1,0,0,11,3
1.0,2,1,1235,1080,35.0462,-85.2352,1,1,0,0,0,11,3
2.0,2,1,1189,1080,35.5626,-78.2042,0,0,1,9,99,0,2
2.0,2,1,1139,1080,35.823,-78.6438,0,0,1,5,99,0,2
2.0,2,1,1111,1080,32.8255,-97.1039,1,1,0,10,99,4,2
2.0,2,1,1081,1080,36.0127,-79.87,0,0,1,4,99,20,1
2.0,2,1,995,1080,35.823,-78.6438,0,0,1,8,0,11,3
1.0,2,1,985,1080,40.8062,-96.6778,1,0,0,10,0,11,3
2.0,3,1,925,1080,48.2469,-101.3017,0,0,1,0,0,11,3
2.0,2,1,2120,1081,39.9288,-104.9456,0,0,1,1,99,21,1
2.5,2,1,2200,1082,32.7331,-117.0332,1,1,0,0,0,11,3
2.0,2,1,1764,1082,39.9478,-74.9117,0,0,1,5,99,3,2
2.0,2,1,1395,1082,32.6924,-97.1324,0,0,1,3,99,2,2
2.0,2,1,1255,1082,39.4944,-77.4535,1,1,0,0,0,20,2
1.0,1,1,2600,1083,34.1013,-118.3271,1,1,0,2,0,11,3
1.0,1,1,3855,1084,32.8212,-96.7853,1,1,0,0,0,11,3
2.0,2,0,1813,1084,39.2031,-76.7531,1,1,0,3,99,3,2
1.0,1,1,1759,1084,38.9986,-76.9273,1,1,0,6,99,20,1
2.0,2,1,1672,1084,32.9314,-97.0956,0,0,1,3,99,4,2
2.0,2,1,1515,1084,32.5807,-97.138,0,0,1,4,99,4,2
2.0,2,1,1500,1084,32.5807,-97.138,0,0,1,4,99,4,2
2.0,2,1,1495,1084,48.7871,-122.4437,1,0,0,5,0,11,3
2.0,2,1,1414,1084,47.8441,-122.1991,1,1,0,10,4,11,6
2.0,2,1,1893,1085,32.8123,-96.8146,1,1,0,0,99,20,1
2.0,2,1,1814,1085,38.9645,-76.9637,0,0,1,1,99,21,1
2.0,2,1,1655,1085,39.0829,-77.0612,0,0,1,3,99,1,2
2.0,2,1,1390,1085,40.0329,-83.1377,1,1,0,0,8,11,2
2.0,2,1,1290,1085,39.4944,-77.4535,1,1,0,0,0,20,2
2.0,2,1,1100,1085,40.8062,-96.6778,0,0,1,0,0,11,3
2.0,2,1,963,1085,36.0913,-79.2861,0,0,1,11,99,20,1
1.0,2,1,695,1085,40.4969,-86.9659,1,1,0,5,0,11,3
2.0,2,1,2045,1086,44.9855,-93.3023,1,1,0,7,0,11,3
2.0,2,1,1501,1086,43.1318,-76.2098,1,1,0,6,0,11,3
2.0,2,1,1356,1086,41.3138,-81.7454,0,0,1,6,99,21,1
2.0,2,1,1658,1087,40.0083,-75.0101,1,1,0,4,99,3,2
2.0,2,1,1638,1087,40.0083,-75.0101,1,1,0,4,99,3,2
2.0,2,1,1575,1087,39.5255,-76.4321,0,0,1,2,99,2,2
2.0,2,1,1550,1087,36.0785,-94.1531,1,1,0,8,0,11,3
1.0,2,1,1206,1087,45.0073,-92.9641,0,0,1,3,3,12,6
2.0,2,1,838,1087,35.6982,-97.4325,0,0,1,2,99,3,2
2.0,2,1,3505,1088,40.789,-74.0122,1,1,0,3,99,2,2
1.5,2,1,2425,1088,34.1452,-118.7586,1,1,0,0,0,11,3
2.0,2,1,2005,1088,32.8302,-96.7724,1,1,0,12,99,19,1
1.0,2,1,1650,1088,41.5486,-90.5922,1,1,0,0,8,11,2
2.0,2,1,1638,1088,39.0459,-104.8179,1,1,0,2,99,2,2
1.0,2,1,725,1088,36.116,-95.9281,0,0,1,0,0,11,3
2.0,2,1,675,1088,33.4102,-90.8945,1,1,0,0,0,11,3
1.0,3,1,1945,1089,45.5091,-122.6449,1,1,0,0,0,11,3
2.0,2,1,1935,1089,41.7566,-72.689,0,0,1,3,99,3,2
2.0,2,1,2320,1090,39.7673,-105.0151,1,1,0,4,99,18,1
1.0,1,1,2300,1090,40.918,-73.7837,1,1,0,1,16,11,1
2.0,2,1,2119,1090,47.5582,-122.0044,0,0,1,1,99,2,2
2.0,2,1,1879,1090,30.3054,-97.7497,1,1,0,5,3,12,6
1.0,2,1,1100,1090,33.7709,-84.2931,1,1,0,8,99,1,2
2.0,2,1,2219,1091,39.1088,-77.2384,0,0,1,8,99,0,2
1.0,2,1,1345,1091,40.7061,-111.9048,0,0,1,0,0,11,3
2.0,2,1,1195,1091,39.1912,-84.4615,1,1,0,3,99,0,2
1.0,2,1,1650,1092,45.4851,-122.8349,0,0,1,0,16,11,1
1.5,3,1,975,1092,41.6475,-93.4713,0,0,1,3,1,22,1
2.0,2,1,875,1092,48.2469,-101.3017,1,1,0,0,0,11,3
1.5,3,1,795,1092,47.9179,-97.0658,0,0,1,0,0,11,3
2.0,2,1,2240,1093,47.7046,-122.1989,1,1,0,0,0,11,3
2.0,2,1,2047,1093,40.4367,-74.2268,0,0,1,3,99,0,2
2.0,2,1,2047,1093,40.4367,-74.2268,0,0,1,4,99,0,2
2.0,2,1,1694,1093,39.8502,-104.9699,0,0,1,2,99,20,1
2.0,2,1,1131,1093,34.2027,-84.0733,0,0,1,1,99,2,2
1.5,2,1,800,1093,33.7848,-84.3922,1,1,0,0,0,11,3
2.0,2,1,3942,1094,34.0263,-118.4732,0,0,1,3,99,1,2
2.0,2,1,2220,1094,39.1649,-76.7156,1,1,0,0,0,20,2
2.0,2,1,2150,1094,39.1649,-76.7156,1,1,0,0,0,20,2
2.0,2,1,1319,1094,35.823,-78.6438,0,0,1,1,99,0,2
2.0,2,1,1025,1094,40.297,-79.9152,1,1,0,4,99,3,2
1.0,2,1,650,1094,46.2709,-96.6093,1,1,0,0,0,11,3
2.0,2,1,1645,1095,39.5255,-76.4321,0,0,1,2,99,2,2
2.0,2,1,1473,1095,36.0249,-78.4646,0,0,1,4,99,1,2
1.5,2,1,1217,1095,32.7192,-97.1513,1,1,0,4,99,2,2
2.0,2,1,1095,1095,47.9179,-97.0658,1,1,0,0,0,11,3
2.0,2,1,1040,1095,36.0703,-79.7719,1,1,0,2,99,20,1
2.0,2,1,975,1095,43.4498,-88.6305,1,1,0,6,0,11,3
2.0,2,1,1450,1096,26.1634,-80.1467,0,0,1,0,8,11,2
2.0,2,1,1225,1096,47.4608,-122.2095,1,1,0,6,99,4,2
2.0,2,1,1225,1096,47.3866,-122.2109,1,1,0,4,99,2,2
2.0,2,1,1135,1096,39.05,-84.3439,0,0,1,0,99,1,2
2.0,2,0,3751,1097,34.1659,-118.1629,0,0,1,0,99,4,2
2.0,2,1,2183,1097,42.9442,-71.5194,0,0,1,7,99,2,2
2.0,3,1,2150,1097,47.5892,-122.0343,0,0,1,11,99,4,2
2.0,3,1,2075,1097,47.5892,-122.0343,0,0,1,10,99,4,2
2.0,2,1,1619,1097,38.8862,-104.7389,1,1,0,2,99,2,2
2.0,2,1,1480,1097,35.7695,-78.7966,1,1,0,1,99,21,1
1.5,1,1,1061,1097,34.2027,-84.0733,0,0,1,7,99,2,2
2.0,2,1,1850,1098,39.0747,-76.7017,1,1,0,13,99,3,2
2.0,2,1,1840,1098,39.0747,-76.7017,1,1,0,13,99,3,2
1.0,3,1,1648,1098,41.8625,-87.6825,1,1,0,2,4,11,6
1.0,1,1,1600,1098,39.7789,-104.7545,0,0,1,11,2,11,1
1.5,2,1,1499,1098,39.0947,-76.8189,0,0,1,1,99,20,1
2.5,2,1,1194,1098,35.7585,-78.7783,1,1,0,6,99,21,1
2.5,2,1,1184,1098,35.7585,-78.7783,1,1,0,6,99,21,1
2.0,3,1,874,1098,36.0913,-79.2861,0,0,1,2,99,20,1
2.0,2,1,3179,1099,42.3362,-71.1037,0,0,1,1,99,20,1
2.0,2,1,1320,1099,39.179,-78.1591,1,1,0,3,0,11,3
1.0,1,1,6200,1100,34.0806,-118.4029,1,1,0,0,8,11,2
2.0,2,1,3800,1100,42.7234,-83.1474,1,1,0,0,8,11,2
2.0,3,1,3600,1100,37.3358,-121.898,0,0,1,4,81,21,5
2.0,3,1,3500,1100,42.328,-71.071,0,0,1,2,0,11,3
2.0,2,1,3390,1100,34.0372,-118.2972,1,1,0,0,0,11,3
1.0,2,1,3200,1100,36.9873,-122.016,0,0,1,0,8,11,2
1.5,2,1,3000,1100,42.2711,-83.745,0,0,1,0,0,11,3
2.0,2,1,3000,1100,40.918,-73.7837,1,1,0,1,8,10,2
2.0,2,1,2925,1100,40.7462,-74.0349,1,1,0,1,99,0,2
2.0,2,1,2905,1100,34.0308,-118.3974,0,0,1,12,99,20,1
1.0,2,1,2900,1100,34.0075,-118.3941,0,0,1,0,0,11,3
2.0,2,1,2895,1100,33.852,-118.3759,0,0,1,4,4,11,6
1.0,2,1,2895,1100,34.0314,-118.4885,0,0,1,2,99,1,2
2.0,2,1,2799,1100,47.5988,-122.1507,1,1,0,2,0,11,3
1.0,1,1,2700,1100,34.0948,-118.3699,0,0,1,0,3,12,6
2.0,2,0,2630,1100,40.2206,-74.7174,1,1,0,4,99,4,2
2.0,2,1,2450,1100,33.8,-117.8367,1,1,0,0,3,12,6
2.0,3,1,2350,1100,32.7876,-117.1265,0,0,1,0,0,11,3
1.0,2,1,2200,1100,42.418,-71.1669,0,0,1,7,99,0,2
1.5,2,1,2155,1100,34.1913,-118.4575,1,1,0,0,3,12,6
2.0,2,1,1995,1100,47.6794,-117.4018,1,1,0,0,0,11,3
2.0,2,1,1950,1100,34.1751,-79.7643,1,1,0,0,0,11,3
1.0,3,1,1895,1100,45.5091,-122.6449,1,1,0,0,0,11,3
1.0,3,1,1850,1100,42.0876,-71.025,0,0,1,1,15,21,1
2.0,2,1,1810,1100,34.2106,-118.6151,1,1,0,0,3,12,6
2.0,1,1,1800,1100,33.945,-117.4074,0,0,1,5,0,21,2
1.0,1,1,1800,1100,33.9239,-117.6129,0,0,1,5,1,11,2
2.0,2,1,1774,1100,38.835,-77.4652,0,0,1,0,10,21,6
1.0,2,1,1750,1100,38.6121,-90.2914,0,0,1,0,0,20,2
2.0,2,1,1750,1100,40.8876,-74.0499,1,0,0,1,99,4,2
1.5,3,1,1699,1100,37.53,-77.477,0,0,1,0,0,11,3
2.0,4,1,1650,1100,40.1171,-88.1889,1,1,0,4,0,11,3
2.5,3,1,1650,1100,45.5091,-122.6449,0,0,1,0,0,11,3
2.0,2,1,1599,1100,42.7449,-83.0073,1,1,0,0,0,11,3
1.0,2,1,1595,1100,44.9855,-93.3023,1,0,0,5,8,10,2
1.0,2,1,1550,1100,40.58,-74.4155,1,1,0,8,99,20,1
1.0,2,1,1550,1100,44.4872,-73.2278,0,0,1,4,99,2,2
1.0,2,1,1525,1100,41.6977,-71.1501,1,1,0,12,0,11,3
1.0,2,1,1525,1100,43.2286,-87.9668,1,1,0,12,4,11,6
1.0,3,1,1525,1100,43.0724,-89.4003,0,0,1,1,4,11,6
1.0,2,1,1495,1100,33.5178,-112.0848,1,1,0,2,0,11,3
1.0,3,1,1490,1100,43.0724,-89.4003,0,0,1,3,8,10,2
2.0,2,1,1465,1100,61.1723,-149.8414,1,1,0,3,0,11,3
2.0,2,1,1450,1100,27.7873,-82.6772,1,1,0,0,0,11,3
2.0,3,1,1400,1100,30.5118,-97.6873,1,1,0,0,0,11,3
2.0,2,1,1399,1100,42.7449,-83.0073,1,1,0,0,0,11,3
1.0,2,1,1360,1100,42.9833,-71.4574,0,0,1,5,99,2,2
2.5,3,1,1350,1100,44.8424,-123.1863,1,1,0,0,12,11,5
1.0,2,1,1349,1100,39.1471,-86.5136,0,0,1,0,8,11,2
1.0,2,1,1325,1100,41.6977,-71.1501,0,0,1,14,99,0,2
1.0,2,1,1300,1100,38.6274,-90.304,0,0,1,3,0,11,3
1.0,2,1,1300,1100,40.7061,-111.9048,1,1,0,0,3,12,6
2.0,2,1,1275,1100,41.5506,-72.0272,0,0,1,2,99,4,2
2.0,2,1,1265,1100,42.7509,-73.6189,1,1,0,0,0,11,3
2.0,2,1,1250,1100,40.7061,-111.9048,1,1,0,0,0,11,3
1.0,2,1,1250,1100,39.8296,-75.0152,1,0,0,2,99,3,2
1.0,3,1,1249,1100,35.2384,-80.7484,1,1,0,1,0,11,3
2.0,2,1,1220,1100,35.6259,-78.8364,1,1,0,8,99,23,1
2.0,4,1,1200,1100,40.5338,-75.7895,1,1,0,0,0,11,3
2.0,2,1,1135,1100,33.9295,-84.4662,1,1,0,7,99,4,2
2.0,2,1,1132,1100,43.0531,-87.9659,1,0,0,8,0,11,3
1.0,2,1,1120,1100,41.0541,-73.5422,0,0,1,7,11,21,5
2.0,3,1,1100,1100,36.3267,-94.0643,1,1,0,0,0,11,3
1.5,2,1,1100,1100,35.7551,-78.7199,0,0,1,8,99,1,2
2.0,2,1,1099,1100,36.1147,-80.0915,0,0,1,9,8,21,1
2.0,2,1,1099,1100,36.1147,-80.0915,0,0,1,9,99,19,1
1.0,2,1,1050,1100,41.2562,-96.0404,1,1,0,0,0,11,3
2.0,2,1,1050,1100,40.6498,-111.9625,1,0,0,0,0,11,3
2.0,2,1,1050,1100,30.4415,-91.1012,1,1,0,0,8,11,2
1.0,2,1,1025,1100,39.5109,-76.1855,1,1,0,0,3,12,6
2.0,2,1,1010,1100,35.2016,-80.8124,0,0,1,5,0,11,3
2.0,2,1,1000,1100,30.4415,-91.1012,0,0,1,0,8,11,2
2.0,2,1,1000,1100,26.612,-81.9728,0,0,1,2,25,21,5
1.0,2,1,999,1100,43.0531,-87.9659,1,1,0,6,0,11,3
1.5,2,1,990,1100,35.8036,-78.6974,1,1,0,1,99,1,2
2.0,3,1,950,1100,33.8037,-85.7689,0,0,1,0,0,11,3
2.0,2,1,925,1100,33.9295,-84.4662,0,0,1,3,99,4,2
2.0,2,1,925,1100,33.9295,-84.4662,0,0,1,3,99,4,2
2.0,2,1,900,1100,42.5286,-92.4509,1,1,0,5,0,11,3
1.0,2,1,895,1100,35.6757,-97.4949,0,0,1,0,3,12,6
2.0,2,1,895,1100,36.2548,-115.5263,1,1,0,10,99,20,1
2.0,2,1,895,1100,36.2548,-115.5263,1,1,0,10,99,20,1
2.0,2,1,895,1100,36.2548,-115.5263,1,1,0,10,99,20,1
2.0,2,1,895,1100,36.2548,-115.5263,1,1,0,10,99,20,1
1.5,2,1,888,1100,39.6915,-84.1533,0,0,1,3,99,2,2
2.0,2,1,855,1100,36.0909,-79.9272,0,0,1,3,99,20,1
2.0,2,1,850,1100,41.2562,-96.0404,1,1,0,0,0,11,3
2.0,2,1,850,1100,36.2548,-115.5263,1,1,0,11,99,20,1
2.0,3,1,825,1100,34.8226,-82.5798,0,0,1,4,18,21,5
1.0,3,1,800,1100,42.7199,-84.5731,1,0,0,2,0,11,3
1.5,2,1,795,1100,40.8806,-81.5897,1,0,0,0,0,11,3
2.0,2,1,775,1100,39.7903,-84.214,1,0,0,2,99,2,2
1.0,1,1,750,1100,39.8228,-105.1107,0,0,1,3,0,11,3
1.5,2,1,750,1100,37.034,-88.6479,1,1,0,0,0,11,3
1.0,3,1,750,1100,32.3338,-95.2951,1,0,0,4,7,22,2
1.0,3,1,750,1100,32.4637,-95.2804,1,1,0,4,10,10,0
2.0,2,1,700,1100,37.1892,-93.2908,1,1,0,6,0,11,3
2.0,2,1,700,1100,42.2686,-84.945,1,0,0,3,0,11,3
1.0,3,1,1149,1101,33.7848,-84.3922,1,1,0,3,4,11,6
2.0,2,1,985,1101,35.3718,-77.9282,0,0,1,5,99,23,1
2.0,2,1,1090,1102,39.05,-84.3439,0,0,1,0,99,1,2
2.0,2,1,2992,1103,34.1474,-118.1391,1,1,0,4,99,4,2
2.0,2,1,2992,1103,34.1474,-118.1391,0,0,1,4,99,4,2
2.0,2,1,2944,1103,42.3157,-71.2073,1,1,0,2,99,23,1
2.0,2,1,1789,1103,39.9478,-74.9117,0,0,1,5,99,3,2
2.0,2,1,1595,1103,38.8862,-104.7389,0,0,1,2,99,2,2
2.0,2,1,2791,1104,47.5311,-122.0679,0,0,1,2,99,1,2
2.0,2,1,2791,1104,47.5311,-122.0679,0,0,1,2,99,1,2
2.0,2,0,2791,1104,47.5311,-122.0679,0,0,1,2,99,1,2
2.0,2,1,2595,1104,33.8,-117.8367,0,1,0,0,0,11,3
2.0,2,1,2462,1104,39.0521,-77.119,0,0,1,3,99,23,1
2.0,2,1,2215,1104,40.9151,-74.6004,0,0,1,3,99,1,2
2.0,2,1,2135,1104,39.9918,-74.8073,1,1,0,7,99,3,2
2.0,2,1,1695,1104,40.5853,-105.0839,0,0,1,3,99,0,2
2.0,2,1,1210,1104,33.9295,-84.4662,1,1,0,6,99,4,2
2.0,2,1,1202,1104,41.645,-83.5484,0,0,1,0,99,18,1
2.0,4,1,1175,1104,35.4047,-80.6098,1,1,0,4,0,11,3
1.5,2,1,895,1104,38.9451,-95.219,0,0,1,0,0,11,3
2.0,2,1,2690,1105,40.8342,-73.9735,1,1,0,2,99,23,1
2.0,3,1,2165,1105,47.3949,-122.0287,0,0,1,5,99,3,2
2.0,3,1,2165,1105,47.3949,-122.0287,0,0,1,5,99,3,2
2.0,3,1,2065,1105,47.3949,-122.0287,1,1,0,5,99,3,2
2.0,2,1,2050,1105,39.1649,-76.7156,1,1,0,0,0,20,2
2.0,3,1,800,1105,36.2528,-116.0181,0,0,1,2,19,0,5
1.5,3,1,599,1105,45.8801,-87.0476,0,0,1,0,3,12,6
2.0,2,1,1895,1106,44.9368,-93.3605,1,1,0,8,12,11,5
2.0,3,1,1332,1106,37.3382,-77.4495,0,0,1,2,99,23,1
2.0,3,1,1000,1106,33.5032,-84.3521,1,1,0,0,3,12,6
1.0,2,1,725,1106,44.3024,-75.4157,1,1,0,11,7,16,2
2.0,3,1,1650,1107,29.4624,-98.5253,1,1,0,0,19,14,4
2.0,3,1,1595,1108,44.5716,-123.282,0,0,1,0,3,12,6
2.0,3,1,1113,1108,38.8021,-104.7105,0,0,1,5,99,2,2
2.0,2,1,1100,1109,35.6217,-97.4702,0,0,1,3,99,3,2
2.0,2,1,1100,1109,35.6217,-97.4702,0,0,1,3,99,3,2
2.0,2,1,1050,1109,35.6217,-97.4702,0,0,1,3,99,3,2
2.0,2,1,1050,1109,35.6217,-97.4702,1,1,0,3,99,3,2
1.0,4,1,2296,1110,40.1145,-88.2723,0,0,1,3,0,11,3
2.0,2,1,1879,1110,39.7131,-105.2321,0,0,1,8,99,22,1
2.0,2,1,1643,1110,39.065,-76.9815,0,0,1,1,99,1,2
2.0,3,1,1499,1110,27.3181,-82.4987,1,1,0,0,0,11,3
2.0,2,1,1428,1110,28.0763,-82.7582,1,1,0,3,99,21,1
2.0,2,1,1399,1110,27.3181,-82.4987,1,1,0,0,0,11,3
2.0,2,1,1315,1110,30.3054,-97.7497,0,0,1,3,0,11,3
2.0,2,1,1029,1110,40.11,-83.1087,1,1,0,5,0,11,3
2.0,2,1,910,1110,46.8608,-96.8096,0,0,1,1,0,11,3
1.5,1,1,1840,1111,39.205,-84.3987,0,0,1,0,99,1,2
2.0,2,1,1350,1111,28.4544,-81.7641,1,1,0,4,99,22,1
2.0,3,1,2725,1112,41.8625,-87.6825,0,0,1,0,4,11,6
1.0,1,1,1395,1112,43.1153,-89.5249,1,1,0,10,4,11,6
1.0,2,1,1375,1112,43.0724,-89.4003,1,1,0,4,0,11,3
1.0,2,1,1200,1112,41.8821,-87.8767,0,0,1,0,95,7,6
1.5,1,1,2899,1113,45.5091,-122.6449,0,0,1,0,0,11,3
2.0,2,1,2875,1113,40.7766,-74.3914,0,0,1,2,99,1,2
2.0,2,1,2850,1113,40.7766,-74.3914,0,0,1,2,99,1,2
2.0,2,1,2651,1113,40.7766,-74.3914,0,0,1,3,99,1,2
2.0,2,1,1322,1113,33.7289,-84.1257,0,0,1,3,99,3,2
2.0,2,1,1315,1113,36.7434,-76.2257,0,0,1,1,99,19,1
2.0,2,1,1204,1113,35.7863,-78.4845,0,0,1,2,99,23,1
1.0,3,1,3300,1114,42.328,-71.071,1,1,0,3,4,11,6
2.0,2,1,1400,1114,39.1679,-84.4933,0,0,1,0,3,12,6
2.0,2,1,1218,1114,35.4569,-79.0546,1,1,0,6,99,21,1
2.0,2,1,2082,1115,39.2144,-76.8797,1,1,0,12,99,2,2
2.0,2,1,1699,1115,39.2031,-76.7531,0,0,1,4,99,3,2
2.0,2,1,1630,1115,39.905,-74.9965,0,0,1,4,99,2,2
2.0,2,1,1630,1115,39.905,-74.9965,1,1,0,4,99,2,2
2.0,2,1,1606,1115,39.2031,-76.7531,1,1,0,4,99,3,2
2.0,3,1,1225,1115,36.193,-115.2946,0,0,1,0,99,18,1
2.0,2,1,963,1115,36.0714,-79.7947,1,1,0,8,99,21,1
1.5,2,1,2077,1116,33.9059,-118.0073,0,0,1,2,99,2,2
2.0,2,1,2028,1116,47.5582,-122.0044,0,0,1,5,99,2,2
2.0,2,1,1687,1116,39.4276,-76.7727,1,1,0,5,99,4,2
2.0,2,1,1180,1116,29.4624,-98.5253,0,0,1,0,0,11,3
1.5,1,1,1995,1117,47.616,-122.3275,1,1,0,0,0,11,3
2.0,3,1,1299,1117,35.4851,-80.6145,1,1,0,2,4,11,6
2.0,2,1,2100,1118,38.7999,-77.1072,1,1,0,0,3,12,6
2.0,3,1,1100,1118,38.8873,-94.7691,1,1,0,10,9,9,1
2.0,2,1,2620,1119,40.7647,-74.2119,1,1,0,12,99,18,1
1.0,1,1,2355,1119,42.2094,-70.999,0,0,1,3,8,21,1
1.0,1,1,2355,1119,42.2094,-70.999,0,0,1,3,99,21,1
2.0,2,1,1895,1119,35.823,-78.6438,0,1,0,0,0,11,3
2.0,3,1,1299,1119,35.4047,-80.6098,1,1,0,4,0,11,3
2.0,3,1,1249,1119,35.2016,-80.8124,1,1,0,3,4,11,6
2.0,2,1,1185,1119,34.0072,-84.0034,1,1,0,3,99,2,2
2.0,3,1,2850,1120,33.6613,-117.9116,0,0,1,0,0,11,3
2.0,2,1,2286,1120,41.0133,-74.3321,0,0,1,3,99,22,1
2.0,2,1,2265,1120,41.0133,-74.3321,0,0,1,4,99,22,1
2.0,2,1,1775,1120,39.6951,-75.124,1,1,0,5,99,2,2
2.0,2,1,1715,1120,39.0761,-77.1247,1,1,0,0,0,20,2
2.0,2,1,1675,1120,30.6554,-91.1346,0,0,1,0,0,21,2
2.0,2,1,1600,1120,37.0451,-76.3664,0,0,1,0,0,11,3
1.0,2,1,1525,1120,43.0724,-89.4003,1,0,0,6,4,11,6
1.5,3,1,1499,1120,44.7466,-93.2018,1,0,0,0,3,12,6
2.0,2,1,1275,1120,43.3199,-88.163,1,1,0,4,0,11,3
2.0,2,1,1225,1120,32.7767,-97.0816,0,0,1,7,99,1,2
2.0,3,1,1125,1120,34.0505,-81.0098,1,1,0,3,0,11,3
2.0,3,1,995,1120,47.9179,-97.0658,1,1,0,0,0,11,3
2.0,2,1,2850,1121,40.862,-74.4061,1,1,0,1,99,19,1
2.0,2,1,2100,1121,38.1623,-122.2494,0,0,1,4,77,21,2
2.0,2,1,1705,1121,39.6462,-119.6975,1,1,0,1,99,21,1
2.0,3,1,1649,1121,47.8318,-122.2834,1,1,0,10,4,11,6
1.0,2,1,1599,1121,34.0791,-84.2039,1,1,0,4,99,0,2
2.0,2,1,1494,1121,35.823,-78.6438,0,0,1,5,99,0,2
2.0,3,1,802,1121,35.5173,-97.3474,0,0,1,4,99,4,2
2.0,2,1,2025,1122,40.6949,-74.2704,1,0,0,7,99,20,1
2.0,2,1,1950,1122,47.7544,-122.1932,0,0,1,4,99,1,2
2.0,3,1,1275,1122,30.0871,-95.4685,1,1,0,2,0,11,3
2.0,2,1,1200,1122,44.9056,-89.5715,1,1,0,6,0,11,3
2.0,2,1,3776,1123,38.9799,-77.0798,0,0,1,8,99,22,1
2.0,2,1,2395,1123,39.1527,-76.9306,0,0,1,3,99,21,1
2.0,2,1,2345,1123,39.1527,-76.9306,0,0,1,4,99,21,1
1.0,1,1,2093,1123,47.5481,-122.0471,1,1,0,5,7,22,2
1.0,1,1,2093,1123,47.5582,-122.0044,0,0,1,5,99,2,2
2.0,2,1,1700,1123,30.6554,-91.1346,0,0,1,0,0,21,2
2.0,2,1,1549,1123,36.1132,-115.2754,0,0,1,2,99,20,1
2.0,2,1,1470,1123,32.5807,-97.138,0,0,1,7,99,4,2
2.0,2,1,1449,1123,36.1132,-115.2754,0,0,1,2,99,20,1
2.0,2,1,1449,1123,36.1536,-115.1965,0,0,1,1,99,21,1
2.0,2,1,1088,1123,41.3675,-82.1146,0,0,1,2,8,21,1
2.0,2,1,1516,1124,32.8524,-97.0886,1,1,0,10,99,3,2
2.0,2,1,1373,1124,43.2244,-88.1451,1,1,0,8,4,11,6
1.0,1,1,1295,1124,33.5178,-112.0848,1,1,0,0,0,11,3
1.0,2,0,1274,1124,39.4915,-76.6609,0,0,1,1,99,2,2
1.0,3,1,825,1124,48.2469,-101.3017,0,0,1,0,0,11,3
2.0,2,1,598,1124,38.9583,-95.2769,1,1,0,5,0,11,3
2.0,2,1,2995,1125,40.7925,-74.0215,1,1,0,12,99,1,2
2.0,2,1,2950,1125,40.8206,-74.2133,0,0,1,5,6,21,3
2.0,2,1,1950,1125,34.1751,-79.7643,0,0,1,0,0,11,3
2.0,2,1,1770,1125,39.2476,-84.3509,0,0,1,2,99,1,2
1.0,2,1,1540,1125,43.0724,-89.4003,1,0,0,8,4,11,6
2.0,2,1,1405,1125,34.0791,-84.2039,1,1,0,4,99,0,2
2.0,2,1,1250,1125,36.2336,-115.2906,0,0,1,3,99,18,1
1.0,2,1,944,1125,39.7953,-86.1387,1,1,0,11,0,11,3
2.0,3,1,694,1125,39.76,-94.8272,1,1,0,7,11,21,5
2.0,2,1,4797,1126,40.722,-74.0644,1,1,0,2,99,4,2
2.0,2,1,4654,1126,40.722,-74.0644,1,1,0,2,99,4,2
2.0,2,1,2899,1126,34.1656,-118.3916,1,1,0,0,0,11,3
2.0,3,1,2295,1126,43.0724,-89.4003,0,0,1,3,4,11,6
2.0,3,1,2295,1126,43.0724,-89.4003,0,0,1,4,4,11,6
2.0,3,1,2295,1126,43.0724,-89.4003,0,0,1,4,4,11,6
2.0,2,1,1905,1126,39.266,-76.8455,1,1,0,5,99,2,2
2.0,2,1,1100,1126,42.0259,-93.6516,1,1,0,0,3,12,6
2.0,2,1,1795,1127,43.0531,-87.9659,1,1,0,0,12,11,5
2.0,2,1,1515,1128,45.5223,-122.9416,1,1,0,9,0,11,3
2.0,3,1,1199,1128,33.7218,-84.744,1,1,0,2,0,11,3
1.0,1,1,920,1128,42.746,-90.4961,1,0,0,7,4,11,6
2.0,2,1,3281,1129,34.07,-118.3501,0,0,1,1,99,20,1
2.0,2,1,3145,1129,40.789,-74.0122,1,1,0,7,99,2,2
2.0,2,1,2285,1129,39.1396,-77.1914,1,1,0,2,99,0,2
2.0,2,1,1700,1129,30.6554,-91.1346,0,0,1,1,0,21,2
2.0,2,1,1580,1129,38.6968,-104.6969,1,1,0,10,99,0,2
1.0,3,1,1560,1129,43.0724,-89.4003,0,0,1,6,0,11,3
2.0,3,1,1199,1129,30.0871,-95.4685,1,1,0,2,0,11,3
2.0,3,1,1050,1129,41.247,-81.3442,0,0,1,7,10,10,0
2.0,2,1,1962,1130,39.0275,-77.3955,0,0,1,3,10,21,6
2.0,1,1,1743,1130,39.1634,-76.6165,0,0,1,2,0,11,3
2.0,2,1,1600,1130,44.8653,-93.4749,0,0,1,0,8,10,2
2.0,2,1,1544,1130,36.0402,-86.6385,1,1,0,10,4,11,6
2.0,3,1,1399,1130,35.0696,-80.6299,1,1,0,1,4,11,6
2.0,2,1,1371,1130,35.7887,-78.6531,1,1,0,4,99,1,2
1.5,3,1,1350,1130,36.0284,-78.9059,1,1,0,0,0,11,3
2.0,2,1,1200,1130,35.6101,-78.4715,1,1,0,9,99,22,1
2.0,2,1,1145,1130,41.5486,-90.5922,1,1,0,0,3,12,6
2.0,2,1,900,1130,46.8608,-96.8096,1,1,0,4,0,11,3
2.0,2,1,890,1130,43.5329,-96.7265,1,1,0,0,3,12,6
2.0,3,1,640,1130,35.8806,-80.0821,0,0,1,0,99,20,1
2.0,2,1,1778,1131,35.7128,-78.6589,0,0,1,2,1,11,2
2.0,2,1,1514,1131,27.3216,-82.4763,0,0,1,2,99,19,1
2.0,2,1,1328,1131,36.7434,-76.2257,0,0,1,2,99,19,1
1.5,3,1,645,1131,39.0379,-83.1012,0,0,1,8,99,2,2
2.0,3,1,2295,1132,42.1246,-71.1089,0,0,1,5,99,18,1
2.0,2,1,2065,1132,47.6829,-122.1209,0,0,1,3,99,3,2
2.0,2,1,1765,1132,47.4608,-122.2095,0,0,1,3,99,4,2
1.0,2,1,1700,1132,45.5091,-122.6449,0,0,1,0,0,11,3
1.0,3,1,1365,1132,43.0724,-89.4003,1,0,0,1,4,11,6
2.0,2,1,895,1132,35.2441,-97.4144,1,1,0,6,99,3,2
2.0,2,1,2900,1133,47.616,-122.3275,1,1,0,0,3,12,6
2.0,2,1,1610,1133,41.7773,-72.5249,1,1,0,5,99,3,2
2.0,2,1,1130,1133,40.4261,-79.7631,0,0,1,2,99,4,2
2.0,2,1,979,1133,29.4624,-98.5253,0,0,1,0,0,11,3
2.0,2,1,3090,1134,40.789,-74.0122,1,1,0,7,99,2,2
1.0,2,1,2450,1134,40.0054,-75.1415,1,1,0,0,0,11,3
2.0,2,1,1931,1134,39.0747,-76.7017,0,0,1,4,99,3,2
2.0,2,1,1800,1134,39.736,-104.9819,1,1,0,1,0,11,3
1.0,3,1,1699,1134,38.5587,-121.432,1,1,0,1,4,11,6
1.5,2,1,1500,1134,42.422,-83.4721,0,1,0,0,0,11,3
2.0,3,1,1375,1134,35.6101,-78.4715,1,1,0,0,3,12,6
2.0,3,1,1375,1134,35.6101,-78.4715,1,1,0,0,8,11,2
2.0,3,1,1325,1134,32.7636,-97.8034,1,1,0,0,0,11,3
1.5,2,1,930,1134,41.6371,-81.417,0,0,1,1,99,19,1
2.0,2,1,3565,1135,40.789,-74.0122,1,1,0,2,99,2,2
2.0,2,1,2650,1135,40.8367,-74.1027,1,1,0,5,99,1,2
2.0,2,0,1745,1135,32.4797,-96.9807,0,0,1,2,99,4,2
2.0,2,0,1685,1135,32.4797,-96.9807,0,0,1,2,99,4,2
2.0,3,1,1125,1135,39.7953,-86.1387,1,1,0,4,0,11,3
2.0,2,1,3167,1136,47.6869,-122.1896,0,0,1,1,99,2,2
2.5,2,1,2345,1136,45.5091,-122.6449,1,1,0,0,0,11,3
2.0,2,1,1460,1136,36.4688,-78.2924,1,1,0,14,99,0,2
2.0,2,1,1270,1136,32.8281,-97.145,0,0,1,1,99,3,2
2.0,2,1,1220,1136,36.2336,-115.2906,0,0,1,0,99,18,1
2.0,1,1,1185,1136,43.1921,-89.2195,1,0,0,8,4,11,6
1.0,2,1,1145,1136,39.3754,-76.8054,1,1,0,11,99,4,2
1.0,2,1,1105,1136,39.3754,-76.8054,1,1,0,11,99,4,2
1.0,2,1,1065,1136,39.3754,-76.8054,1,1,0,11,99,4,2
2.0,3,1,1119,1137,29.5364,-81.2274,0,0,1,3,0,21,2
2.0,3,1,1890,1138,39.0984,-76.9349,1,1,0,1,99,23,1
1.0,3,1,1650,1138,43.0724,-89.4003,1,0,0,3,0,11,3
2.0,2,1,1525,1138,32.5807,-97.138,1,1,0,5,99,4,2
2.0,2,1,1525,1138,32.5807,-97.138,1,1,0,6,99,4,2
2.0,2,1,1400,1138,40.6057,-80.2842,0,0,1,2,99,3,2
2.0,2,1,1250,1138,41.6595,-91.535,0,0,1,6,0,11,3
1.5,2,1,1009,1138,28.9283,-81.9227,1,1,0,0,0,11,3
2.5,2,1,1000,1138,30.4415,-91.1012,1,1,0,0,16,11,1
2.0,2,1,2040,1139,41.7566,-72.689,0,0,1,3,99,3,2
2.0,2,1,1900,1139,41.8407,-72.7423,0,0,1,7,99,3,2
2.0,2,1,1595,1139,34.0467,-84.3786,1,1,0,0,99,4,2
2.0,3,1,995,1139,42.0259,-93.6516,0,0,1,0,0,11,3
2.0,3,1,5000,1140,37.3905,-122.0796,1,1,0,1,0,11,3
2.0,2,1,3750,1140,40.722,-74.0644,0,0,1,3,99,4,2
2.0,2,1,3650,1140,40.722,-74.0644,0,0,1,3,99,4,2
2.0,2,1,1400,1140,42.4869,-92.3426,1,1,0,2,0,11,3
2.0,2,1,1395,1140,40.5059,-80.1869,0,0,1,10,99,3,2
2.0,2,1,1280,1140,36.1198,-115.0497,0,0,1,3,99,18,1
1.5,2,1,1245,1140,39.7475,-75.0223,1,1,0,9,99,2,2
2.0,2,1,1092,1140,40.4256,-79.7634,1,1,0,7,6,21,3
2.0,2,1,1065,1140,36.8381,-76.152,1,1,0,6,99,20,1
2.0,2,1,1050,1140,43.4614,-88.8407,1,1,0,7,0,11,3
2.0,3,1,1049,1140,33.7218,-84.744,1,1,0,1,4,11,6
2.0,2,1,775,1140,46.8608,-96.8096,1,1,0,3,0,11,3
1.0,2,1,750,1140,40.3613,-86.9005,1,1,0,0,3,12,6
2.0,2,1,3489,1141,34.0998,-118.3265,0,0,1,3,99,20,1
2.0,2,1,1584,1141,40.0083,-75.0101,0,0,1,4,99,3,2
2.0,2,1,1483,1141,36.1036,-80.2159,0,0,1,0,99,18,1
2.0,2,1,1419,1141,34.1222,-84.2975,0,0,1,6,99,0,2
2.0,2,1,1295,1141,43.0724,-89.4003,1,1,0,9,4,11,6
2.0,2,1,1552,1142,38.9002,-104.7019,1,1,0,3,99,2,2
2.0,2,1,2400,1143,25.7681,-80.2033,0,0,1,8,11,10,6
2.0,2,1,2000,1143,32.8212,-96.7853,0,0,1,0,0,11,3
2.0,2,1,1175,1143,35.8269,-78.8335,1,1,0,1,99,23,1
2.0,2,1,990,1143,36.1147,-80.0915,1,1,0,3,99,19,1
2.0,2,1,4272,1144,40.722,-74.0644,1,1,0,3,99,4,2
2.0,2,1,2195,1144,47.4831,-122.1298,0,0,1,4,99,4,2
2.0,2,1,2191,1144,40.3663,-74.6688,1,1,0,1,99,4,2
2.0,2,1,1500,1144,32.8212,-96.7853,0,0,1,2,0,11,3
2.0,2,1,1123,1144,35.7589,-78.778,1,1,0,8,99,22,1
2.0,2,1,1119,1144,35.7589,-78.778,1,1,0,9,99,22,1
2.0,2,1,1118,1144,35.7589,-78.778,1,1,0,5,99,22,1
2.0,2,1,825,1144,43.7815,-88.4411,1,1,0,4,0,11,3
2.0,2,1,1895,1145,36.8532,-76.2902,0,0,1,1,99,21,1
2.0,2,1,1450,1145,35.9999,-78.9413,0,0,1,4,99,3,2
1.5,1,1,1065,1145,43.5329,-96.7265,1,1,0,0,0,11,3
1.5,1,1,1065,1145,43.5329,-96.7265,1,1,0,0,0,11,3
2.0,2,1,2689,1147,39.2144,-76.8797,1,1,0,0,99,2,2
2.0,2,1,900,1147,33.873,-84.112,0,0,1,3,6,21,3
3.0,3,1,2835,1148,39.9974,-82.9829,0,0,1,9,8,10,2
2.0,2,1,2400,1148,30.3054,-97.7497,1,1,0,0,0,11,3
2.0,2,1,2195,1148,39.1649,-76.7156,1,1,0,0,0,20,2
2.0,2,1,1850,1148,39.1535,-84.4264,0,0,1,1,99,0,2
2.0,2,1,1095,1148,35.98,-114.8345,0,0,1,6,14,22,2
1.5,2,1,1025,1148,36.5351,-87.3442,0,1,0,0,8,11,2
1.0,1,1,5900,1149,37.7599,-122.4379,1,1,0,1,0,11,3
2.0,2,1,1270,1149,30.3054,-97.7497,1,1,0,0,3,12,6
2.0,2,1,5790,1150,34.063,-118.4363,0,0,1,5,99,19,1
2.0,2,1,3750,1150,34.0231,-118.4811,1,1,0,0,0,11,3
1.5,2,1,2695,1150,34.0372,-118.2972,1,1,0,0,0,11,3
1.0,4,1,2400,1150,43.0724,-89.4003,1,0,0,6,8,10,2
2.0,2,1,2325,1150,42.5067,-83.1545,1,1,0,0,0,11,3
2.0,2,1,2171,1150,47.6829,-122.1209,0,0,1,3,99,3,2
2.0,2,1,2101,1150,47.6829,-122.1209,0,0,1,4,99,3,2
2.0,2,1,1995,1150,41.4682,-73.3892,1,1,0,0,0,11,3
2.0,4,1,1900,1150,40.1171,-88.1889,0,0,1,0,0,11,3
1.0,1,1,1900,1150,34.1474,-118.1391,0,0,1,3,99,4,2
1.5,2,1,1800,1150,40.855,-74.2778,0,0,1,3,99,23,1
1.5,3,1,1488,1150,39.4276,-76.7727,1,1,0,9,99,4,2
1.5,2,1,1450,1150,33.5178,-112.0848,1,1,0,0,0,11,3
2.0,2,1,1429,1150,30.3054,-97.7497,1,1,0,0,3,12,6
2.0,3,1,1350,1150,36.2643,-86.712,1,1,0,7,0,11,3
1.0,2,1,1150,1150,40.5734,-111.8511,0,0,1,2,2,21,0
1.0,2,1,1150,1150,40.6149,-111.8816,0,0,1,0,8,11,2
2.0,2,1,1130,1150,33.9295,-84.4662,1,1,0,2,99,4,2
1.0,3,1,1050,1150,42.0259,-93.6516,1,1,0,3,0,11,3
1.5,3,1,1050,1150,42.0259,-93.6516,1,1,0,0,0,11,3
2.0,2,1,925,1150,31.0283,-97.6473,1,1,0,7,2,11,1
1.5,2,1,895,1150,34.7754,-84.9497,0,0,1,0,3,12,6
1.5,2,1,875,1150,33.8091,-84.238,0,0,1,6,99,1,2
1.0,3,1,850,1150,43.047,-76.156,0,0,1,1,3,21,6
1.5,2,1,775,1150,33.8091,-84.238,0,0,1,6,99,1,2
1.5,2,1,775,1150,33.8091,-84.238,0,0,1,6,99,1,2
1.5,2,1,775,1150,33.8091,-84.238,0,0,1,6,99,1,2
2.5,2,0,709,1150,35.2314,-97.5069,0,0,1,0,99,4,2
2.0,2,1,2710,1151,40.7647,-74.2119,1,1,0,12,99,18,1
1.0,1,1,2375,1151,41.5073,-81.6046,0,0,1,2,99,19,1
1.5,3,1,1875,1152,40.5649,-105.0824,1,1,0,0,0,11,3
2.0,2,1,1825,1152,27.2467,-82.4882,0,0,1,3,99,20,1
2.0,3,0,1795,1152,39.0747,-76.7017,0,0,1,3,99,3,2
2.0,2,1,1554,1152,40.1612,-104.9655,0,0,1,0,99,23,1
2.0,3,1,1475,1152,33.6047,-112.2456,1,1,0,6,0,11,3
2.0,2,1,1249,1152,40.1991,-88.393,1,1,0,0,0,11,3
2.0,3,1,1244,1152,32.9158,-96.8961,0,0,1,0,99,21,1
2.0,2,1,1005,1152,36.0909,-79.9272,0,0,1,5,99,20,1
2.5,2,1,1000,1152,37.3961,-79.1892,0,1,0,0,0,11,3
2.0,2,1,797,1152,36.1147,-80.0915,1,1,0,5,99,19,1
2.0,3,1,795,1152,32.0391,-94.8859,1,1,0,0,0,11,3
1.5,2,1,780,1152,35.471,-97.5299,1,1,0,0,8,11,2
2.0,2,1,1277,1153,30.3054,-97.7497,1,1,0,0,3,12,6
2.0,2,1,650,1153,33.1932,-87.5349,0,0,1,0,3,12,6
2.0,2,1,2347,1154,33.9566,-118.117,1,1,0,4,99,23,1
2.0,2,1,1700,1154,38.9577,-104.7566,1,1,0,3,99,2,2
2.0,2,1,1179,1154,35.6101,-78.4715,1,1,0,11,99,22,1
2.0,2,1,1179,1154,35.6101,-78.4715,1,1,0,11,99,22,1
2.0,2,1,1095,1154,33.6795,-84.1596,1,1,0,9,99,2,2
2.0,2,1,1095,1154,33.6795,-84.1596,1,1,0,9,99,2,2
2.0,2,1,1095,1154,33.6795,-84.1596,1,1,0,9,99,2,2
2.0,2,1,1095,1154,33.6795,-84.1596,1,1,0,9,99,2,2
2.0,2,1,1062,1154,36.0746,-79.0777,1,1,0,11,99,19,1
2.0,2,1,930,1154,33.4632,-94.0736,0,0,1,0,99,0,2
1.5,1,1,2950,1155,34.1474,-118.1391,0,0,1,1,99,4,2
2.0,2,1,2300,1155,32.7876,-117.1265,1,0,0,0,0,11,3
2.0,4,1,2000,1155,39.9974,-82.9829,0,0,1,2,8,10,2
2.0,3,1,1420,1155,36.193,-115.2946,0,0,1,18,99,18,1
1.5,3,1,975,1155,42.0259,-93.6516,0,0,1,0,0,11,3
1.0,2,1,965,1156,33.7288,-84.2099,0,0,1,0,99,2,2
2.0,2,1,1300,1157,39.3191,-76.6126,1,1,0,0,0,11,3
2.0,2,1,2203,1158,39.0359,-76.6726,0,0,1,2,99,2,2
2.0,2,1,1945,1158,38.8826,-76.7646,1,1,0,2,99,21,1
2.0,2,1,1454,1158,32.6548,-97.1587,0,0,1,6,99,2,2
2.0,2,1,1515,1159,39.1088,-77.2384,0,0,1,3,99,0,2
2.0,2,1,1349,1159,35.524,-81.5988,1,1,0,13,99,4,2
2.0,3,1,962,1159,39.8054,-84.0178,0,0,1,7,99,1,2
2.0,2,1,2205,1160,37.1892,-93.2908,1,1,0,6,0,11,3
2.0,2,1,1525,1160,43.1984,-73.6783,1,1,0,0,0,11,3
2.5,2,1,1191,1160,39.3374,-84.4058,0,0,1,4,99,23,1
2.0,2,1,1095,1160,33.9295,-84.4662,0,0,1,12,99,4,2
2.0,2,1,2140,1161,47.7179,-122.2059,0,0,1,6,99,2,2
2.0,2,1,1922,1161,38.9645,-76.9637,1,1,0,5,99,21,1
2.0,2,1,1185,1161,39.267,-84.2921,0,0,1,2,99,23,1
2.0,2,1,1776,1162,32.9661,-96.7988,1,1,0,3,99,23,1
2.0,2,1,1690,1162,32.8123,-96.8146,1,1,0,7,99,20,1
2.0,3,1,1650,1162,25.4867,-80.4599,0,0,1,3,11,21,5
2.5,2,1,1240,1162,35.9907,-78.9074,0,0,1,4,99,3,2
2.5,2,0,1240,1162,35.9907,-78.9074,1,1,0,3,99,3,2
2.5,2,0,1140,1162,35.9751,-78.8392,0,0,1,2,99,2,2
2.0,2,1,2385,1163,40.7925,-74.0215,0,0,1,2,99,1,2
1.5,2,1,1550,1163,32.8212,-96.7853,0,0,1,3,0,11,3
2.0,3,1,1150,1163,47.9179,-97.0658,1,1,0,0,0,11,3
2.0,2,1,4360,1164,34.0263,-118.4732,0,0,1,4,99,1,2
2.0,2,1,4207,1164,40.722,-74.0644,1,1,0,2,99,4,2
1.5,2,1,2200,1164,33.8154,-118.037,0,0,1,7,1,9,2
2.0,2,1,1625,1164,40.1068,-74.341,1,1,0,6,99,4,2
1.5,2,1,1150,1164,32.8239,-96.681,0,0,1,7,99,21,1
2.0,3,1,1299,1165,35.4796,-80.8231,1,1,0,3,0,11,3
1.0,1,1,1210,1166,30.5797,-98.2721,1,1,0,0,0,11,3
1.5,3,1,1025,1166,34.7264,-92.348,1,1,0,0,3,12,6
2.0,2,1,4120,1167,34.0394,-118.2656,0,0,1,1,99,18,1
2.0,2,1,1510,1167,39.4276,-76.7727,0,0,1,7,99,4,2
1.5,2,1,1250,1167,43.5329,-96.7265,0,0,1,0,0,11,3
2.0,2,1,2050,1168,39.0873,-77.1745,1,1,0,8,99,22,1
2.0,2,1,2020,1168,39.1008,-76.8827,1,1,0,3,99,19,1
2.0,3,1,1400,1168,38.8098,-89.9522,0,0,1,0,0,11,3
2.0,2,1,1205,1169,32.8255,-97.1039,1,1,0,10,99,4,2
2.0,2,1,7900,1170,34.079,-118.379,1,1,0,11,99,21,1
2.0,5,1,7400,1170,37.7599,-122.4379,0,0,1,0,0,11,3
2.0,2,1,2042,1170,47.6124,-122.1427,0,0,1,1,99,0,2
2.0,3,1,1650,1170,35.2016,-80.8124,1,1,0,4,0,11,3
2.0,2,1,1561,1170,33.7848,-84.3922,1,1,0,0,0,11,3
1.0,1,1,1534,1170,32.829,-96.8458,1,1,0,1,99,22,1
3.0,3,1,1515,1170,35.6066,-77.3928,1,0,0,0,0,11,3
2.0,2,1,1309,1170,34.0007,-84.4665,0,0,1,3,99,3,2
1.0,1,1,3036,1171,32.8212,-96.7853,1,1,0,0,0,11,3
2.0,2,1,2350,1171,34.1275,-118.0494,0,0,1,5,99,3,2
2.0,2,1,1885,1171,40.2091,-74.0584,1,1,0,5,99,0,2
2.0,4,1,1599,1171,39.0527,-121.6393,1,1,0,2,0,11,3
2.0,2,1,1465,1171,38.7394,-104.6352,0,0,1,4,99,2,2
2.0,2,1,1450,1171,38.7394,-104.6352,0,0,1,4,99,2,2
2.0,2,1,1370,1171,27.0533,-82.1205,0,0,1,1,99,20,1
2.0,2,1,1300,1171,37.0435,-76.3397,1,1,0,6,99,22,1
1.5,2,1,960,1171,41.4712,-81.5155,0,0,1,2,99,20,1
2.0,3,1,1299,1172,35.4047,-80.6098,1,1,0,2,4,11,6
2.0,2,1,1505,1173,35.2314,-97.5069,0,0,1,7,99,4,2
2.0,2,0,1175,1173,39.3754,-76.8054,1,1,0,11,99,4,2
2.0,2,1,1125,1173,35.6217,-97.4702,1,1,0,3,99,3,2
2.0,2,1,1075,1173,35.6217,-97.4702,0,0,1,3,99,3,2
2.0,2,1,1075,1173,35.6217,-97.4702,1,1,0,3,99,3,2
1.0,3,1,1349,1174,28.0076,-82.4792,1,1,0,1,4,11,6
2.0,2,0,845,1174,33.6915,-84.2523,0,0,1,0,99,2,2
2.0,2,1,2185,1175,42.451,-71.227,1,1,0,2,99,22,1
2.0,2,1,1699,1175,28.0076,-82.4792,1,1,0,0,0,11,3
2.0,3,1,1475,1175,39.4915,-76.6609,1,1,0,9,99,1,2
2.0,2,1,1435,1175,39.4276,-76.7727,0,0,1,7,99,4,2
2.0,2,1,1400,1175,39.8587,-74.8101,0,0,1,1,99,3,2
2.0,2,1,1285,1175,39.4432,-74.5117,0,0,1,4,99,3,2
2.0,2,1,1285,1175,39.4432,-74.5117,0,0,1,4,99,3,2
2.0,2,0,1260,1175,39.4432,-74.5117,0,0,1,2,99,3,2
2.0,2,1,3000,1176,33.8318,-116.5437,0,0,1,0,0,11,3
2.0,2,0,2766,1176,34.152,-118.0876,1,1,0,1,99,4,2
1.0,4,1,2350,1176,43.0724,-89.4003,1,0,0,1,4,11,6
2.0,3,1,1499,1176,28.0076,-82.4792,1,1,0,1,0,11,3
1.0,3,1,1450,1176,43.0724,-89.4003,0,0,1,1,4,11,6
2.0,3,1,1300,1176,37.6249,-77.4948,0,0,1,4,1,22,1
2.0,3,1,1275,1176,35.4047,-80.6098,1,1,0,2,0,11,3
1.0,3,1,1199,1176,33.5944,-112.1837,1,1,0,4,0,11,3
2.0,2,1,1915,1177,30.3054,-97.7497,1,1,0,0,0,11,3
2.0,2,1,1500,1177,41.2473,-81.8259,1,1,0,0,0,11,3
2.0,3,1,1250,1177,35.3537,-96.8923,1,1,0,0,3,12,6
2.0,2,1,1219,1177,33.9222,-84.0725,1,1,0,10,99,3,2
2.0,4,1,2699,1178,32.7876,-117.1265,1,1,0,0,0,11,3
1.0,2,1,2000,1178,33.7848,-84.3922,0,1,0,0,8,11,2
2.0,2,1,1589,1178,39.0984,-76.9349,0,0,1,5,99,23,1
2.0,2,1,1589,1178,39.0984,-76.9349,1,1,0,5,99,23,1
2.0,2,1,1174,1178,35.9998,-79.9305,0,0,1,3,99,19,1
2.0,2,1,1450,1179,36.2113,-115.2938,0,0,1,2,99,19,1
2.0,2,1,1445,1179,41.6977,-71.1501,0,0,1,8,99,0,2
2.0,2,1,999,1179,40.8062,-96.6778,1,0,0,8,0,11,3
2.0,2,1,1995,1180,42.0271,-71.1015,0,0,1,4,99,22,1
2.0,2,1,1825,1180,40.0711,-74.1117,1,1,0,6,99,4,2
2.0,2,1,1479,1180,34.025,-84.3128,0,0,1,3,99,4,2
1.0,2,1,1220,1180,39.0744,-94.5521,1,1,0,5,4,11,6
1.5,2,1,1159,1180,33.9351,-84.5289,0,0,1,4,99,3,2
1.5,2,1,945,1180,31.7872,-93.1282,1,1,0,0,0,11,3
2.0,2,1,1488,1181,34.0072,-84.0034,0,0,1,2,99,2,2
2.0,3,1,1027,1181,39.5475,-119.7975,0,0,1,6,99,21,1
2.0,2,1,2200,1182,41.8729,-70.6414,1,1,0,4,99,22,1
2.0,2,1,1939,1182,36.8532,-76.2902,0,0,1,0,99,21,1
2.0,2,1,1675,1182,39.0947,-76.8189,0,0,1,1,99,20,1
2.0,3,1,1399,1182,35.2016,-80.8124,1,1,0,1,0,11,3
2.0,3,1,1300,1182,36.1554,-115.1733,1,1,0,4,0,11,3
2.0,3,1,1225,1182,42.9173,-83.6285,0,0,1,4,15,21,1
2.0,2,1,1210,1182,33.8737,-84.5097,0,0,1,2,99,4,2
2.0,2,1,3080,1183,40.7985,-77.8612,1,1,0,10,0,11,3
2.0,2,1,1650,1183,36.8532,-76.2902,0,0,1,3,99,21,1
2.0,2,1,1635,1183,36.8532,-76.2902,1,1,0,3,99,21,1
2.0,2,1,1497,1183,34.2088,-84.1351,0,0,1,1,99,1,2
1.0,2,1,1195,1183,36.2084,-119.3406,1,0,0,0,0,11,3
2.0,3,1,969,1183,35.823,-78.6438,1,1,0,6,99,1,2
2.0,2,1,1795,1184,41.8407,-72.7423,0,0,1,7,99,3,2
2.0,2,1,1292,1184,39.4853,-84.382,0,0,1,13,99,23,1
2.0,2,1,1880,1185,27.2829,-82.475,0,0,1,4,99,19,1
2.0,2,1,1850,1185,36.8623,-76.0114,0,0,1,1,99,19,1
2.0,2,1,1742,1185,39.0459,-104.8179,1,1,0,2,99,2,2
1.0,1,1,1730,1185,39.1535,-84.4264,0,0,1,1,99,0,2
2.0,2,1,1700,1185,47.4081,-122.3162,1,1,0,6,0,11,3
2.0,2,1,1550,1185,39.698,-105.1559,0,0,1,3,99,20,1
2.0,2,1,1490,1185,39.0459,-104.8179,0,0,1,2,99,2,2
2.0,2,1,1635,1186,34.0791,-84.2039,1,1,0,8,99,0,2
1.0,3,1,1495,1186,43.0724,-89.4003,1,1,0,1,4,11,6
2.0,3,1,1450,1186,41.6475,-93.4713,1,1,0,0,0,11,3
2.0,2,1,1310,1186,35.823,-78.6438,0,0,1,3,99,0,2
2.0,2,1,1260,1186,33.9222,-84.0725,1,1,0,2,99,3,2
2.0,2,1,1165,1186,35.5626,-78.2042,0,0,1,3,99,0,2
1.5,2,1,825,1186,35.7585,-78.7783,0,0,1,7,99,21,1
2.0,2,1,1675,1187,38.7418,-77.4684,1,1,0,2,7,22,2
2.0,2,1,1524,1187,35.2314,-97.5069,0,0,1,7,99,4,2
2.0,2,1,1509,1187,28.2966,-81.6162,0,0,1,5,99,22,1
2.0,3,1,1445,1187,35.3753,-119.0319,0,0,1,0,0,11,3
1.0,2,1,1090,1187,42.0259,-93.6516,1,1,0,0,4,11,6
2.0,3,1,2300,1188,45.5091,-122.6449,0,0,1,0,3,12,6
2.0,2,1,1699,1188,34.0072,-84.0034,1,1,0,3,99,2,2
1.0,2,1,1695,1189,43.0724,-89.4003,1,1,0,1,4,11,6
2.0,2,1,1534,1189,36.0993,-115.2838,0,0,1,0,99,20,1
2.0,2,1,1159,1189,35.7798,-78.6231,0,0,1,0,99,3,2
1.0,3,1,850,1189,32.4645,-93.7879,1,1,0,0,0,11,3
3.0,2,1,2195,1190,41.2562,-96.0404,1,1,0,0,3,12,6
2.0,2,1,1875,1190,39.8889,-74.9116,0,0,1,2,99,2,2
2.0,2,1,1800,1190,43.0724,-89.4003,1,0,0,10,4,11,6
2.0,2,1,1663,1190,33.8737,-84.5097,0,0,1,4,99,4,2
2.0,2,1,1503,1190,37.6202,-77.6128,1,1,0,5,99,18,1
1.0,1,1,1470,1190,32.0057,-102.1036,1,1,0,9,0,11,3
2.0,2,1,3776,1191,34.0998,-118.3265,1,1,0,0,99,20,1
2.0,2,1,2049,1191,40.6623,-74.2087,1,1,0,0,0,11,3
2.0,2,1,1510,1191,36.1536,-115.1965,1,1,0,0,99,20,1
1.0,2,1,1495,1191,45.6558,-122.5888,1,1,0,0,0,11,3
2.0,4,1,2395,1192,43.0724,-89.4003,0,0,1,5,4,11,6
2.0,3,1,2100,1192,39.1471,-86.5136,0,0,1,0,8,11,2
2.0,2,0,1820,1192,39.1649,-76.7156,1,1,0,7,99,3,2
2.0,2,1,1750,1192,42.7242,-84.477,1,1,0,4,0,11,3
2.0,3,1,1349,1192,29.7714,-95.4343,1,1,0,2,0,11,3
1.0,3,1,1482,1193,45.0684,-93.3317,0,0,1,3,0,11,3
1.0,3,1,1299,1193,32.7835,-96.6121,1,1,0,1,4,12,6
1.0,2,1,642,1193,40.2057,-85.4,1,1,0,3,0,11,3
2.0,2,1,1210,1194,35.6714,-79.1694,0,0,1,6,99,23,1
2.0,2,1,1850,1195,32.8004,-96.7887,0,0,1,6,1,10,2
2.0,2,1,1850,1195,32.8004,-96.7887,0,0,1,6,1,11,2
2.0,2,1,1845,1195,39.0459,-104.8179,1,1,0,2,99,2,2
2.0,2,1,1500,1195,41.2473,-81.8259,1,1,0,5,0,11,3
2.0,2,1,1500,1195,41.2473,-81.8259,1,1,0,0,0,11,3
2.0,2,1,1177,1195,33.873,-84.112,1,1,0,5,99,3,2
2.0,2,1,1170,1195,36.1698,-115.2788,1,1,0,4,99,19,1
2.0,2,1,1092,1195,33.873,-84.112,1,1,0,5,99,3,2
2.0,2,1,2250,1196,41.0905,-73.4311,0,0,1,4,0,22,2
2.0,3,1,1320,1196,39.0744,-94.5521,1,1,0,6,0,11,3
2.0,3,1,713,1196,41.1555,-104.8204,1,1,0,1,0,11,3
2.0,2,1,2875,1197,40.855,-74.2778,1,1,0,0,16,11,1
2.0,2,1,2250,1197,32.7994,-116.9256,0,0,1,0,3,12,6
2.0,3,1,1804,1197,39.043,-76.9077,0,0,1,3,99,19,1
1.5,3,1,1595,1197,45.5223,-122.9416,1,1,0,0,0,11,3
2.0,3,1,2000,1198,37.3108,-121.8645,1,1,0,0,0,11,3
2.0,2,1,1215,1198,33.5178,-112.0848,1,1,0,4,0,11,3
2.0,2,1,1145,1198,39.0744,-94.5521,1,1,0,11,4,11,6
2.0,3,0,2016,1199,47.8616,-122.2729,0,0,1,4,99,4,2
2.0,2,1,1295,1199,41.743,-91.6014,1,1,0,7,0,11,3
1.5,3,1,5995,1200,37.7599,-122.4379,0,0,1,0,3,12,6
1.5,2,1,4950,1200,37.8726,-122.2707,1,1,0,0,0,11,3
2.0,2,1,3495,1200,34.0372,-118.2972,1,1,0,0,0,11,3
2.0,2,1,3490,1200,34.0372,-118.2972,1,1,0,0,0,11,3
2.0,2,1,3395,1200,33.8056,-118.1696,1,1,0,0,16,11,1
2.0,3,1,3120,1200,40.0054,-75.1415,1,1,0,0,0,11,3
2.0,2,1,2900,1200,40.7462,-74.0349,0,0,1,1,99,0,2
2.0,3,1,2805,1200,33.8,-117.8367,0,0,1,0,8,10,2
2.0,3,1,2800,1200,33.8056,-118.1696,0,0,1,0,0,11,3
1.5,2,1,2800,1200,42.4585,-71.0609,0,0,1,2,99,21,1
1.0,3,1,2700,1200,41.8729,-70.6414,0,0,1,2,22,0,2
2.0,2,1,2550,1200,41.8625,-87.6825,1,1,0,3,8,10,2
2.0,4,1,2550,1200,42.4299,-71.0581,0,0,1,2,11,21,5
1.0,1,1,2460,1200,40.8488,-73.9736,1,1,0,4,99,0,2
2.0,2,1,2399,1200,33.7848,-84.3922,1,1,0,0,0,11,3
2.0,3,1,2320,1200,39.0017,-77.0353,0,0,1,3,99,1,2
2.0,2,1,2025,1200,40.0054,-75.1415,1,0,0,0,0,11,3
2.0,2,1,2022,1200,38.9974,-76.8818,0,0,1,3,99,21,1
1.0,2,1,2000,1200,41.111,-73.4219,0,0,1,1,25,21,5
2.0,2,1,1950,1200,39.1679,-84.4933,1,1,0,1,4,11,6
1.0,3,1,1925,1200,41.8625,-87.6825,1,1,0,0,0,11,3
2.0,4,1,1920,1200,39.9974,-82.9829,0,0,1,2,8,10,2
1.0,2,1,1900,1200,42.4299,-71.0581,0,0,1,4,0,22,2
2.0,2,1,1810,1200,39.0761,-77.1247,1,1,0,0,0,20,2
2.0,2,1,1800,1200,40.0054,-75.1415,1,1,0,2,0,11,3
2.0,2,1,1799,1200,32.8261,-96.7472,0,0,1,1,99,20,1
2.0,2,1,1770,1200,39.4276,-76.7727,0,0,1,5,99,4,2
2.0,2,1,1755,1200,32.829,-96.8458,0,0,1,7,99,22,1
1.0,1,1,1750,1200,32.7251,-117.2365,0,0,1,4,1,10,2
1.0,4,1,1695,1200,38.041,-78.4898,0,0,1,0,3,12,6
1.0,3,1,1695,1200,40.4545,-79.9011,0,0,1,5,99,4,2
1.0,2,1,1650,1200,41.8625,-87.6825,1,1,0,0,0,11,3
2.0,2,1,1650,1200,45.5091,-122.6449,0,0,1,0,3,12,6
1.0,2,1,1650,1200,43.0724,-89.4003,1,1,0,6,8,10,2
4.0,4,1,1616,1200,30.4415,-91.1012,1,0,0,0,0,11,3
1.0,3,1,1599,1200,43.0531,-87.9659,0,0,1,5,12,11,5
1.5,2,1,1560,1200,41.8407,-72.7423,0,0,1,2,99,3,2
1.0,2,1,1550,1200,30.6378,-81.4612,0,0,1,0,0,11,3
1.5,2,1,1550,1200,42.2711,-83.745,1,1,0,0,0,11,3
2.0,2,1,1540,1200,28.4991,-81.5295,1,1,0,6,99,23,1
2.0,3,1,1500,1200,39.9974,-82.9829,1,0,0,3,12,11,5
1.0,2,1,1499,1200,39.5358,-119.8373,1,1,0,3,99,21,1
1.5,3,1,1495,1200,45.0201,-93.4623,1,1,0,0,0,11,3
2.5,3,1,1495,1200,39.0146,-94.2843,1,1,0,0,19,13,4
2.0,2,1,1431,1200,28.4991,-81.5295,0,0,1,2,99,23,1
2.0,2,1,1400,1200,47.5968,-122.7026,0,0,1,0,3,12,6
1.0,2,1,1400,1200,41.9392,-71.3028,0,0,1,2,99,0,2
2.0,2,1,1395,1200,41.6977,-71.1501,0,0,1,14,99,0,2
2.0,2,1,1395,1200,41.6977,-71.1501,0,0,1,6,99,0,2
1.0,0,1,1375,1200,41.8625,-87.6825,1,0,0,0,0,11,3
2.0,3,1,1350,1200,29.8055,-98.1548,1,1,0,0,0,11,3
2.0,3,1,1350,1200,39.0146,-94.2843,1,1,0,7,4,11,6
1.0,2,1,1335,1200,39.9539,-74.9955,0,0,1,3,99,2,2
1.0,2,1,1325,1200,41.7609,-72.7477,0,0,1,3,99,4,2
1.0,2,1,1300,1200,38.6274,-90.304,1,1,0,4,8,11,2
2.0,2,1,1260,1200,41.4983,-81.6437,0,0,1,1,99,21,1
1.0,2,1,1255,1200,43.5329,-96.7265,1,1,0,6,0,11,3
1.0,3,1,1250,1200,47.6794,-117.4018,0,0,1,1,0,11,3
1.0,3,1,1250,1200,41.2562,-96.0404,1,1,0,0,0,11,3
2.0,2,1,1225,1200,43.3044,-88.3646,1,1,0,6,4,11,6
1.0,3,1,1200,1200,38.8098,-89.9522,0,0,1,0,3,12,6
1.5,2,1,1200,1200,41.3846,-81.7912,1,1,0,0,99,21,1
2.0,3,1,1199,1200,34.0505,-81.0098,1,1,0,2,0,11,3
2.0,2,1,1185,1200,35.081,-85.2968,1,1,0,5,0,11,3
1.5,2,1,1140,1200,41.3846,-81.7912,1,1,0,1,99,21,1
2.0,2,1,1118,1200,33.9295,-84.4662,1,1,0,7,99,4,2
2.0,2,1,1115,1200,41.4983,-81.6437,0,0,1,0,99,21,1
2.0,3,1,1105,1200,35.8199,-90.7016,1,1,0,3,0,21,2
1.0,1,1,1100,1200,39.4736,-81.4792,0,0,1,0,3,12,6
2.0,2,1,1095,1200,42.7162,-92.4256,1,1,0,6,0,11,3
2.5,2,1,1000,1200,33.0769,-83.3032,1,1,0,0,0,11,3
2.0,3,1,1000,1200,26.19,-97.7023,0,1,0,2,0,11,3
2.5,2,1,999,1200,34.8583,-82.3915,1,1,0,0,0,11,3
1.5,2,1,950,1200,37.7262,-89.2229,1,1,0,0,0,11,3
1.0,2,1,945,1200,35.471,-97.5299,0,0,1,0,0,11,3
2.0,3,1,935,1200,36.3741,-94.2105,1,1,0,0,0,11,3
1.5,2,1,925,1200,33.9217,-84.8634,0,0,1,0,4,12,6
1.0,2,1,925,1200,44.8956,-122.5661,0,0,1,0,11,21,5
1.0,2,1,921,1200,41.5846,-87.1747,1,1,0,0,0,11,3
2.0,2,1,915,1200,31.2769,-89.3049,1,1,0,0,0,11,3
2.0,3,1,900,1200,40.4969,-86.9659,1,1,0,1,0,11,3
2.0,3,1,880,1200,39.6684,-84.2469,1,1,0,3,99,2,2
2.0,2,1,875,1200,31.2769,-89.3049,1,1,0,0,0,11,3
2.0,3,1,875,1200,36.421,-94.4498,1,1,0,0,0,11,3
2.0,2,1,875,1200,31.0692,-89.2902,1,1,0,0,0,11,3
1.0,3,1,875,1200,39.1538,-84.486,0,0,1,3,99,1,2
2.0,3,1,860,1200,32.4865,-93.6726,0,0,1,2,99,18,1
1.0,1,1,850,1200,38.8562,-104.9083,0,0,1,0,0,11,3
1.0,0,1,850,1200,35.3752,-97.4945,0,0,1,0,0,11,3
2.0,2,1,831,1200,36.0211,-79.3683,1,1,0,1,99,19,1
2.5,2,1,820,1200,34.678,-92.7603,1,1,0,0,0,11,3
2.5,2,1,820,1200,36.0785,-94.1531,1,1,0,0,0,11,3
2.0,2,1,795,1200,30.4415,-91.1012,0,0,1,0,8,11,2
2.0,2,1,785,1200,31.2769,-89.3049,1,1,0,0,0,11,3
1.5,2,1,750,1200,36.7633,-90.4036,1,1,0,0,0,11,3
1.5,2,1,675,1200,36.7944,-89.9608,1,1,0,0,0,11,3
1.0,2,1,675,1200,30.1647,-94.351,1,1,0,0,3,12,6
1.0,2,1,675,1200,40.5755,-79.7224,1,1,0,4,99,3,2
1.0,2,1,625,1200,46.8608,-96.8096,1,0,0,1,0,11,3
2.0,2,1,1702,1202,27.3071,-80.4554,0,0,1,5,99,0,2
2.0,3,1,1249,1202,30.0021,-95.2555,1,1,0,4,0,11,3
2.0,2,1,865,1202,36.0909,-79.9272,1,1,0,0,99,20,1
2.0,3,1,1663,1203,35.7238,-78.8695,1,1,0,5,99,21,1
2.0,2,1,1641,1203,36.0993,-115.2838,0,0,1,0,99,20,1
2.0,2,1,1631,1203,36.0993,-115.2838,0,0,1,0,99,20,1
2.0,2,1,1325,1203,35.7238,-78.8695,1,1,0,3,99,21,1
2.0,2,1,3695,1204,40.789,-74.0122,1,1,0,3,99,2,2
2.0,2,1,1399,1204,30.0021,-95.2555,1,1,0,3,0,11,3
2.0,2,1,1359,1204,36.0402,-86.6385,1,1,0,5,0,11,3
2.5,2,1,949,1204,35.9499,-95.889,1,1,0,0,0,11,3
2.0,2,1,1787,1205,39.2735,-76.8674,0,0,1,4,99,2,2
1.5,2,1,899,1205,36.0114,-95.9779,1,1,0,0,3,12,6
1.0,2,1,1640,1207,45.0884,-92.9901,1,1,0,10,4,11,6
1.0,2,1,1350,1207,44.9032,-92.9227,1,1,0,0,0,11,3
2.0,2,1,1315,1207,35.7238,-78.8695,1,1,0,3,99,21,1
2.0,2,1,1260,1207,35.7238,-78.8695,1,1,0,3,99,21,1
2.5,2,1,2750,1208,37.7147,-121.93,0,0,1,0,0,11,3
2.0,2,1,2450,1208,40.7434,-74.1521,1,1,0,7,99,18,1
2.0,3,1,2025,1208,47.7921,-122.3045,1,1,0,6,99,3,2
2.0,2,1,1525,1208,32.91,-97.5572,0,0,1,3,99,3,2
2.0,2,1,1525,1208,32.91,-97.5572,0,0,1,3,99,3,2
2.0,2,1,1295,1208,41.1497,-96.0355,0,0,1,2,0,21,2
2.0,3,1,1199,1208,33.6135,-112.3177,1,1,0,4,4,11,6
2.0,2,1,1289,1209,32.8525,-97.1399,1,1,0,5,99,3,2
2.0,2,1,1280,1209,30.4601,-84.2714,0,0,1,0,3,12,6
2.0,2,1,5000,1210,27.2738,-82.5485,0,0,1,2,99,20,1
2.0,2,0,1940,1210,40.4249,-79.981,0,0,1,2,99,4,2
2.0,2,1,1585,1210,41.5459,-87.4562,0,0,1,0,0,11,3
2.0,2,0,1542,1210,33.8144,-84.2804,0,0,1,5,99,2,2
2.0,2,1,1521,1210,33.8144,-84.2804,0,0,1,5,99,2,2
2.5,3,1,1440,1210,39.5373,-76.3558,0,0,1,3,99,1,2
2.0,2,1,1350,1210,43.0724,-89.4003,0,0,1,10,12,11,5
2.0,3,1,1325,1210,35.5795,-80.8153,1,1,0,0,0,11,3
1.0,1,1,1295,1211,42.7527,-71.4854,0,0,1,0,99,1,2
2.0,3,0,1862,1212,34.025,-84.3128,1,1,0,5,99,4,2
1.0,2,1,1599,1212,45.0201,-93.4623,1,1,0,8,4,11,6
1.0,3,1,2800,1213,33.843,-118.0073,1,1,0,7,1,9,2
2.0,2,1,1235,1213,33.873,-84.112,1,1,0,11,99,3,2
2.0,2,1,1175,1213,33.873,-84.112,1,1,0,11,99,3,2
2.0,2,1,3825,1214,42.328,-71.071,0,0,1,11,99,20,1
2.0,3,1,1607,1214,47.616,-122.3275,1,1,0,11,0,11,3
2.0,3,1,1349,1214,30.1049,-95.2583,1,1,0,4,0,11,3
1.0,3,0,985,1214,36.0984,-94.1524,0,0,1,7,12,10,5
2.0,2,1,4528,1215,34.0372,-118.2972,1,1,0,0,3,12,6
2.0,2,1,2125,1215,39.1649,-76.7156,1,1,0,0,0,20,2
2.0,2,1,1815,1215,30.2159,-97.8103,1,1,0,5,0,11,3
1.0,2,1,1450,1215,38.6274,-90.304,1,1,0,4,0,11,3
1.5,3,1,3850,1216,37.8651,-122.531,0,1,0,0,0,11,3
2.0,3,1,1349,1216,33.7218,-84.744,1,1,0,3,0,11,3
2.0,3,1,1245,1216,35.6757,-97.4949,0,0,1,0,0,11,3
2.0,3,1,1770,1217,47.4819,-122.1966,1,1,0,0,99,4,2
2.0,3,0,1115,1217,33.7289,-84.1257,1,1,0,4,99,3,2
2.5,2,0,4103,1218,40.8488,-73.9736,0,0,1,2,99,0,2
2.0,2,1,1755,1218,30.3054,-97.7497,1,1,0,5,0,11,3
2.0,3,1,1449,1218,30.0796,-95.617,1,1,0,3,0,11,3
2.0,2,1,1430,1218,33.9295,-84.4662,1,1,0,2,99,4,2
2.5,2,1,1295,1218,30.0066,-97.8071,0,0,1,0,4,12,6
2.0,2,1,1255,1218,34.025,-84.3128,1,1,0,7,99,4,2
4.0,4,1,1800,1219,35.823,-78.6438,0,0,1,5,0,11,3
2.0,2,1,1499,1219,36.1536,-115.1965,0,0,1,1,99,21,1
2.0,2,1,1499,1219,36.1536,-115.1965,0,0,1,1,99,21,1
2.0,2,1,1449,1219,36.1536,-115.1965,0,0,1,1,99,21,1
2.0,2,1,1309,1219,36.1132,-115.2754,0,0,1,3,99,20,1
1.0,2,1,2000,1220,47.3851,-122.1882,1,1,0,0,0,11,3
2.0,2,1,1690,1220,39.905,-74.9965,0,0,1,4,99,2,2
2.0,2,1,1549,1220,28.4991,-81.5295,0,0,1,2,99,23,1
2.0,3,1,1099,1220,40.0533,-85.9252,1,1,0,3,0,11,3
3.0,3,1,2196,1221,35.9473,-79.0615,1,1,0,13,19,13,4
2.0,3,1,1910,1221,47.4457,-122.1407,0,0,1,0,99,4,2
2.0,3,1,1099,1221,34.0505,-81.0098,1,1,0,2,0,11,3
2.0,2,1,800,1222,44.6537,-88.2118,1,1,0,6,0,11,3
2.0,3,1,2399,1223,47.4831,-122.1298,0,0,1,0,99,4,2
4.0,4,1,1600,1224,35.823,-78.6438,0,0,1,0,19,13,4
2.0,3,1,1299,1224,34.1216,-84.515,1,1,0,2,0,11,3
2.0,2,1,1255,1224,33.8737,-84.5097,1,1,0,1,99,4,2
2.0,3,1,1208,1224,35.7863,-78.4845,1,1,0,6,99,23,1
2.0,3,1,1179,1224,33.8614,-84.5382,0,0,1,4,99,4,2
2.0,3,1,1175,1224,39.6093,-86.139,1,1,0,1,0,11,3
2.0,2,1,1170,1224,33.967,-80.9358,0,0,1,2,0,20,2
2.0,2,1,900,1224,36.0723,-79.8196,0,0,1,0,3,12,6
2.0,3,1,390,1224,31.9501,-95.2575,0,0,1,4,0,11,3
1.0,3,1,1660,1225,43.0724,-89.4003,0,0,1,0,4,11,6
2.0,2,1,1295,1225,41.2562,-96.0404,1,1,0,0,0,11,3
2.0,3,1,3094,1226,47.5311,-122.0679,0,0,1,2,99,1,2
2.0,3,1,2989,1226,47.5311,-122.0679,0,0,1,2,99,1,2
2.0,3,0,2989,1226,47.5311,-122.0679,0,0,1,2,99,2,2
2.0,2,1,1595,1226,27.3181,-82.4987,0,0,1,0,0,11,3
1.5,1,1,1300,1226,38.6274,-90.304,1,1,0,0,0,11,3
2.0,2,1,1287,1227,39.4853,-84.382,0,0,1,0,99,23,1
2.0,3,1,2260,1228,47.3949,-122.0287,0,0,1,1,99,3,2
2.0,3,1,1300,1228,35.3067,-81.0325,1,1,0,0,4,11,6
2.0,3,1,914,1228,35.6982,-97.4325,0,0,1,1,99,3,2
1.0,1,1,1390,1229,36.1519,-79.8168,1,1,0,7,99,21,1
2.0,3,1,1995,1230,45.3553,-122.8338,0,0,1,0,12,11,5
2.0,2,1,1005,1230,35.7238,-78.8695,0,0,1,6,99,21,1
2.0,3,1,3495,1232,33.2181,-117.3166,0,0,1,0,3,12,6
1.0,2,1,875,1232,36.1007,-80.2652,0,0,1,0,8,11,2
2.0,2,1,3990,1233,34.0948,-118.3699,1,1,0,0,3,12,6
2.0,3,1,1775,1233,33.5407,-86.6852,1,1,0,0,0,11,3
2.0,3,1,1775,1233,33.5407,-86.6852,1,1,0,0,0,11,3
2.0,3,1,1575,1233,40.3931,-111.8459,0,0,1,0,0,11,3
2.0,2,1,1330,1233,34.2027,-84.0733,0,0,1,7,99,2,2
2.0,1,1,1850,1234,36.1554,-115.1733,1,1,0,9,0,11,3
2.0,3,1,1780,1234,32.5807,-97.138,1,1,0,3,99,4,2
2.0,3,1,1529,1234,32.6548,-97.1587,1,1,0,6,99,2,2
1.5,3,1,730,1234,39.8456,-84.1117,1,1,0,4,99,2,2
2.0,2,1,4570,1236,34.0314,-118.4885,0,0,1,12,99,1,2
2.5,2,1,2150,1236,32.7685,-117.0046,0,0,1,0,0,11,3
2.0,2,1,1654,1236,39.2735,-76.8674,1,1,0,4,99,2,2
2.0,2,1,1639,1236,39.2735,-76.8674,0,0,1,4,99,2,2
2.0,2,1,1589,1236,39.2735,-76.8674,1,1,0,4,99,2,2
2.0,2,1,1585,1236,43.0724,-89.4003,1,1,0,5,0,11,3
2.0,2,1,1570,1236,39.2735,-76.8674,1,1,0,4,99,2,2
2.0,2,1,1564,1236,39.2735,-76.8674,1,1,0,4,99,2,2
2.0,3,1,1475,1236,32.7407,-97.3394,1,1,0,0,0,11,3
2.0,3,1,1400,1236,32.4842,-92.6682,0,0,1,0,8,11,2
2.0,2,1,1500,1237,30.5057,-86.456,0,0,1,0,3,12,6
2.0,2,1,1010,1237,41.4712,-81.5155,1,1,0,2,99,20,1
2.0,2,1,1010,1237,41.4712,-81.5155,1,1,0,0,99,20,1
2.0,3,1,1905,1238,39.1088,-77.2384,0,0,1,2,99,0,2
1.5,2,1,1600,1238,39.1471,-86.5136,0,0,1,0,3,12,6
2.0,3,1,999,1238,40.1145,-88.2723,0,0,1,0,0,11,3
2.0,2,1,2365,1239,42.6008,-71.2226,0,0,1,4,0,21,2
2.0,2,0,1645,1239,39.6309,-84.2621,0,0,1,5,99,1,2
1.5,2,1,1795,1240,39.5201,-119.8424,1,1,0,0,0,11,3
3.0,2,1,1350,1240,39.1471,-86.5136,1,1,0,6,0,11,3
1.0,3,1,885,1240,43.8449,-88.8405,1,1,0,8,0,11,3
2.0,2,1,3430,1241,37.9389,-122.3331,1,1,0,2,0,11,3
1.0,2,1,2295,1241,36.137,-86.783,0,0,1,0,0,11,3
2.0,3,1,1175,1241,33.9531,-81.2381,1,1,0,2,0,11,3
2.0,4,1,4500,1242,37.3108,-121.8645,1,1,0,0,0,11,3
2.0,3,1,1625,1242,33.9295,-84.4662,1,1,0,2,99,4,2
2.0,3,1,1249,1242,34.119,-81.1962,1,1,0,2,0,11,3
2.0,2,1,1200,1242,43.4468,-96.8378,1,1,0,4,0,11,3
2.0,3,1,1821,1244,40.4089,-104.7618,1,1,0,10,99,0,2
2.0,2,1,1322,1244,34.1222,-84.2975,0,0,1,5,99,0,2
2.0,3,1,1275,1244,35.6101,-78.4715,1,1,0,2,8,10,2
2.0,2,1,1995,1245,40.0711,-74.1117,1,1,0,0,0,11,3
2.0,2,1,1800,1245,43.0133,-88.2374,1,1,0,5,0,11,3
2.0,2,1,1485,1245,41.5299,-88.1012,1,1,0,0,16,11,1
2.0,2,1,1090,1245,41.3846,-81.7912,1,1,0,12,99,21,1
2.0,2,1,930,1245,39.0146,-94.2843,1,1,0,5,0,11,3
2.0,3,1,2895,1246,37.7147,-121.93,0,0,1,0,0,11,3
2.0,3,1,2750,1246,37.7147,-121.93,0,0,1,0,0,11,3
2.0,2,1,1745,1246,33.1308,-117.0809,0,0,1,0,0,11,3
2.5,3,1,1431,1246,40.2854,-83.0595,0,0,1,10,8,21,1
2.0,2,1,1350,1246,41.6595,-91.535,1,1,0,0,0,11,3
3.0,3,1,3895,1247,34.0911,-118.343,1,1,0,6,99,21,1
2.0,2,1,2250,1247,42.2094,-70.999,1,1,0,3,99,21,1
2.0,3,0,1430,1247,34.0007,-84.4665,1,1,0,0,99,3,2
2.0,2,1,1370,1247,38.6274,-90.304,1,1,0,4,0,11,3
2.0,3,1,1149,1247,34.119,-81.1962,1,1,0,1,0,11,3
2.0,3,1,1275,1248,33.9612,-81.1134,1,1,0,0,0,11,3
2.0,2,1,4450,1250,34.0452,-118.7551,1,1,0,0,0,11,3
2.0,2,1,3500,1250,37.552,-122.306,0,0,1,0,0,11,3
2.0,2,1,3150,1250,37.4374,-121.8902,0,0,1,2,0,11,3
2.0,2,1,2825,1250,33.7667,-118.3667,1,1,0,0,0,11,3
2.0,3,1,2495,1250,32.9669,-117.1218,0,0,1,7,1,9,2
2.0,3,1,2375,1250,40.2091,-74.0584,0,0,1,6,99,0,2
2.0,2,1,1905,1250,39.2608,-77.278,0,0,1,1,99,23,1
2.0,2,1,1740,1250,42.5957,-73.7885,1,1,0,0,0,11,3
1.5,3,1,1650,1250,47.2334,-122.5457,0,0,1,0,0,11,3
1.0,1,1,1595,1250,33.7848,-84.3922,1,0,0,0,0,11,3
2.0,3,1,1350,1250,38.9401,-92.3167,1,1,0,0,0,11,3
2.0,2,1,1250,1250,39.8057,-74.9979,0,0,1,2,99,2,2
1.0,3,1,1100,1250,43.1689,-77.6289,1,1,0,0,0,11,3
1.5,2,1,1095,1250,39.0108,-94.7517,0,0,1,0,8,11,2
1.5,3,1,2995,1251,37.9003,-122.0495,0,0,1,0,0,11,3
2.0,2,1,2399,1251,39.9974,-82.9829,0,0,1,0,12,11,5
2.0,3,1,1425,1251,30.0871,-95.4685,1,1,0,2,0,11,3
1.0,2,1,875,1251,44.2146,-88.4323,1,1,0,2,0,11,3
2.0,3,1,2400,1252,38.9645,-76.9637,1,1,0,3,99,21,1
1.0,3,1,1695,1253,39.1679,-84.4933,1,1,0,0,0,11,3
2.0,2,1,1874,1254,39.1054,-84.5022,0,0,1,4,99,0,2
2.0,2,1,1835,1254,40.2659,-74.6959,0,0,1,2,99,4,2
2.0,2,1,1605,1254,34.2088,-84.1351,0,0,1,2,99,1,2
2.0,2,1,1605,1254,34.2088,-84.1351,0,0,1,2,99,1,2
1.0,2,1,1450,1254,43.0724,-89.4003,1,1,0,2,4,11,6
2.0,3,1,1249,1254,29.7714,-95.4343,1,1,0,4,0,11,3
2.0,2,1,1055,1254,35.9907,-78.9074,1,1,0,3,99,3,2
1.0,2,1,1030,1254,40.297,-79.9152,1,1,0,10,99,3,2
2.0,3,1,1401,1255,32.6541,-97.095,1,1,0,7,99,2,2
2.0,2,1,1150,1255,31.7951,-106.3886,1,1,0,3,0,11,3
1.0,2,1,890,1255,41.4803,-82.098,1,1,0,11,99,19,1
3.0,2,1,1700,1256,39.0747,-76.7017,1,1,0,7,99,3,2
2.0,3,1,916,1256,36.1496,-80.3226,0,0,1,3,99,18,1
2.0,2,1,1400,1257,40.2206,-74.7174,1,1,0,1,99,4,2
2.0,2,1,1315,1257,34.0072,-84.0034,0,0,1,2,99,2,2
2.0,3,1,1050,1257,33.56,-101.8904,0,0,1,0,3,12,6
2.0,2,1,2917,1258,40.8084,-74.1224,0,0,1,3,99,1,2
1.0,2,1,1100,1258,41.6572,-83.5295,1,1,0,0,99,18,1
2.0,2,1,2018,1259,32.8472,-96.827,0,0,1,5,99,19,1
2.5,2,1,3595,1260,34.0372,-118.2972,1,1,0,0,0,11,3
1.0,2,0,1625,1260,42.7527,-71.4854,0,0,1,7,99,1,2
2.0,2,1,1375,1260,34.2291,-84.1306,1,1,0,4,0,11,3
2.0,2,1,1305,1260,43.3199,-88.163,1,1,0,8,12,21,4
2.0,3,1,1250,1260,35.471,-97.5299,0,0,1,0,16,11,1
2.0,3,1,880,1260,42.0259,-93.6516,0,0,1,1,4,11,6
2.0,2,1,1988,1261,42.1173,-70.9547,1,1,0,10,4,11,6
2.0,3,1,1199,1262,33.9258,-83.7495,1,1,0,2,0,11,3
2.0,3,1,1449,1264,35.753,-86.8832,1,1,0,0,0,11,3
2.0,2,1,1260,1264,34.0467,-84.3786,1,1,0,8,99,4,2
1.5,2,1,960,1264,36.1519,-79.8168,0,0,1,6,99,21,1
2.0,2,1,3300,1265,42.3882,-83.1122,1,1,0,5,4,11,6
2.0,3,1,2300,1265,39.2081,-76.661,1,1,0,2,99,3,2
2.0,3,1,2300,1265,39.2081,-76.661,1,1,0,2,99,3,2
1.0,4,1,2195,1265,43.0724,-89.4003,0,0,1,0,4,11,6
2.0,2,1,2000,1265,33.7848,-84.3922,0,0,1,0,0,11,3
2.0,3,1,1495,1265,30.1158,-97.2746,1,1,0,0,0,11,3
2.0,3,1,1472,1265,33.9683,-84.4394,0,0,1,3,99,4,2
2.0,3,1,1299,1265,33.8427,-84.0113,1,1,0,3,4,11,6
2.0,3,1,1150,1265,34.119,-81.1962,1,1,0,2,0,11,3
2.0,3,1,1780,1266,30.6505,-97.6809,0,0,1,3,0,11,3
2.0,2,1,2278,1267,38.9245,-77.4019,1,1,0,1,0,20,2
2.0,2,1,1900,1268,28.5163,-81.3644,1,1,0,0,3,12,6
2.0,2,1,1850,1268,39.5255,-76.4321,0,0,1,2,99,2,2
2.0,2,1,1850,1268,39.5255,-76.4321,0,0,1,2,99,2,2
2.0,3,1,1349,1268,27.9275,-82.2984,1,1,0,2,0,11,3
2.0,3,1,2810,1269,33.941,-117.9544,0,0,1,0,99,2,2
2.0,3,1,1425,1269,48.4168,-103.8238,1,1,0,0,0,21,2
2.5,2,1,1351,1269,39.3374,-84.4058,0,0,1,3,99,23,1
2.5,2,1,6000,1270,37.4356,-122.134,1,1,0,0,0,11,3
2.0,2,1,2054,1270,40.2659,-74.6959,0,0,1,4,99,4,2
1.0,2,1,1950,1270,32.8113,-79.9947,0,0,1,0,3,12,6
2.0,2,1,1875,1270,39.6951,-75.124,1,1,0,2,99,2,2
2.0,2,1,1493,1270,34.025,-84.3128,1,1,0,3,99,4,2
2.0,3,1,1450,1270,35.823,-78.6438,1,1,0,2,0,11,3
2.5,2,1,1424,1270,36.3302,-115.3257,0,0,1,4,99,20,1
2.0,3,1,2795,1271,32.7876,-117.1265,1,1,0,0,0,11,3
2.0,2,1,1895,1271,37.0488,-93.2933,1,1,0,6,0,11,3
1.0,2,1,905,1271,43.0531,-87.9659,0,0,1,3,0,11,3
2.0,2,1,1430,1272,35.6217,-97.4702,1,1,0,3,99,3,2
2.0,3,1,1259,1272,35.6775,-78.7763,0,0,1,3,99,23,1
2.0,2,1,2565,1273,41.0133,-74.3321,1,1,0,3,99,4,2
1.5,1,1,1850,1273,35.1038,-106.611,0,0,1,0,3,12,6
2.0,3,1,1199,1273,33.9217,-84.8634,1,1,0,0,0,11,3
2.0,2,1,2411,1274,42.1246,-71.1089,1,1,0,3,99,18,1
2.0,2,1,2274,1274,42.1246,-71.1089,1,1,0,3,99,18,1
2.0,3,1,1895,1274,39.2144,-76.8797,0,0,1,8,99,2,2
2.0,2,1,1450,1274,35.9517,-79.071,1,0,0,0,0,11,3
2.0,3,1,1378,1274,36.0913,-79.2861,1,1,0,3,99,20,1
2.0,2,1,1350,1274,29.7714,-95.4343,0,0,1,3,0,11,3
2.0,3,1,2800,1275,21.3155,-157.8379,0,0,1,0,16,11,1
2.0,2,1,2550,1275,44.9368,-93.3605,1,1,0,4,4,11,6
2.0,2,1,2495,1275,34.0372,-118.2972,1,1,0,0,0,11,3
2.0,3,1,2138,1275,32.5807,-97.138,1,1,0,5,99,4,2
1.5,2,1,1950,1275,40.0054,-75.1415,1,1,0,0,0,11,3
2.0,3,1,1645,1275,33.5407,-86.6852,1,1,0,0,0,11,3
2.0,2,0,1559,1275,39.4276,-76.7727,0,0,1,0,99,4,2
2.0,2,1,1410,1275,36.3644,-78.5328,0,0,1,5,99,21,1
2.0,3,1,1350,1275,33.9295,-84.4662,0,0,1,4,99,4,2
2.0,2,1,1295,1275,32.9661,-96.7988,0,0,1,12,99,23,1
1.0,3,1,1245,1275,29.4624,-98.5253,1,1,0,0,0,11,3
1.0,1,1,1175,1275,41.2562,-96.0404,1,1,0,0,0,11,3
2.5,2,1,1081,1275,38.2006,-84.9469,1,1,0,6,0,21,2
2.0,2,1,1025,1275,35.3752,-97.4945,0,0,1,0,0,11,3
1.5,3,1,3000,1276,37.7547,-121.9529,0,0,1,0,0,11,3
2.0,3,1,899,1276,33.6912,-84.2465,0,0,1,4,99,2,2
2.5,3,1,1200,1277,29.4624,-98.5253,0,0,1,0,3,12,6
2.0,2,1,995,1277,40.8062,-96.6778,1,0,0,11,0,11,3
2.0,3,1,1425,1278,32.5285,-97.3119,1,1,0,3,0,11,3
2.0,3,1,1100,1278,35.3365,-82.4711,0,0,1,0,0,11,3
2.5,2,1,4799,1279,34.0372,-118.2972,0,0,1,0,0,11,3
2.0,2,1,2276,1279,39.1008,-76.8827,0,0,1,7,99,19,1
2.0,3,1,2048,1279,32.5807,-97.138,1,1,0,5,99,4,2
2.0,2,1,2710,1280,40.8876,-74.0499,0,0,1,2,99,4,2
2.0,2,1,2055,1280,35.774,-78.6328,1,1,0,0,99,0,2
2.0,2,1,1951,1280,39.644,-104.9026,1,1,0,4,99,21,1
2.0,2,1,1650,1280,43.0637,-88.1403,1,0,0,9,0,11,3
2.0,3,1,1327,1280,37.1783,-76.4582,1,1,0,2,99,22,1
2.0,3,1,1253,1280,35.7798,-78.6231,0,0,1,9,99,3,2
2.0,2,1,1085,1280,36.0861,-86.9362,1,1,0,11,0,11,3
2.0,3,1,901,1280,43.0531,-87.9659,0,0,1,3,8,10,2
1.0,2,1,825,1280,33.56,-101.8904,1,1,0,0,0,11,3
2.0,3,1,822,1280,36.0175,-79.7704,0,0,1,6,99,20,1
2.0,3,1,1375,1282,33.9217,-84.8634,1,1,0,4,4,11,6
2.0,2,1,2022,1283,39.0947,-76.8189,0,0,1,1,99,20,1
2.5,2,1,1675,1284,41.0405,-83.6441,1,1,0,0,0,11,3
2.5,2,1,1675,1284,41.0405,-83.6441,1,1,0,0,16,11,1
2.0,3,1,1325,1284,33.9531,-81.2381,1,1,0,2,0,11,3
2.0,3,1,1625,1285,30.4348,-86.6208,1,1,0,0,8,11,2
2.0,3,1,1400,1285,35.6101,-78.4715,1,1,0,0,0,11,3
2.0,2,1,1351,1285,36.8892,-76.2382,1,1,0,7,99,21,1
2.0,3,1,1625,1286,32.91,-97.5572,0,0,1,3,99,3,2
2.0,3,1,1625,1286,32.91,-97.5572,0,0,1,2,99,2,2
2.0,3,1,1495,1286,30.1158,-97.2746,1,1,0,0,0,11,3
2.0,2,1,1300,1286,35.823,-78.6438,1,1,0,8,8,10,2
2.0,3,1,1219,1286,32.8255,-97.1039,1,1,0,10,99,4,2
2.0,3,1,1049,1286,39.4846,-86.0525,1,1,0,1,0,11,3
2.0,2,1,2200,1287,25.8275,-80.1842,1,1,0,0,0,11,3
2.0,3,1,1150,1287,39.1679,-84.4933,1,0,0,0,0,11,3
2.0,2,1,2752,1288,34.0718,-84.2525,1,1,0,4,25,21,5
2.0,2,1,1495,1288,46.8587,-114.041,0,1,0,0,8,11,2
2.5,2,1,1875,1289,47.5269,-121.821,0,0,1,0,0,11,3
2.0,3,1,1399,1289,35.4047,-80.6098,1,1,0,0,4,11,6
2.0,3,1,3349,1290,33.7696,-118.1926,0,0,1,2,99,3,2
2.0,3,1,3149,1290,33.7696,-118.1926,1,1,0,2,99,3,2
2.0,2,1,1840,1290,40.2659,-74.6959,0,0,1,1,99,4,2
1.5,2,1,1500,1290,39.9974,-82.9829,0,0,1,0,3,12,6
2.0,2,1,1374,1290,35.823,-78.6438,0,0,1,1,99,0,2
2.0,3,1,1152,1290,35.7863,-78.4845,0,0,1,1,99,23,1
1.0,2,1,815,1290,39.7479,-84.1594,0,0,1,1,99,2,2
2.5,2,1,1995,1291,32.8212,-96.7853,1,1,0,0,3,12,6
2.0,3,1,1629,1291,47.3002,-122.2168,1,1,0,12,0,11,3
1.5,2,1,1332,1291,39.4915,-76.6609,0,0,1,5,99,2,2
2.0,3,0,1560,1292,39.4349,-76.6549,1,1,0,4,99,3,2
2.0,2,1,3050,1294,25.7603,-80.3005,0,0,1,4,0,11,3
2.0,2,1,2041,1294,41.3137,-81.4961,0,0,1,3,99,19,1
2.0,2,1,1449,1294,39.9513,-84.1778,1,1,0,1,99,2,2
2.0,2,1,1449,1294,39.4478,-84.21,1,1,0,2,99,23,1
2.0,2,1,1419,1294,34.0072,-84.0034,1,1,0,17,99,2,2
2.0,3,1,1295,1294,33.4268,-86.5096,1,1,0,0,3,12,6
2.0,2,1,1059,1294,40.8073,-81.9566,0,0,1,2,99,22,1
2.0,2,1,2690,1295,42.6484,-71.1615,0,0,1,1,11,21,5
2.0,2,1,1564,1295,32.9158,-96.8961,0,0,1,4,99,21,1
2.0,2,1,949,1295,30.2989,-81.6324,1,1,0,0,0,11,3
2.0,3,1,845,1295,37.4007,-77.4627,0,0,1,1,99,18,1
1.5,3,1,2400,1296,47.7921,-122.3045,0,1,0,0,4,12,6
2.5,2,1,1888,1296,34.0007,-84.4665,0,0,1,6,99,3,2
2.0,2,1,1670,1296,34.2088,-84.1351,0,0,1,1,99,1,2
2.0,2,1,3243,1297,42.3157,-71.2073,0,0,1,2,99,23,1
1.0,2,1,1580,1297,34.0791,-84.2039,1,1,0,5,99,0,2
2.0,2,1,1442,1297,34.0299,-84.2425,1,1,0,12,99,1,2
2.0,3,1,1885,1298,40.2659,-74.6959,0,0,1,1,99,4,2
2.0,3,1,1399,1298,30.0871,-95.4685,1,1,0,3,4,11,6
2.0,2,1,1415,1299,32.5548,-94.7807,1,1,0,0,99,1,2
2.0,2,1,5995,1300,34.0948,-118.3699,1,1,0,3,0,11,3
2.0,3,1,4955,1300,34.0231,-118.4811,1,0,0,2,0,11,3
2.0,3,1,4000,1300,32.7876,-117.1265,0,0,1,0,8,11,2
1.5,2,1,3450,1300,34.0372,-118.2972,1,1,0,0,0,11,3
2.0,2,1,3198,1300,34.0372,-118.2972,1,1,0,0,0,11,3
2.0,2,1,3150,1300,39.7566,-105.0033,0,0,1,6,0,11,3
1.0,3,1,2750,1300,42.2947,-71.1305,0,0,1,1,1,22,1
2.0,5,1,2625,1300,38.0172,-84.4931,0,0,1,0,3,12,6
2.0,2,1,2575,1300,38.9799,-77.0798,0,0,1,2,99,22,1
2.0,3,1,2495,1300,42.1865,-71.202,0,0,1,5,99,18,1
2.0,2,1,2422,1300,38.9799,-77.0798,0,0,1,2,99,22,1
2.0,2,1,2295,1300,33.7968,-118.0624,0,0,1,3,99,2,2
1.0,1,1,2100,1300,33.7848,-84.3922,0,0,1,1,0,11,3
2.0,3,1,2095,1300,34.1684,-118.0516,0,0,1,6,99,4,2
2.0,2,1,1995,1300,42.9112,-78.8171,1,1,0,6,0,11,3
2.0,2,1,1988,1300,40.5835,-74.2333,0,0,1,6,99,23,1
2.0,3,1,1950,1300,44.5716,-123.282,0,0,1,0,19,13,4
3.0,4,1,1800,1300,40.4969,-86.9659,0,0,1,3,0,11,3
2.0,3,1,1700,1300,39.1471,-86.5136,0,0,1,0,26,11,5
2.5,2,1,1595,1300,29.7714,-95.4343,1,1,0,0,3,12,6
1.0,3,1,1499,1300,43.0531,-87.9659,0,0,1,6,16,11,1
2.0,2,1,1475,1300,40.5522,-80.1531,0,0,1,3,99,4,2
2.0,3,1,1410,1300,33.9295,-84.4662,1,1,0,13,99,4,2
2.0,2,1,1350,1300,42.6646,-83.2739,1,1,0,0,8,11,2
1.0,2,1,1295,1300,41.7566,-72.689,0,0,1,6,99,4,2
2.0,3,1,1225,1300,35.1628,-85.2135,1,1,0,0,0,11,3
1.5,3,1,1200,1300,30.1909,-92.0646,1,1,0,0,0,11,3
2.0,2,1,1199,1300,61.594,-149.4124,0,0,1,0,0,11,3
1.0,1,1,1150,1300,39.1679,-84.4933,1,1,0,6,4,11,6
1.5,2,1,1095,1300,43.1096,-88.3501,1,1,0,0,8,11,2
2.0,2,1,1035,1300,33.9295,-84.4662,1,1,0,4,99,4,2
2.0,2,1,1020,1300,33.662,-78.9316,1,1,0,0,3,12,6
1.0,2,1,1000,1300,29.4624,-98.5253,1,1,0,0,0,11,3
1.5,2,1,975,1300,48.2469,-101.3017,1,1,0,0,0,11,3
2.0,3,1,950,1300,39.76,-94.8272,0,0,1,8,11,21,5
1.0,2,1,930,1300,35.1211,-89.9517,1,1,0,8,0,11,3
2.0,3,1,900,1300,47.9179,-97.0658,1,1,0,0,8,11,2
2.0,3,1,2298,1301,47.3907,-122.2626,0,0,1,8,99,2,2
2.0,3,1,1837,1301,39.5247,-119.8896,0,0,1,4,99,22,1
2.0,4,1,1679,1301,47.8441,-122.1991,0,0,1,0,99,1,2
2.0,4,1,475,1301,37.2312,-80.4159,0,0,1,0,0,11,3
2.5,2,1,3300,1302,37.3108,-121.8645,0,0,1,0,0,11,3
2.0,3,1,1540,1302,32.6924,-97.1324,1,1,0,10,99,2,2
2.0,2,1,3036,1303,40.3663,-74.6688,0,0,1,4,99,4,2
2.0,2,1,3700,1304,40.722,-74.0644,0,0,1,3,99,4,2
2.0,2,1,2514,1304,40.3663,-74.6688,1,1,0,0,99,4,2
2.0,2,1,2427,1304,40.3663,-74.6688,0,0,1,1,99,4,2
2.5,2,1,1294,1304,34.0007,-84.4665,0,0,1,11,99,3,2
2.0,2,1,3385,1305,40.3663,-74.6688,0,0,1,3,99,4,2
2.0,2,1,3385,1305,40.3663,-74.6688,0,0,1,3,99,4,2
1.5,2,1,2195,1305,45.5091,-122.6449,0,0,1,0,0,11,3
2.0,3,1,1795,1305,28.5964,-81.3237,0,1,0,0,8,11,2
2.0,1,1,1650,1305,29.4624,-98.5253,0,0,1,1,4,11,6
2.0,3,1,1280,1305,33.9295,-84.4662,1,1,0,6,99,4,2
2.0,3,1,1199,1305,34.119,-81.1962,1,1,0,2,0,11,3
1.0,2,1,725,1306,44.3235,-88.6223,1,1,0,3,0,11,3
2.0,3,1,1899,1307,30.6378,-81.4612,0,0,1,0,0,11,3
2.5,3,1,1625,1307,32.4797,-96.9807,1,1,0,0,3,12,6
2.5,2,1,3417,1308,34.1375,-118.1656,1,1,0,1,99,4,2
2.5,2,1,3333,1308,34.1375,-118.1656,0,0,1,1,99,4,2
2.0,3,1,1064,1309,35.4014,-80.5827,1,1,0,7,99,4,2
2.0,3,1,2900,1310,34.2417,-118.5257,1,0,0,2,0,11,3
2.0,2,1,1699,1310,42.3136,-83.4763,0,1,0,3,0,11,3
2.5,2,1,1395,1310,42.7449,-83.0073,1,1,0,0,8,11,2
2.0,2,1,3661,1311,34.1375,-118.1656,0,0,1,10,99,4,2
2.0,3,1,1210,1311,36.0851,-79.8311,0,0,1,2,99,20,1
2.0,3,1,1170,1311,36.0723,-79.8196,0,0,1,1,99,20,1
2.0,3,1,2000,1312,47.5582,-122.0044,0,0,1,3,99,2,2
2.0,2,1,1611,1312,39.6821,-104.8846,0,0,1,1,99,20,1
2.0,3,1,1500,1312,29.5931,-98.7154,0,0,1,2,0,11,3
2.0,3,1,1349,1312,32.7835,-96.6121,1,1,0,4,4,11,6
2.0,3,1,1175,1312,34.0505,-81.0098,1,1,0,0,0,11,3
2.0,3,1,1150,1312,33.56,-101.8904,0,1,0,0,0,11,3
2.0,3,0,1112,1313,29.9414,-95.3445,0,0,1,5,0,22,2
2.0,2,1,2927,1314,42.3835,-71.2386,1,1,0,3,99,23,1
2.0,3,1,1165,1314,35.2441,-97.4144,1,1,0,6,99,4,2
2.5,2,1,2002,1315,39.6665,-105.0962,0,0,1,4,99,20,1
2.5,3,1,1695,1315,45.6558,-122.5888,1,1,0,0,3,12,6
2.5,2,1,2055,1316,39.6665,-105.0962,0,0,1,4,99,20,1
2.0,3,1,1350,1316,39.0146,-94.2843,1,1,0,8,0,11,3
2.5,2,1,1895,1317,44.5716,-123.282,1,1,0,0,3,12,6
2.0,3,1,1465,1317,29.1542,-82.1938,0,0,1,3,99,20,1
2.0,3,1,1295,1317,35.4975,-97.7329,0,0,1,0,12,11,5
2.0,3,1,1095,1317,35.3718,-77.9282,0,0,1,4,99,23,1
3.0,3,1,4250,1319,34.0435,-118.4497,1,1,0,8,99,19,1
2.5,2,1,1266,1319,41.7068,-83.6497,0,0,1,0,99,19,1
2.0,5,1,4200,1320,42.2711,-83.745,0,0,1,3,0,11,3
2.0,2,1,3415,1320,34.1375,-118.1656,0,0,1,3,99,4,2
2.0,2,1,2695,1320,37.7147,-121.93,0,0,1,0,0,11,3
1.5,2,1,2060,1320,40.6221,-74.3767,0,0,1,6,99,20,1
2.0,2,1,1924,1320,40.7647,-74.2119,0,0,1,0,99,18,1
2.0,2,1,1305,1320,43.3199,-88.163,1,1,0,9,17,10,0
2.0,3,1,1092,1320,32.7192,-97.1513,1,1,0,4,99,2,2
2.0,3,1,1850,1321,26.2418,-80.258,0,0,1,6,0,22,2
2.0,2,1,11000,1322,32.6596,-117.1595,0,0,1,0,0,11,3
2.0,3,1,1399,1322,30.0021,-95.2555,1,1,0,2,0,11,3
2.0,2,1,1825,1324,42.7234,-83.1474,1,1,0,0,0,11,3
2.0,2,1,1625,1324,42.6646,-83.2739,1,1,0,0,0,11,3
2.0,2,1,1620,1324,42.584,-82.9273,1,1,0,0,16,11,1
2.0,2,1,1575,1324,42.7624,-83.2742,1,1,0,0,0,11,3
2.0,2,1,1250,1324,33.0476,-96.7467,1,1,0,0,0,11,3
1.0,3,1,975,1324,41.2562,-96.0404,1,0,0,3,0,11,3
2.0,2,1,13500,1325,34.063,-118.4363,0,0,1,0,99,19,1
2.0,2,1,2390,1325,39.0744,-94.5521,1,1,0,0,0,11,3
2.0,2,1,2390,1325,39.0744,-94.5521,1,1,0,0,0,11,3
1.0,2,1,1595,1325,35.823,-78.6438,1,1,0,4,12,11,5
2.0,2,1,1459,1325,27.4849,-82.5345,1,1,0,5,99,18,1
2.0,3,1,1599,1326,33.4146,-111.766,1,1,0,5,4,11,6
2.0,2,1,1599,1327,39.0973,-84.1471,0,0,1,1,99,23,1
2.0,2,1,1465,1327,41.2205,-112.0172,1,1,0,11,0,11,3
1.5,2,1,4909,1328,34.0394,-118.2656,0,0,1,4,99,18,1
2.0,3,1,1549,1329,32.4797,-96.9807,1,1,0,0,0,11,3
1.0,1,1,2695,1330,34.0372,-118.2972,1,1,0,5,0,11,3
2.0,2,1,1941,1330,39.1398,-77.5718,0,0,1,4,10,21,6
2.0,2,1,1400,1330,36.0397,-115.198,1,1,0,5,99,19,1
2.5,2,1,1265,1330,43.4299,-96.6968,1,1,0,0,0,11,3
1.0,2,1,920,1330,40.4969,-86.9659,1,1,0,5,0,11,3
2.0,3,1,1300,1331,33.9217,-84.8634,1,1,0,0,0,11,3
2.0,2,1,5000,1333,32.6596,-117.1595,0,0,1,0,0,11,3
2.0,3,1,1989,1333,38.8826,-76.7646,1,1,0,7,99,21,1
2.0,2,1,2300,1334,32.6197,-117.0226,0,0,1,0,0,11,3
2.0,3,1,1369,1334,36.0808,-79.4527,0,0,1,6,8,21,1
2.0,3,1,1369,1334,36.0334,-79.4909,0,0,1,6,99,19,1
2.5,2,1,3750,1335,33.0534,-117.266,0,1,0,0,0,11,3
2.0,2,1,2895,1335,32.7876,-117.1265,1,1,0,0,0,11,3
2.0,2,1,1389,1335,33.9295,-84.4662,1,1,0,5,99,4,2
2.5,2,1,1800,1336,39.9974,-82.9829,1,1,0,0,0,11,3
2.0,3,1,1779,1336,37.1223,-76.4484,0,0,1,2,99,23,1
2.0,3,1,1225,1336,34.0505,-81.0098,1,1,0,0,0,11,3
1.0,2,1,995,1336,42.0259,-93.6516,0,0,1,0,0,11,3
2.0,3,1,2503,1337,40.3663,-74.6688,0,0,1,0,99,4,2
2.0,2,1,1425,1337,43.4468,-96.8378,1,1,0,4,0,11,3
2.0,3,1,2150,1338,40.4678,-79.9134,0,0,1,5,99,4,2
2.0,3,1,1890,1338,39.825,-75.1322,1,1,0,8,99,3,2
3.0,3,1,1200,1338,34.0505,-81.0098,1,1,0,1,0,11,3
1.0,3,1,1099,1338,29.7714,-95.4343,1,1,0,1,0,11,3
2.0,2,1,1190,1339,36.0909,-79.9272,0,0,1,5,99,20,1
2.0,3,1,1403,1340,33.9025,-84.5841,0,0,1,2,99,0,2
2.0,3,1,1195,1340,30.5969,-96.3034,1,1,0,4,4,11,6
2.0,3,1,1149,1340,33.9217,-84.8634,1,1,0,2,0,11,3
2.0,3,1,1898,1341,32.8524,-97.0886,1,1,0,5,99,3,2
1.0,2,1,950,1341,29.4624,-98.5253,0,0,1,0,0,11,3
1.0,3,1,1625,1343,39.1679,-84.4933,1,1,0,0,0,11,3
2.0,4,1,1299,1343,29.5677,-95.521,1,1,0,0,0,11,3
2.0,3,1,2649,1344,40.3663,-74.6688,0,0,1,1,99,4,2
2.0,3,1,2472,1344,40.3663,-74.6688,0,0,1,1,99,4,2
2.5,2,1,2095,1344,47.8304,-122.3456,0,0,1,0,0,11,3
1.0,3,1,1935,1344,36.0249,-78.4646,0,0,1,0,99,1,2
2.0,2,1,1572,1344,35.7751,-78.6391,0,0,1,2,99,3,2
2.0,3,1,1299,1344,35.5795,-80.8153,1,1,0,0,4,11,6
3.0,3,1,1249,1344,34.0505,-81.0098,1,1,0,2,0,11,3
2.0,3,1,900,1344,32.4645,-93.7879,1,1,0,0,0,11,3
2.5,2,1,2740,1345,39.736,-104.9819,0,1,0,0,4,12,6
2.0,2,1,1973,1345,32.8524,-97.0886,0,0,1,0,99,3,2
1.5,2,1,1695,1345,42.1165,-88.5022,1,1,0,0,3,12,6
2.0,3,1,1399,1345,32.7835,-96.6121,1,1,0,2,0,11,3
2.0,3,1,1390,1345,33.6795,-84.1596,1,1,0,9,99,2,2
2.0,3,1,1258,1346,35.7181,-78.7326,1,1,0,3,99,2,2
2.0,3,1,1375,1347,30.2989,-81.6324,1,1,0,0,0,11,3
2.0,3,1,1250,1348,33.155,-86.7175,0,0,1,0,0,11,3
2.0,3,1,1275,1349,30.0021,-95.2555,1,1,0,2,0,11,3
2.0,2,1,2805,1350,34.1542,-118.4447,1,1,0,6,0,11,3
2.0,2,1,2395,1350,42.5272,-71.1094,0,0,1,0,0,11,3
1.5,4,1,1400,1350,43.1689,-77.6289,1,1,0,0,0,11,3
2.0,3,1,1400,1350,33.1932,-87.5349,1,1,0,0,3,12,6
3.5,4,1,1390,1350,42.0259,-93.6516,0,0,1,0,0,11,3
2.5,3,1,1300,1350,33.56,-101.8904,0,0,1,0,0,11,3
2.0,3,1,1300,1350,40.6057,-80.2842,1,1,0,4,99,3,2
1.5,3,1,1250,1350,41.6545,-83.6757,0,0,1,3,99,19,1
2.0,2,1,1200,1350,42.6465,-83.2861,0,0,1,4,8,10,2
2.0,3,1,1189,1350,37.1783,-76.4582,0,0,1,4,99,22,1
1.5,2,1,1175,1350,41.6545,-83.6757,0,0,1,3,99,19,1
2.0,2,1,1100,1350,30.4415,-91.1012,0,0,1,0,3,12,6
2.0,3,1,999,1350,37.1783,-76.4582,0,0,1,4,99,22,1
2.0,3,1,950,1350,36.0785,-94.1531,0,0,1,2,15,21,1
1.0,3,1,799,1350,42.301,-85.2291,1,1,0,0,0,11,3
2.0,4,1,1549,1351,27.9275,-82.2984,1,1,0,4,0,11,3
2.0,3,1,1429,1353,34.0007,-84.4665,0,0,1,3,99,3,2
2.0,3,1,1349,1354,33.9217,-84.8634,1,1,0,3,4,11,6
2.0,2,1,1518,1355,33.8737,-84.5097,0,0,1,0,99,4,2
1.0,4,1,1450,1355,43.0724,-89.4003,0,0,1,2,4,11,6
2.0,2,1,1339,1355,36.0402,-86.6385,1,1,0,5,0,11,3
2.0,3,1,1850,1356,38.8647,-94.8283,0,1,0,0,24,11,0
2.0,3,1,1300,1358,33.56,-101.8904,0,0,1,0,16,11,1
2.0,3,1,1300,1358,33.56,-101.8904,0,0,1,0,19,14,4
2.0,3,1,1299,1358,33.5944,-112.1837,1,1,0,4,0,11,3
2.0,3,1,1599,1359,32.7835,-96.6121,1,1,0,3,0,11,3
2.5,3,1,3400,1360,33.4452,-117.6264,0,0,1,0,0,11,3
2.0,3,1,3395,1360,41.0781,-73.8553,1,0,0,4,4,11,6
2.0,2,1,2400,1360,34.1326,-118.0373,1,1,0,0,4,12,6
2.5,2,1,1550,1360,45.528,-122.3979,0,1,0,0,3,12,6
2.5,2,1,1499,1360,40.7061,-111.9048,0,0,1,0,3,12,6
2.0,2,1,1910,1361,39.1396,-77.1914,0,0,1,1,99,0,2
2.0,3,1,1199,1361,33.9531,-81.2381,1,1,0,1,0,11,3
2.0,2,1,1340,1363,35.6264,-77.4386,0,0,1,5,99,3,2
2.0,4,1,1250,1363,39.1984,-96.6052,1,1,0,0,0,11,3
2.0,3,1,1449,1364,32.5285,-97.3119,1,1,0,1,0,11,3
2.5,2,1,1450,1365,28.7026,-81.3885,0,0,1,0,0,11,3
2.5,3,1,1220,1365,37.0835,-113.5823,0,0,1,0,3,12,6
2.5,3,1,3350,1366,34.1594,-118.2498,1,1,0,0,8,11,2
2.0,3,1,2475,1366,40.9151,-74.6004,0,0,1,3,99,1,2
2.0,3,1,1691,1366,34.0072,-84.0034,0,0,1,1,99,2,2
2.0,3,1,1580,1366,35.7238,-78.8695,1,1,0,3,99,21,1
2.0,3,0,2019,1367,47.6163,-122.2365,0,0,1,2,99,3,2
2.0,4,1,1249,1367,35.224,-81.1809,1,1,0,3,8,10,2
2.0,3,1,1336,1369,39.1912,-84.4615,1,1,0,4,99,0,2
2.0,3,1,1120,1369,38.2211,-84.563,0,0,1,7,0,21,2
2.0,2,1,1091,1369,33.9222,-84.0725,0,0,1,4,99,3,2
2.5,2,1,2795,1370,47.616,-122.3275,0,1,0,0,0,11,3
2.0,2,1,1200,1370,28.7026,-81.3885,0,0,1,0,0,11,3
3.0,3,1,1199,1370,34.1845,-80.804,1,1,0,0,0,11,3
2.0,3,1,3250,1371,34.0372,-118.2972,1,1,0,0,0,11,3
2.0,3,1,1995,1372,39.1276,-76.6876,0,0,1,4,99,4,2
2.5,2,1,1969,1372,28.2966,-81.6162,0,0,1,2,99,22,1
2.0,3,1,1399,1372,33.56,-101.8904,1,1,0,0,0,11,3
1.0,3,1,2488,1374,40.4448,-79.9725,0,0,1,0,0,11,3
1.5,3,1,1300,1374,39.7151,-86.0957,0,0,1,0,19,13,4
2.5,2,1,3500,1375,34.0372,-118.2972,0,0,1,0,3,12,6
2.0,3,1,1549,1375,30.3054,-97.7497,1,1,0,0,0,11,3
1.5,2,1,1900,1376,40.5574,-74.2855,1,1,0,0,3,12,6
2.0,3,1,1350,1376,30.4415,-91.1012,1,1,0,0,4,11,6
2.0,3,1,9395,1377,47.6156,-122.2109,1,1,0,7,99,0,2
2.0,3,1,1092,1377,29.67,-95.1984,0,0,1,5,1,22,1
2.0,2,1,3497,1379,42.3015,-71.2316,0,0,1,11,99,0,2
2.0,3,1,1662,1379,35.9165,-78.9177,0,0,1,6,99,3,2
2.0,3,1,1249,1380,40.0533,-85.9252,1,1,0,0,0,11,3
2.0,3,1,1583,1382,32.8255,-97.1039,1,1,0,10,99,4,2
2.0,3,1,1500,1382,38.9163,-94.3719,1,1,0,6,0,11,3
2.0,3,1,1650,1384,33.6683,-86.8252,1,1,0,0,0,11,3
2.0,3,1,2208,1385,40.4448,-79.9725,0,0,1,0,0,11,3
2.0,3,1,1895,1385,28.4991,-81.5295,1,1,0,4,99,23,1
2.0,2,1,1800,1385,26.3673,-80.1526,0,0,1,0,3,12,6
2.0,3,1,1449,1385,32.5285,-97.3119,1,1,0,0,0,11,3
1.0,3,1,1431,1385,33.8162,-84.018,0,0,1,2,99,2,2
2.0,3,1,1399,1385,32.5285,-97.3119,1,1,0,3,0,11,3
1.5,3,1,1050,1385,43.1689,-77.6289,1,1,0,0,0,11,3
1.0,5,1,2495,1386,43.0724,-89.4003,0,0,1,4,4,11,6
2.0,3,1,1714,1386,36.7144,-76.2943,1,1,0,10,99,19,1
2.0,2,1,1599,1386,33.4146,-111.766,1,1,0,3,0,11,3
2.0,3,1,950,1386,43.8449,-88.8405,1,1,0,5,0,11,3
2.0,3,1,1499,1388,35.7876,-78.781,1,1,0,13,99,22,1
2.0,2,1,3995,1389,38.5587,-121.432,0,0,1,0,4,12,6
2.0,2,1,4800,1390,37.7599,-122.4379,1,1,0,2,0,11,3
2.0,2,1,1675,1390,39.6428,-74.9555,0,0,1,0,99,3,2
2.0,2,1,1500,1390,39.2259,-84.5136,1,1,0,0,8,11,2
2.0,2,1,2548,1391,34.1542,-118.4447,1,1,0,3,0,11,3
2.0,3,1,1350,1391,43.4468,-96.8378,1,1,0,3,0,11,3
2.5,3,1,1695,1392,40.6194,-116.9378,0,0,1,1,99,22,1
2.0,3,1,1146,1392,39.267,-84.2921,1,1,0,10,99,0,2
2.0,2,1,2885,1393,47.6829,-122.1209,0,0,1,0,99,3,2
2.0,5,1,1995,1393,43.0724,-89.4003,0,0,1,4,4,11,6
2.5,3,1,3810,1395,39.0004,-77.1051,1,0,0,5,99,22,1
3.0,3,1,1665,1395,35.6066,-77.3928,1,0,0,0,0,11,3
2.5,4,1,1400,1395,35.6101,-78.4715,1,1,0,0,3,12,6
2.5,4,1,1400,1395,35.6101,-78.4715,1,1,0,0,3,12,6
2.5,3,1,2155,1396,30.3054,-97.7497,0,0,1,0,0,11,3
2.5,2,1,1795,1396,26.0066,-80.2959,1,1,0,0,3,12,6
1.0,2,1,795,1397,41.4794,-81.5609,0,0,1,0,8,11,2
2.0,2,1,1995,1398,40.2206,-74.7174,0,0,1,3,99,4,2
2.0,3,1,1499,1398,32.7407,-97.3394,1,1,0,3,0,11,3
2.0,2,1,1229,1399,35.79,-78.9465,1,1,0,2,99,22,1
2.0,4,1,3750,1400,36.9873,-122.016,0,0,1,2,3,12,6
2.0,2,1,3495,1400,38.9118,-77.0132,0,1,0,4,0,11,3
2.5,2,1,3100,1400,37.5444,-121.982,1,1,0,0,0,11,3
2.0,2,1,2995,1400,34.0372,-118.2972,0,0,1,0,0,11,3
1.0,3,1,2695,1400,40.936,-73.7568,1,1,0,3,8,10,2
2.0,2,1,2460,1400,34.164,-118.4984,1,1,0,4,0,11,3
2.0,3,1,2450,1400,34.084,-118.1356,0,0,1,0,0,11,3
2.5,2,1,2400,1400,37.53,-77.477,0,0,1,0,0,11,3
1.5,2,1,2400,1400,43.585,-70.3706,0,0,1,0,3,12,6
2.0,2,1,2400,1400,41.8989,-87.6562,0,0,1,1,0,22,2
3.5,3,1,2190,1400,39.3191,-76.6126,1,1,0,0,3,12,6
3.0,3,1,2099,1400,39.1471,-86.5136,0,0,1,0,16,11,1
2.0,2,1,2058,1400,40.1171,-88.1889,1,1,0,10,0,11,3
2.0,3,1,2012,1400,28.2966,-81.6162,0,0,1,3,99,22,1
1.0,1,1,1700,1400,45.5091,-122.6449,1,1,0,0,0,11,3
2.0,3,1,1700,1400,42.9497,-85.6417,0,0,1,3,16,11,1
2.5,3,1,1695,1400,41.621,-88.4317,1,1,0,0,3,12,6
2.0,3,1,1676,1400,30.3054,-97.7497,1,1,0,3,3,12,6
1.0,2,1,1600,1400,41.8625,-87.6825,1,1,0,0,0,11,3
2.0,2,1,1550,1400,30.1931,-85.7746,0,0,1,0,0,11,3
2.0,2,1,1500,1400,41.5346,-72.8083,1,1,0,6,0,11,3
2.5,2,1,1429,1400,36.9427,-76.253,0,0,1,3,99,20,1
1.0,2,1,1400,1400,39.1679,-84.4933,1,1,0,3,4,11,6
1.0,3,1,1395,1400,40.0054,-75.1415,0,0,1,0,0,11,3
2.5,3,1,1375,1400,35.823,-78.6438,0,0,1,0,0,11,3
2.0,3,1,1300,1400,29.7714,-95.4343,1,1,0,2,0,11,3
1.0,3,1,1300,1400,41.7566,-72.689,0,0,1,0,3,12,6
2.0,3,1,1299,1400,33.8427,-84.0113,1,1,0,2,0,11,3
3.0,3,1,1295,1400,37.9488,-91.7628,1,1,0,0,0,11,3
3.0,3,1,1295,1400,37.9488,-91.7628,1,1,0,0,0,11,3
1.0,3,1,1295,1400,29.4624,-98.5253,1,1,0,0,0,11,3
2.0,2,1,1250,1400,36.6198,-93.2647,0,0,1,0,0,11,3
2.5,3,1,1199,1400,61.594,-149.4124,0,0,1,0,0,11,3
1.5,2,1,1125,1400,39.1679,-84.4933,1,1,0,1,6,21,3
1.0,4,1,1100,1400,39.1984,-96.6052,1,1,0,2,0,11,3
2.0,3,1,1090,1400,39.0178,-94.6969,1,0,0,5,12,10,5
2.5,2,1,1075,1400,36.3267,-94.0643,1,1,0,0,0,11,3
2.5,2,1,995,1400,36.0785,-94.1531,1,1,0,0,0,11,3
1.5,2,1,995,1400,40.8464,-81.2608,1,0,0,0,0,11,3
1.0,2,1,895,1400,43.5884,-96.5752,0,0,1,5,0,21,2
1.0,2,1,895,1400,43.5884,-96.5752,0,0,1,0,1,9,2
1.0,3,1,800,1400,42.3706,-83.1003,1,0,0,0,1,22,1
2.0,3,1,1419,1402,33.8614,-84.5382,1,1,0,5,99,4,2
2.0,2,1,1400,1402,27.0717,-82.3833,0,0,1,0,3,12,6
2.0,3,1,1099,1402,39.7953,-86.1387,1,1,0,5,0,11,3
1.0,1,1,2950,1403,42.328,-71.071,0,0,1,5,99,19,1
2.0,3,0,2125,1403,39.2144,-76.8797,0,0,1,7,99,2,2
1.5,2,1,1915,1405,39.2906,-84.3347,0,0,1,4,99,1,2
2.0,2,1,1735,1405,34.0299,-84.2425,1,1,0,12,99,1,2
2.5,3,1,1790,1406,33.5407,-86.6852,1,1,0,0,0,11,3
1.0,3,1,1695,1406,45.6558,-122.5888,0,0,1,0,0,11,3
1.5,3,1,950,1406,41.487,-90.57,1,1,0,0,8,11,2
3.0,3,1,1785,1407,26.6045,-80.1102,1,1,0,0,3,12,6
2.0,3,1,1349,1407,29.7714,-95.4343,1,1,0,3,4,11,6
2.0,3,1,1325,1407,29.7714,-95.4343,1,1,0,2,0,11,3
2.0,3,1,1105,1407,33.4632,-94.0736,0,0,1,4,99,0,2
2.0,2,1,4100,1408,47.616,-122.3275,0,0,1,0,0,11,3
2.0,3,1,1299,1408,29.4782,-98.2759,1,1,0,3,0,11,3
2.0,2,1,2600,1410,40.5114,-88.9877,1,1,0,0,0,11,3
2.0,2,1,1750,1410,39.5361,-76.2912,0,0,1,3,99,1,2
2.0,3,1,1675,1410,32.59,-96.9436,1,1,0,3,0,11,3
3.0,3,1,1599,1410,32.9075,-96.6339,1,1,0,0,0,11,3
2.0,3,1,1500,1410,35.1872,-101.8587,1,1,0,0,16,11,1
2.0,3,1,954,1410,40.4146,-104.7321,1,1,0,2,0,11,3
2.0,2,1,1780,1412,34.0299,-84.2425,1,1,0,12,99,1,2
3.0,3,1,1500,1412,33.1932,-87.5349,1,1,0,0,3,12,6
2.0,3,1,1399,1412,27.8492,-82.3155,1,1,0,4,0,11,3
2.0,3,1,1325,1412,33.8691,-84.7686,1,1,0,3,4,11,6
2.5,2,1,1775,1413,39.205,-84.3987,0,0,1,0,99,1,2
2.0,3,1,1599,1413,35.2016,-80.8124,1,1,0,0,0,11,3
2.5,3,1,3625,1414,38.9118,-77.0132,0,0,1,0,0,11,3
2.0,3,1,2870,1415,39.1649,-76.7156,1,1,0,0,0,20,2
2.0,3,1,2075,1415,39.5373,-76.3558,0,0,1,6,99,1,2
2.0,2,1,2560,1416,32.7809,-96.8035,1,1,0,6,99,18,1
1.0,3,1,1650,1416,43.0724,-89.4003,1,1,0,1,4,11,6
2.0,3,1,1499,1416,35.1149,-80.7015,1,1,0,0,8,10,2
2.0,4,1,1349,1416,32.9075,-96.6339,1,1,0,0,0,11,3
2.0,3,1,1249,1416,33.9217,-84.8634,1,1,0,4,0,11,3
2.0,4,1,1822,1417,47.4081,-122.3162,1,1,0,7,4,11,6
2.0,3,1,1400,1417,33.8813,-84.6873,1,1,0,2,4,11,6
1.0,0,1,52500,1418,34.887,-117.035,0,0,1,5,2,11,1
1.0,4,1,2250,1418,43.0724,-89.4003,1,1,0,4,0,11,3
2.5,3,1,1525,1419,30.0066,-97.8071,0,1,0,0,3,12,6
3.0,3,1,1425,1419,35.6066,-77.3928,1,1,0,8,0,11,3
2.0,2,1,2770,1422,40.8876,-74.0499,0,0,1,2,99,4,2
2.5,3,1,1295,1422,47.9179,-97.0658,0,0,1,0,0,11,3
2.0,3,1,1380,1423,40.297,-79.9152,1,1,0,4,99,3,2
2.0,4,1,1821,1424,47.8318,-122.2834,1,1,0,6,0,11,3
2.0,2,1,2500,1425,42.3882,-83.1122,1,1,0,5,0,11,3
2.0,4,1,1499,1425,27.9165,-82.2486,1,1,0,4,0,11,3
2.5,3,1,1495,1425,38.9329,-94.7538,0,1,0,0,8,11,2
2.0,3,1,1415,1425,34.0007,-84.4665,0,0,1,7,99,3,2
2.5,2,1,3500,1428,42.1666,-70.9511,1,1,0,2,99,22,1
2.5,2,1,3500,1428,42.1666,-70.9511,0,0,1,2,99,22,1
2.0,1,1,2200,1428,43.6046,-116.2475,0,0,1,0,0,11,3
4.0,4,1,2196,1429,29.4624,-98.5253,0,0,1,7,0,11,3
2.0,3,1,1474,1429,34.0007,-84.4665,1,1,0,3,99,3,2
2.5,2,1,1300,1429,27.4716,-82.5697,0,0,1,0,3,12,6
2.0,3,0,1150,1429,35.2441,-97.4144,0,0,1,1,99,3,2
1.5,3,1,2395,1430,42.1865,-71.202,1,1,0,0,99,18,1
1.5,3,1,1900,1430,43.6046,-116.2475,0,0,1,0,0,11,3
2.5,3,1,1550,1430,29.7398,-98.1021,1,1,0,1,0,11,3
2.0,3,1,1299,1430,29.7714,-95.4343,1,1,0,4,4,11,6
2.0,3,1,1875,1432,30.4433,-97.6282,0,0,1,3,0,11,3
2.0,3,1,1875,1432,30.4433,-97.6282,0,0,1,0,4,11,6
2.5,2,1,2799,1433,39.1649,-76.7156,1,1,0,0,0,20,2
2.5,2,1,2600,1434,37.9389,-122.3331,0,0,1,0,12,11,5
2.0,2,1,2200,1434,36.137,-86.783,0,0,1,0,0,11,3
2.0,2,1,1880,1436,40.2659,-74.6959,1,1,0,1,99,4,2
2.0,2,1,1740,1436,32.9661,-96.7988,0,0,1,4,99,23,1
3.0,3,1,2050,1438,30.3054,-97.7497,1,1,0,3,3,12,6
2.5,2,1,1739,1438,30.4433,-97.6282,0,0,1,0,0,11,3
2.0,3,1,1499,1438,30.4973,-97.8276,1,1,0,0,0,11,3
2.0,4,1,1525,1439,43.7012,-85.4657,0,0,1,0,0,11,3
2.5,2,1,4000,1440,32.6596,-117.1595,0,1,0,0,0,11,3
2.0,3,1,2550,1440,47.616,-122.3275,1,1,0,0,0,11,3
1.0,4,1,2295,1440,43.0724,-89.4003,1,1,0,1,19,13,4
2.0,3,1,2145,1440,30.4433,-97.6282,0,0,1,3,0,11,3
2.0,3,1,1975,1440,30.6505,-97.6809,0,0,1,0,0,11,3
2.0,3,1,1449,1440,35.414,-80.8526,1,1,0,0,4,11,6
2.5,3,1,1367,1440,41.7216,-93.6074,1,1,0,0,0,11,3
2.5,3,1,1367,1440,41.6828,-93.7077,1,1,0,0,0,11,3
2.0,3,1,1325,1440,29.7714,-95.4343,1,1,0,2,0,11,3
2.0,3,1,1099,1440,39.6093,-86.139,1,1,0,4,0,11,3
2.0,3,1,2285,1441,47.5582,-122.0044,1,1,0,3,99,2,2
2.0,3,1,1179,1443,36.0913,-79.2861,0,0,1,11,99,20,1
2.0,3,1,1135,1443,36.0746,-79.0777,1,1,0,5,99,19,1
2.0,3,1,1599,1444,36.0402,-86.6385,1,1,0,2,0,11,3
2.0,3,1,1499,1444,32.7025,-97.1196,1,1,0,3,0,11,3
2.5,3,1,1395,1444,35.1149,-80.7015,0,0,1,0,3,12,6
2.0,3,1,1199,1444,30.0871,-95.4685,1,1,0,2,0,11,3
2.0,3,1,1599,1445,32.5807,-97.138,1,1,0,3,0,11,3
2.0,4,1,2450,1446,26.1343,-80.233,1,1,0,0,8,11,2
2.0,3,0,2500,1447,33.8737,-84.5097,1,1,0,3,99,4,2
2.0,2,1,1358,1448,35.7181,-78.7326,1,1,0,4,99,2,2
2.0,4,1,1818,1449,47.8318,-122.2834,1,1,0,12,0,11,3
3.0,3,1,8000,1450,34.0948,-118.3699,1,1,0,0,16,11,1
2.0,2,1,4494,1450,33.9855,-118.4532,0,0,1,5,99,0,2
2.0,2,1,3995,1450,37.552,-122.306,1,0,0,0,0,11,3
2.5,3,1,1599,1450,42.2368,-83.6103,0,1,0,0,0,11,3
2.0,3,1,1500,1450,29.4624,-98.5253,1,1,0,0,8,11,2
2.0,4,1,1425,1450,35.2016,-80.8124,1,1,0,0,8,10,2
1.0,3,1,1340,1450,43.0637,-88.1403,1,1,0,2,12,11,5
2.0,3,1,1199,1450,34.0505,-81.0098,1,1,0,2,0,11,3
2.0,3,1,1149,1450,30.0871,-95.4685,1,1,0,4,0,11,3
2.5,2,1,2350,1451,38.5587,-121.432,1,0,0,0,0,11,3
3.0,3,1,1755,1452,36.1519,-79.8168,1,1,0,3,99,21,1
2.0,3,1,1349,1452,33.9217,-84.8634,1,1,0,2,4,11,6
2.0,3,1,1556,1454,34.0791,-84.2039,0,0,1,9,99,0,2
2.0,3,1,1525,1454,30.4528,-87.2644,1,1,0,0,0,11,3
2.0,4,1,1325,1454,29.5599,-95.8356,1,1,0,3,0,11,3
2.0,3,1,1249,1454,30.0021,-95.2555,1,1,0,2,0,11,3
2.5,2,1,2665,1455,40.8367,-74.1027,0,0,1,0,99,1,2
2.0,3,1,2229,1455,32.9314,-97.0956,0,0,1,4,99,4,2
2.0,2,1,1450,1455,36.0516,-115.0235,1,1,0,0,0,11,3
2.0,3,1,1800,1456,61.3186,-149.5355,0,1,0,0,0,11,3
2.5,2,1,1633,1456,42.4821,-83.3773,1,1,0,0,0,11,3
2.0,3,1,1399,1456,33.939,-81.3118,1,1,0,4,0,11,3
2.0,2,1,5170,1457,34.0394,-118.2656,1,1,0,3,99,18,1
2.0,3,1,1575,1457,43.6046,-116.2475,0,0,1,0,0,11,3
2.0,2,1,1375,1457,42.9908,-89.5684,1,1,0,8,4,11,6
2.0,4,1,1250,1457,33.5953,-86.1298,1,1,0,0,3,12,6
2.0,4,1,1250,1457,33.5953,-86.1298,1,1,0,0,3,12,6
2.5,3,1,800,1458,44.4487,-83.3796,0,0,1,0,3,12,6
2.5,3,1,1700,1459,30.6505,-97.6809,1,1,0,0,3,12,6
2.0,3,1,1425,1459,27.7164,-82.4294,1,1,0,2,0,11,3
2.0,3,0,3150,1460,40.6999,-74.3233,1,1,0,12,99,1,2
1.0,3,1,1450,1460,32.7407,-97.3394,1,1,0,3,0,11,3
2.0,3,1,1299,1460,35.2016,-80.8124,1,1,0,4,4,11,6
2.0,3,1,1650,1461,27.8492,-82.3155,1,1,0,0,3,12,6
2.0,3,1,1475,1463,35.2016,-80.8124,1,1,0,4,4,11,6
2.0,2,1,3800,1465,33.6019,-117.8637,1,1,0,0,0,11,3
2.0,2,1,2743,1465,38.6293,-76.9675,0,0,1,4,99,19,1
2.0,3,1,925,1465,35.358,-94.3964,1,1,0,1,0,11,3
2.0,5,1,2950,1467,39.1471,-86.5136,0,0,1,4,0,11,3
2.0,4,1,1399,1468,32.7407,-97.3394,1,1,0,4,0,11,3
2.0,4,1,3240,1470,39.1679,-84.4933,0,0,1,9,4,11,6
2.0,2,1,2424,1470,32.7809,-96.8035,1,1,0,2,99,18,1
2.0,2,1,2395,1470,42.4849,-71.1568,0,0,1,0,0,11,3
3.0,3,1,960,1470,40.4969,-86.9659,1,1,0,4,0,11,3
2.0,3,1,2201,1471,39.1268,-76.5127,1,1,0,15,99,4,2
2.0,3,0,1495,1472,32.5284,-97.3119,0,0,1,1,99,3,2
2.5,3,1,1550,1473,29.2828,-94.8253,1,1,0,0,0,11,3
2.0,2,1,1217,1473,35.7589,-78.778,1,1,0,8,99,22,1
2.0,3,1,975,1473,44.1812,-88.4881,1,1,0,2,0,11,3
2.0,3,1,817,1473,43.7815,-88.4411,1,0,0,2,0,11,3
2.5,4,1,3200,1474,37.6806,-121.8921,1,1,0,0,0,11,3
2.0,3,1,1449,1474,29.7398,-98.1021,1,1,0,2,0,11,3
2.0,3,1,1449,1474,29.7398,-98.1021,1,1,0,2,0,11,3
2.0,3,1,1449,1474,29.7398,-98.1021,1,1,0,2,0,11,3
2.0,3,1,1550,1475,30.4415,-91.1012,0,0,1,0,8,11,2
2.0,4,1,1771,1476,47.3851,-122.1882,1,1,0,11,0,11,3
2.0,3,1,1449,1476,29.7714,-95.4343,1,1,0,3,0,11,3
1.0,1,1,675,1476,42.9236,-74.1709,0,0,1,3,8,21,1
2.0,3,1,1425,1477,36.1519,-79.8168,1,1,0,4,99,21,1
3.0,4,1,4995,1480,40.722,-74.0644,1,1,0,4,99,3,2
3.0,3,1,1710,1480,33.1979,-87.5419,1,1,0,0,8,11,2
2.0,3,1,1449,1480,30.1622,-81.7613,1,1,0,0,4,11,6
2.0,3,1,1145,1480,35.471,-97.5299,0,0,1,0,8,11,2
1.0,3,1,1125,1481,32.4645,-93.7879,1,1,0,0,0,11,3
2.5,3,1,3500,1484,47.616,-122.3275,1,1,0,0,0,11,3
2.0,3,0,2022,1485,47.4457,-122.1407,0,0,1,0,99,4,2
2.0,3,1,1584,1486,39.0744,-94.5521,1,1,0,8,0,11,3
2.0,4,1,2895,1488,40.7667,-74.0295,1,1,0,6,99,2,2
2.0,3,1,1200,1488,34.7264,-92.348,1,1,0,2,8,11,2
3.0,4,1,1425,1489,33.4015,-84.2813,1,1,0,3,4,11,6
2.5,3,1,2067,1490,39.065,-76.9815,0,0,1,1,99,1,2
2.5,3,1,2052,1490,39.065,-76.9815,1,0,0,1,99,0,2
2.0,3,1,1600,1490,32.8255,-97.1039,1,1,0,10,99,4,2
2.0,3,1,1475,1490,29.7898,-95.7613,1,1,0,2,0,11,3
2.0,3,1,1300,1490,33.9217,-84.8634,1,1,0,2,0,11,3
2.0,3,1,1349,1491,34.119,-81.1962,1,1,0,2,0,11,3
3.5,4,1,1695,1494,46.8013,-100.7562,1,1,0,0,0,11,3
2.5,2,1,3300,1495,40.8488,-73.9736,0,0,1,6,8,21,1
2.5,2,1,3299,1495,32.7876,-117.1265,1,1,0,0,0,11,3
2.0,3,1,1862,1495,33.9295,-84.4662,1,1,0,1,99,4,2
2.0,3,1,1499,1495,35.2016,-80.8124,1,1,0,2,4,11,6
2.0,3,1,1053,1495,43.7503,-87.98,1,1,0,2,0,11,3
2.0,3,1,1750,1496,33.56,-101.8904,1,1,0,0,4,12,6
2.0,2,1,950,1496,31.3256,-85.8446,1,1,0,3,0,11,3
2.5,3,1,3050,1497,33.634,-117.6061,1,1,0,0,16,11,1
2.0,2,1,1995,1498,42.9908,-89.5684,1,1,0,8,4,11,6
2.0,2,1,1485,1498,36.1854,-86.6004,1,1,0,6,4,11,6
2.0,2,1,1449,1498,42.5784,-83.032,1,1,0,0,0,11,3
2.0,4,1,1425,1498,34.0163,-84.6233,1,1,0,2,0,11,3
2.0,3,1,1812,1499,36.0346,-78.869,0,0,1,3,99,3,2
2.0,3,1,825,1499,44.3024,-75.4157,1,1,0,11,7,16,2
2.0,3,1,5695,1500,37.7599,-122.4379,0,0,1,0,0,11,3
2.5,2,1,4395,1500,34.0372,-118.2972,1,0,0,0,0,11,3
1.5,3,1,4150,1500,34.0372,-118.2972,1,1,0,0,0,11,3
1.0,2,1,3695,1500,34.0372,-118.2972,1,1,0,0,0,11,3
1.0,1,1,3650,1500,34.0231,-118.4811,1,1,0,0,0,11,3
3.0,4,1,3400,1500,38.0172,-84.4931,1,1,0,5,0,11,3
1.0,4,1,3175,1500,42.3584,-71.1318,0,0,1,0,0,11,3
3.0,4,1,2995,1500,40.1145,-88.2723,0,0,1,4,0,11,3
2.0,2,1,2927,1500,38.9799,-77.0798,1,0,0,0,0,20,2
2.0,2,0,2900,1500,34.1375,-118.1656,0,0,1,5,99,4,2
1.0,2,1,2799,1500,28.0076,-82.4792,1,1,0,2,0,11,3
3.0,4,1,2600,1500,39.9974,-82.9829,1,0,0,0,3,12,6
2.0,2,1,2588,1500,38.9799,-77.0798,0,0,1,2,99,22,1
1.0,2,1,2540,1500,39.736,-104.9819,1,1,0,0,0,11,3
1.0,3,1,2400,1500,47.616,-122.3275,0,0,1,2,0,11,3
2.0,4,0,2200,1500,33.7815,-118.1934,1,1,0,2,99,3,2
2.0,3,1,2167,1500,38.6274,-90.304,0,0,1,3,19,13,4
2.0,4,1,1850,1500,39.9974,-82.9829,1,0,0,3,19,13,4
3.0,3,1,1800,1500,34.3504,-89.519,1,1,0,0,0,11,3
2.0,3,1,1750,1500,38.6274,-90.304,0,0,1,0,12,11,5
1.0,4,1,1699,1500,43.0531,-87.9659,0,0,1,2,4,11,6
1.0,3,1,1699,1500,43.0531,-87.9659,0,0,1,6,19,13,4
2.0,2,1,1650,1500,44.3093,-73.2387,0,0,1,0,99,3,2
2.0,4,1,1500,1500,42.5286,-92.4509,1,1,0,2,0,11,3
2.0,2,1,1500,1500,42.8658,-88.3371,1,1,0,4,4,11,6
1.0,4,1,1500,1500,39.9974,-82.9829,1,1,0,3,19,13,4
2.5,3,1,1500,1500,33.5178,-112.0848,0,0,1,0,19,14,4
2.5,2,1,1490,1500,42.6646,-83.2739,1,1,0,0,0,11,3
1.0,2,1,1450,1500,41.8625,-87.6825,1,1,0,0,0,11,3
1.0,2,1,1450,1500,41.8625,-87.6825,0,0,1,0,0,11,3
1.5,3,1,1250,1500,37.0867,-76.4941,1,1,0,0,0,11,3
1.0,3,1,1195,1500,41.2321,-111.9813,0,0,1,1,21,0,3
2.0,2,0,1145,1500,33.9295,-84.4662,1,0,0,0,99,4,2
2.0,3,1,1135,1500,39.1912,-84.4615,1,1,0,7,99,0,2
3.0,3,1,1100,1500,33.5953,-86.1298,0,0,1,0,3,12,6
1.0,3,1,1095,1500,43.5329,-96.7265,1,1,0,0,0,11,3
2.0,3,1,1050,1500,33.967,-80.9358,0,0,1,4,0,20,2
1.0,5,1,1000,1500,42.9721,-85.9328,0,0,1,2,0,11,3
2.0,2,1,1000,1500,39.1471,-86.5136,1,1,0,8,0,11,3
1.0,3,1,1000,1500,42.5859,-87.8552,1,0,0,1,24,21,6
2.0,2,1,950,1500,33.8297,-85.7759,0,0,1,0,0,11,3
2.0,3,1,925,1500,48.1121,-98.8576,0,0,1,0,0,11,3
2.0,3,1,750,1500,37.6836,-97.3369,0,0,1,0,0,11,3
1.0,3,1,725,1500,40.4711,-80.089,0,0,1,2,99,4,2
3.5,3,1,599,1500,35.2314,-97.5069,0,0,1,0,99,4,2
3.5,3,1,599,1500,35.2314,-97.5069,0,0,1,0,99,4,2
2.0,4,1,1549,1501,27.7873,-82.6772,1,1,0,2,4,11,6
2.0,3,1,1727,1502,40.6057,-80.2842,0,0,1,2,99,3,2
2.0,3,1,1899,1503,39.9223,-76.5763,1,1,0,0,0,11,3
2.0,3,1,1499,1503,27.8492,-82.3155,1,1,0,3,0,11,3
2.0,3,1,1181,1503,36.0746,-79.0777,0,0,1,5,99,19,1
2.0,3,1,1900,1504,32.9615,-97.6838,1,1,0,0,3,12,6
3.0,3,1,1249,1504,36.1554,-115.1733,1,1,0,2,0,11,3
2.5,2,1,4995,1506,32.8395,-117.2525,1,1,0,0,0,11,3
2.0,4,1,4100,1506,42.2792,-71.2439,0,0,1,4,99,0,2
2.5,3,1,1400,1508,39.7953,-86.1387,0,0,1,0,16,11,1
2.0,3,1,1399,1508,35.2016,-80.8124,1,1,0,0,0,11,3
2.0,3,1,1549,1510,35.6101,-78.4715,1,1,0,2,0,11,3
2.0,4,1,3400,1512,39.1471,-86.5136,1,1,0,0,0,11,3
2.5,3,1,2900,1512,38.7999,-77.1072,0,1,0,0,3,12,6
2.5,3,1,2650,1512,35.2016,-80.8124,0,1,0,0,0,11,3
2.0,3,1,1599,1512,29.925,-95.0704,1,1,0,3,0,11,3
2.0,3,1,1365,1512,33.873,-84.112,1,1,0,5,99,3,2
1.5,3,1,4500,1515,37.7904,-122.2151,0,1,0,0,0,11,3
2.0,4,1,1299,1516,30.0871,-95.4685,1,1,0,5,0,11,3
2.0,2,1,1249,1517,33.7147,-84.1355,1,1,0,1,4,11,6
2.5,3,1,1795,1518,41.6475,-93.4713,1,1,0,0,0,11,3
2.0,3,1,1445,1518,29.4624,-98.5253,1,1,0,0,0,11,3
3.0,2,1,2600,1519,39.736,-104.9819,1,1,0,0,0,11,3
2.5,2,1,3000,1520,33.4452,-117.6264,0,0,1,0,4,12,6
4.0,4,1,1540,1520,30.439,-84.3168,1,1,0,12,0,11,3
2.0,3,1,1399,1520,29.7714,-95.4343,1,1,0,2,0,11,3
2.0,3,1,1399,1520,33.9569,-84.0214,1,1,0,0,0,11,3
2.0,3,1,1299,1520,29.7714,-95.4343,1,1,0,4,0,11,3
2.0,2,1,1720,1521,42.2689,-88.061,1,1,0,0,0,11,3
2.0,2,1,2150,1522,29.4624,-98.5253,1,1,0,0,0,11,3
2.5,3,1,1795,1522,34.0718,-84.2525,0,0,1,0,0,11,3
2.0,2,1,4145,1524,34.1549,-118.1275,1,1,0,8,4,11,6
2.5,3,1,1295,1524,29.4624,-98.5253,1,1,0,0,0,11,3
2.5,3,1,3250,1525,33.5585,-117.6695,1,1,0,0,0,11,3
2.5,3,1,1695,1525,46.8296,-100.8908,1,1,0,0,0,11,3
2.0,3,1,1691,1526,34.0791,-84.2039,0,0,1,9,99,0,2
2.5,3,1,3245,1527,40.7766,-74.3914,1,1,0,2,99,1,2
2.5,3,1,1450,1528,42.2686,-84.945,1,1,0,0,0,11,3
2.0,3,1,1125,1528,35.2399,-97.4552,1,1,0,0,8,11,2
1.0,0,1,1375,1530,41.2562,-96.0404,1,1,0,0,3,12,6
3.0,3,1,1199,1530,34.119,-81.1962,1,1,0,2,0,11,3
2.0,3,1,1199,1532,39.7953,-86.1387,1,1,0,2,0,11,3
2.0,3,1,1973,1533,39.4915,-76.6609,0,0,1,0,99,1,2
2.0,2,1,2595,1534,40.8876,-74.0499,1,0,0,5,6,21,3
1.5,3,1,975,1534,35.4622,-97.3764,0,1,0,0,0,11,3
2.0,3,1,915,1535,44.3866,-88.7473,1,1,0,2,0,11,3
1.0,4,1,2200,1536,38.9401,-92.3167,0,0,1,0,0,11,3
1.0,4,1,1499,1536,33.3898,-111.9272,1,1,0,5,4,11,6
2.5,2,1,2945,1538,44.9855,-93.3023,0,0,1,0,0,11,3
2.0,3,1,1574,1538,32.7025,-97.1196,1,1,0,2,4,11,6
3.5,3,1,1500,1539,33.1932,-87.5349,1,1,0,0,3,12,6
2.0,3,1,1565,1540,34.0299,-84.2425,1,1,0,12,99,1,2
2.0,3,1,1299,1540,39.7953,-86.1387,1,1,0,2,0,11,3
2.0,3,1,1250,1540,39.0296,-96.8345,1,1,0,0,3,12,6
2.0,2,1,3325,1541,41.5073,-81.6046,1,1,0,2,99,19,1
2.0,2,1,3325,1541,41.5073,-81.6046,0,0,1,2,99,19,1
2.0,2,1,2195,1541,41.3806,-72.8618,1,1,0,0,0,11,3
2.0,3,1,2000,1541,39.6041,-104.8594,0,1,0,0,0,11,3
2.0,3,1,1865,1542,29.4624,-98.5253,0,0,1,3,0,11,3
2.5,3,1,1695,1542,46.8013,-100.7562,1,1,0,0,0,11,3
2.5,3,1,1695,1542,46.8013,-100.7562,1,1,0,0,0,11,3
2.5,3,1,1695,1542,46.8296,-100.8908,1,1,0,0,26,11,5
2.5,3,1,1695,1542,46.8013,-100.7562,1,1,0,0,26,11,5
2.5,3,1,1650,1542,46.8296,-100.8908,1,1,0,0,0,11,3
2.5,3,1,1650,1542,46.8013,-100.7562,1,1,0,0,4,12,6
2.5,3,1,1599,1542,46.8296,-100.8908,1,1,0,0,26,11,5
2.0,3,1,1499,1544,30.2989,-81.6324,1,1,0,4,0,11,3
2.0,3,1,1499,1544,30.2989,-81.6324,1,1,0,4,0,11,3
3.0,3,1,2025,1545,42.9868,-78.757,0,0,1,0,8,11,2
2.5,5,1,2200,1549,38.9954,-94.6422,0,0,1,0,3,12,6
2.5,3,1,4795,1550,33.0534,-117.266,1,1,0,0,0,11,3
2.0,3,1,2800,1550,42.3426,-71.1985,0,0,1,5,99,23,1
2.5,2,1,2645,1550,39.2735,-76.8674,0,0,1,2,99,2,2
1.0,2,1,1795,1550,44.9855,-93.3023,1,0,0,0,3,12,6
2.5,3,1,1695,1550,41.6251,-93.7375,1,1,0,0,0,11,3
2.0,3,1,1570,1550,40.4678,-79.9134,0,0,1,5,99,4,2
2.0,3,1,1395,1550,47.9179,-97.0658,0,0,1,0,0,11,3
2.0,4,1,1225,1550,34.5687,-92.5783,0,0,1,3,25,21,5
3.0,2,1,1150,1550,38.7608,-90.4129,1,1,0,6,19,13,4
3.0,4,1,4050,1552,42.2711,-83.745,0,0,1,3,0,11,3
3.0,4,1,3950,1552,42.2711,-83.745,0,0,1,3,0,11,3
2.0,2,1,1450,1552,43.7545,-87.7404,1,1,0,7,0,11,3
2.5,2,1,1360,1552,27.9275,-82.2984,1,1,0,0,0,11,3
2.0,3,1,1199,1553,29.4624,-98.5253,1,1,0,3,0,11,3
2.0,3,1,5035,1555,34.0263,-118.4732,1,1,0,2,99,1,2
1.0,5,1,4450,1555,42.328,-71.071,0,0,1,3,0,11,3
2.0,3,1,1449,1555,27.7164,-82.4294,1,1,0,3,0,11,3
1.0,2,1,1700,1556,38.6274,-90.304,0,0,1,0,0,11,3
2.0,3,1,2195,1558,33.945,-117.4074,0,0,1,0,0,11,3
2.0,3,1,1299,1558,33.9531,-81.2381,1,1,0,3,0,11,3
2.0,3,1,2475,1559,39.1008,-76.8827,1,1,0,3,99,19,1
2.0,3,1,1750,1559,32.5807,-97.138,1,1,0,4,0,11,3
2.0,4,1,2995,1560,43.0724,-89.4003,1,1,0,3,4,11,6
2.0,3,1,1325,1560,35.5795,-80.8153,1,1,0,2,0,11,3
2.0,3,1,2895,1562,45.5091,-122.6449,1,1,0,0,0,11,3
2.5,3,1,1645,1562,46.8013,-100.7562,1,1,0,0,0,11,3
2.0,3,1,1349,1564,35.6101,-78.4715,1,1,0,0,0,11,3
2.0,4,1,1225,1566,34.5687,-92.5783,0,0,1,3,25,21,5
2.0,3,0,1205,1566,39.8456,-84.1117,0,0,1,2,99,2,2
2.0,3,1,1199,1566,34.0861,-81.1418,1,1,0,1,0,11,3
1.0,1,1,1100,1567,42.2329,-83.2689,0,0,1,3,1,22,1
1.0,5,1,2295,1568,43.0724,-89.4003,0,0,1,0,0,11,3
2.0,3,1,1399,1568,33.5178,-112.0848,1,1,0,4,4,11,6
2.0,3,1,7500,1570,37.7599,-122.4379,0,0,1,0,8,11,2
2.0,3,1,2995,1570,34.2802,-119.2268,0,0,1,0,3,12,6
2.0,3,1,1495,1570,40.5425,-111.9637,0,0,1,2,10,21,6
2.0,3,1,1325,1570,33.7218,-84.744,1,1,0,2,0,11,3
2.0,3,1,1349,1572,29.3735,-98.7187,1,1,0,3,0,11,3
2.0,4,1,3380,1573,37.6812,-121.7519,0,0,1,2,0,11,3
2.0,3,1,2000,1574,34.2009,-118.8636,1,1,0,0,0,11,3
2.0,3,1,1549,1574,27.9275,-82.2984,1,1,0,3,0,11,3
2.5,3,1,2995,1575,44.9855,-93.3023,1,1,0,0,0,11,3
2.5,2,1,1700,1575,42.7624,-83.2742,1,1,0,1,3,12,6
2.0,3,1,1425,1575,35.6101,-78.4715,1,1,0,0,4,11,6
2.0,3,1,1349,1578,29.9884,-95.6728,1,1,0,3,0,11,3
2.0,3,1,1350,1580,36.0785,-94.1531,0,0,1,0,0,11,3
2.0,3,1,1950,1581,32.9631,-96.7212,1,0,0,0,0,11,3
2.0,3,1,1449,1581,33.9217,-84.8634,1,1,0,2,4,11,6
2.0,4,1,1399,1582,33.9569,-84.0214,1,1,0,3,0,11,3
2.0,3,1,1299,1582,29.7714,-95.4343,1,1,0,3,0,11,3
2.0,2,1,1395,1583,33.8785,-84.2487,1,1,0,11,0,11,3
2.5,3,1,3500,1584,38.7999,-77.1072,0,0,1,0,0,11,3
2.0,4,1,1095,1584,39.0744,-94.5521,1,1,0,0,0,11,3
2.0,3,1,1425,1586,35.224,-81.1809,1,1,0,2,4,11,6
3.0,3,1,3275,1588,34.1132,-117.6615,0,0,1,2,4,11,6
3.0,3,1,1352,1588,30.3054,-97.7497,1,1,0,0,0,11,3
2.0,3,1,2995,1590,41.8625,-87.6825,0,0,1,1,8,10,2
2.0,3,1,2750,1590,33.3898,-111.9272,0,1,0,3,8,10,2
2.0,2,1,2499,1590,34.1881,-118.3905,0,0,1,1,0,11,3
3.0,3,1,1199,1591,39.4846,-86.0525,1,1,0,2,0,11,3
2.5,3,1,1795,1592,41.621,-88.4317,1,1,0,0,0,11,3
2.0,3,1,1675,1593,42.0259,-93.6516,1,1,0,2,4,11,6
2.0,5,1,2305,1594,43.0724,-89.4003,0,0,1,5,0,11,3
2.0,3,1,1675,1594,28.6921,-81.5149,0,0,1,0,0,11,3
2.0,3,1,1499,1594,30.0871,-95.4685,1,1,0,2,0,11,3
2.0,3,1,4995,1595,27.3181,-82.4987,1,1,0,0,0,11,3
2.0,2,1,2089,1595,40.4249,-79.981,0,0,1,1,99,4,2
2.0,3,1,1350,1595,36.0785,-94.1531,0,0,1,2,0,11,3
2.0,3,1,3600,1596,33.7848,-84.3922,1,0,0,0,0,11,3
2.0,3,1,1449,1596,33.6047,-112.2456,1,1,0,4,0,11,3
2.5,2,1,1425,1596,35.4047,-80.6098,1,1,0,0,8,11,2
3.0,3,1,1317,1596,35.2399,-97.4552,1,1,0,6,4,11,6
3.5,3,1,3000,1597,26.1343,-80.233,1,1,0,0,0,11,3
2.0,3,1,1995,1597,42.1165,-88.5022,1,1,0,0,3,12,6
3.0,3,1,3695,1600,34.0372,-118.2972,0,0,1,0,0,11,3
2.0,3,1,3000,1600,40.6496,-73.9596,1,1,0,0,3,12,6
1.0,1,1,2490,1600,41.265,-77.0338,0,0,1,0,12,11,5
2.0,4,1,1799,1600,43.0531,-87.9659,0,0,1,4,19,13,4
2.0,3,1,1799,1600,43.0531,-87.9659,0,0,1,5,19,13,4
2.0,3,1,1795,1600,35.6757,-97.4949,0,0,1,0,8,11,2
2.0,3,1,1760,1600,40.0054,-75.1415,1,1,0,0,0,11,3
2.0,2,1,1740,1600,26.7173,-80.1164,1,1,0,0,0,11,3
1.0,3,1,1699,1600,43.0531,-87.9659,0,0,1,5,4,11,6
2.0,3,1,1500,1600,42.0259,-93.6516,1,1,0,0,4,11,6
2.0,2,1,1495,1600,39.3191,-76.6126,0,0,1,0,0,11,3
2.0,3,1,1375,1600,35.5795,-80.8153,1,1,0,0,0,11,3
1.0,2,1,1260,1600,39.1471,-86.5136,0,0,1,0,3,12,6
2.0,3,1,1250,1600,43.5329,-96.7265,1,1,0,6,0,11,3
2.0,4,1,1249,1600,33.9531,-81.2381,1,1,0,2,0,11,3
2.0,3,1,1145,1600,35.4975,-97.7329,0,0,1,0,0,11,3
1.5,2,1,900,1600,39.3548,-94.7961,0,0,1,0,0,11,3
2.5,3,1,886,1600,33.8091,-84.238,1,1,0,6,99,1,2
2.5,3,1,886,1600,33.8091,-84.238,0,0,1,7,99,1,2
2.0,2,1,825,1600,33.6679,-85.8096,0,0,1,0,26,11,5
3.0,3,1,2220,1601,33.7338,-116.3541,0,0,1,0,0,11,3
2.0,2,1,1995,1601,43.6046,-116.2475,0,0,1,0,0,11,3
2.0,4,1,1425,1601,35.4047,-80.6098,1,1,0,0,0,11,3
2.0,3,1,1399,1603,29.7897,-95.1191,1,1,0,2,0,11,3
2.0,3,1,1299,1604,35.2016,-80.8124,1,1,0,0,0,11,3
2.0,4,1,1399,1607,35.4047,-80.6098,1,1,0,4,4,11,6
1.0,3,1,1049,1609,29.7714,-95.4343,1,1,0,4,0,11,3
2.0,2,1,1650,1610,27.3181,-82.4987,0,0,1,2,0,11,3
2.0,2,1,1400,1610,34.0007,-84.4665,0,0,1,11,99,3,2
2.0,3,1,1399,1610,30.0871,-95.4685,1,1,0,5,4,11,6
2.0,3,1,1462,1611,35.7589,-78.778,1,1,0,0,99,22,1
2.0,2,1,4000,1612,32.6596,-117.1595,0,1,0,0,0,11,3
2.0,3,1,1625,1612,35.2016,-80.8124,1,1,0,2,8,10,2
3.0,4,1,2455,1613,32.8524,-97.0886,1,1,0,16,99,3,2
3.0,4,1,2434,1613,32.8524,-97.0886,1,1,0,16,99,3,2
2.0,3,1,2595,1615,33.2181,-117.3166,0,0,1,0,3,12,6
2.0,3,1,2500,1615,42.5067,-83.1545,0,0,1,3,8,21,1
2.0,4,1,1595,1616,30.4337,-95.4703,1,1,0,0,0,11,3
2.0,3,1,1441,1617,32.8255,-97.1039,1,1,0,10,99,4,2
2.0,4,1,1365,1620,33.155,-86.7175,1,1,0,0,0,11,3
3.0,4,1,1699,1621,30.0871,-95.4685,1,1,0,3,0,11,3
2.0,3,1,771,1621,43.9695,-88.9496,1,1,0,3,0,11,3
1.0,3,1,1235,1622,41.6899,-71.5926,1,1,0,9,4,11,6
2.0,3,1,844,1623,44.9056,-89.5715,1,1,0,2,0,11,3
2.0,3,1,1232,1624,33.9222,-84.0725,0,0,1,4,99,3,2
2.5,3,1,1200,1624,33.1932,-87.5349,0,0,1,0,16,11,1
3.0,3,1,1700,1625,37.2312,-80.4159,0,0,1,0,0,11,3
2.0,2,1,1549,1626,39.9513,-84.1778,0,0,1,1,99,2,2
2.0,4,1,1499,1627,29.4624,-98.5253,1,1,0,2,0,11,3
3.0,2,1,1250,1627,35.7797,-78.7859,0,0,1,8,0,11,3
2.0,3,1,1580,1630,34.2494,-84.1748,1,1,0,3,99,2,2
1.5,2,1,1400,1630,37.313,-89.5418,0,0,1,0,3,12,6
2.0,3,1,1649,1631,32.5942,-96.7624,1,1,0,0,0,11,3
2.0,2,1,1450,1632,30.5759,-97.4167,0,1,0,3,4,11,6
2.0,4,1,1399,1633,34.0656,-84.6658,1,1,0,4,0,11,3
2.5,2,1,2172,1635,32.8123,-96.8146,1,1,0,7,99,20,1
2.0,2,1,10600,1636,34.0584,-118.4135,0,0,1,3,99,22,1
2.0,3,1,1325,1637,33.56,-101.8904,0,0,1,0,0,11,3
2.0,3,1,2795,1640,33.1201,-117.2858,0,0,1,0,0,11,3
2.5,2,1,2195,1640,44.0559,-121.3041,0,0,1,0,0,11,3
2.0,3,1,1199,1642,28.3173,-82.6935,1,1,0,3,4,11,6
2.5,3,1,2800,1647,39.1471,-86.5136,1,1,0,0,8,10,2
2.0,4,1,1449,1648,30.2989,-81.6324,1,1,0,4,0,11,3
2.0,3,1,1325,1648,29.4624,-98.5253,0,0,1,0,0,11,3
1.5,2,1,1550,1649,41.5927,-93.6276,1,1,0,0,8,11,2
2.0,3,1,4395,1650,40.9842,-73.6899,0,0,1,1,0,11,3
2.5,3,1,2200,1650,39.204,-76.8558,1,1,0,0,0,11,3
3.0,3,1,1799,1650,41.2562,-96.0404,1,1,0,0,0,11,3
2.5,2,1,1550,1650,30.1868,-93.1908,1,1,0,0,0,11,3
2.5,3,1,1425,1650,35.8514,-86.3903,0,0,1,0,0,11,3
2.0,3,1,1395,1650,35.823,-78.6438,0,0,1,0,0,11,3
1.0,2,1,1350,1650,35.823,-78.6438,1,1,0,0,0,11,3
2.5,3,1,1350,1650,35.358,-94.3964,1,1,0,0,8,11,2
2.5,3,1,1350,1650,35.358,-94.3964,1,1,0,0,8,11,2
2.0,5,1,2550,1651,43.0724,-89.4003,1,1,0,3,4,11,6
2.0,3,1,1449,1652,30.0021,-95.2555,1,1,0,2,0,11,3
2.0,4,1,1000,1654,44.3024,-75.4157,1,1,0,11,7,16,2
2.0,3,1,1495,1655,33.56,-101.8904,0,0,1,0,0,11,3
2.0,2,1,2980,1656,40.3663,-74.6688,0,0,1,3,99,4,2
2.5,3,1,1795,1656,45.7905,-122.6885,1,1,0,0,0,11,3
2.5,3,1,1795,1656,45.7905,-122.6885,1,1,0,0,8,11,2
2.0,3,1,1349,1656,35.2016,-80.8124,1,1,0,5,4,11,6
2.0,3,1,1499,1657,33.8427,-84.0113,1,1,0,4,4,11,6
2.5,3,1,1800,1660,37.313,-89.5418,1,1,0,0,8,11,2
2.0,3,1,1749,1662,33.9531,-81.2381,1,1,0,2,0,11,3
2.0,3,1,1425,1662,29.4624,-98.5253,1,1,0,0,0,11,3
2.5,3,1,1795,1665,42.1165,-88.5022,1,1,0,0,3,12,6
2.0,3,1,1499,1665,35.2016,-80.8124,1,1,0,1,0,11,3
2.0,3,1,1599,1666,36.0402,-86.6385,1,1,0,2,4,11,6
2.0,3,1,1749,1667,32.7025,-97.1196,1,1,0,2,4,11,6
2.0,4,1,1795,1668,39.5671,-119.7245,0,1,0,0,8,11,2
2.5,3,1,1295,1668,48.2469,-101.3017,0,0,1,0,0,11,3
2.0,3,1,1350,1670,35.358,-94.3964,1,1,0,0,3,12,6
2.0,3,1,1700,1671,30.4415,-91.1012,0,1,0,0,12,11,5
2.0,3,1,1400,1671,35.1872,-101.8587,0,0,1,0,0,11,3
2.0,4,1,1399,1672,30.1049,-95.2583,1,1,0,2,0,11,3
2.5,2,1,3110,1673,40.8201,-74.3024,0,0,1,4,99,1,2
2.0,3,1,3495,1675,47.616,-122.3275,1,1,0,0,0,11,3
3.0,3,1,2995,1675,47.75,-122.24,1,1,0,1,99,2,2
1.0,2,1,2600,1675,38.041,-78.4898,0,0,1,6,21,0,3
2.0,2,1,2700,1676,42.4897,-83.1395,0,0,1,8,11,10,6
2.5,4,1,2995,1677,37.6812,-121.7519,1,1,0,0,0,11,3
4.0,4,1,2895,1679,41.8625,-87.6825,0,0,1,2,0,11,3
2.0,2,1,5695,1680,34.0806,-118.4029,1,1,0,5,3,12,6
2.0,3,1,1299,1680,29.7714,-95.4343,1,1,0,2,4,11,6
2.0,3,1,1025,1682,37.1892,-93.2908,1,1,0,0,0,11,3
2.0,4,1,1625,1684,36.3245,-86.7381,1,1,0,0,0,11,3
2.0,3,1,1730,1685,32.7025,-97.1196,0,1,0,1,0,11,3
2.0,3,1,1425,1688,35.2016,-80.8124,0,1,0,0,0,11,3
2.5,3,1,1850,1690,45.3899,-122.2309,0,1,0,0,0,11,3
2.0,3,1,1700,1690,35.6757,-97.4949,0,0,1,0,0,11,3
2.0,3,1,1350,1690,35.358,-94.3964,1,1,0,0,0,11,3
2.0,3,1,1350,1690,35.358,-94.3964,1,1,0,0,0,11,3
2.0,3,1,1350,1690,35.358,-94.3964,1,1,0,0,3,12,6
2.0,3,1,1350,1690,35.358,-94.3964,1,1,0,0,8,11,2
3.5,4,1,4000,1691,37.7078,-122.1435,1,1,0,0,0,11,3
2.0,3,1,1500,1693,33.155,-86.7175,1,1,0,4,0,11,3
2.0,3,1,1499,1693,30.0871,-95.4685,1,1,0,2,0,11,3
2.0,3,1,1675,1695,32.9631,-96.7212,1,1,0,0,0,11,3
2.5,3,1,2250,1696,47.8318,-122.2834,0,0,1,0,0,11,3
2.0,3,1,1525,1698,32.5285,-97.3119,1,1,0,2,0,11,3
2.0,3,1,1475,1699,33.632,-112.3522,1,1,0,4,4,11,6
2.0,3,1,3400,1700,41.8625,-87.6825,1,0,0,0,3,12,6
1.0,3,1,2400,1700,47.616,-122.3275,0,0,1,2,0,11,3
2.0,3,1,2400,1700,26.9335,-80.1249,0,1,0,0,0,11,3
2.5,3,1,2395,1700,45.5091,-122.6449,1,1,0,0,3,12,6
2.0,2,1,2140,1700,39.1679,-84.4933,1,1,0,0,6,21,3
3.5,3,1,2050,1700,30.5104,-97.9027,0,0,1,0,0,11,3
3.0,3,1,1999,1700,30.5104,-97.9027,1,1,0,4,3,12,6
2.5,2,1,1990,1700,42.4751,-83.2572,1,1,0,0,0,11,3
3.0,3,1,1900,1700,41.2562,-96.0404,1,1,0,0,8,10,2
2.5,3,1,1700,1700,37.1663,-113.6657,0,0,1,0,3,12,6
2.0,3,1,1700,1700,37.7107,-113.0855,0,1,0,0,19,14,4
2.0,3,1,1495,1700,40.5678,-122.234,0,1,0,0,0,11,3
2.5,3,1,1370,1700,37.1331,-113.6454,0,0,1,0,8,11,2
2.0,3,1,1350,1700,35.6217,-97.4702,0,0,1,2,99,3,2
2.0,2,1,2180,1702,39.3446,-84.3143,1,1,0,3,99,23,1
2.0,2,1,2280,1703,39.1535,-84.4264,0,0,1,1,99,0,2
2.5,3,1,1775,1704,28.5163,-81.3644,1,1,0,0,0,11,3
2.5,3,1,1775,1704,28.5163,-81.3644,1,1,0,0,3,12,6
2.0,3,1,1425,1704,34.9827,-80.5464,1,1,0,4,0,11,3
2.5,3,1,1599,1705,40.4192,-111.5653,1,1,0,0,0,11,3
2.0,3,1,1595,1705,36.2392,-75.9014,1,1,0,0,0,11,3
2.0,4,1,1575,1705,33.5868,-84.3261,1,1,0,2,0,11,3
2.0,4,1,1499,1706,32.5285,-97.3119,1,1,0,2,0,11,3
2.0,3,1,1399,1713,33.5944,-112.1837,1,1,0,5,0,11,3
2.0,6,1,2125,1714,43.0724,-89.4003,0,0,1,1,0,11,3
2.0,4,1,1495,1715,35.4975,-97.7329,0,0,1,0,0,11,3
2.0,3,1,1495,1718,38.2009,-85.6999,0,0,1,0,0,11,3
2.0,4,1,1445,1718,35.4975,-97.7329,0,0,1,0,8,11,2
2.0,3,1,1650,1719,27.4716,-82.5697,0,0,1,0,0,11,3
2.5,3,1,3399,1721,37.3108,-121.8645,1,1,0,0,0,11,3
2.0,3,1,1425,1721,30.0021,-95.2555,1,1,0,3,0,11,3
2.5,5,1,4100,1723,39.1471,-86.5136,0,0,1,0,3,12,6
2.0,3,1,1599,1723,32.7407,-97.3394,1,1,0,0,0,11,3
2.0,3,1,1649,1724,32.7835,-96.6121,1,1,0,0,0,11,3
2.0,4,1,1500,1726,30.1213,-93.7711,1,1,0,0,0,11,3
2.0,3,1,1249,1726,29.4624,-98.5253,1,1,0,3,0,11,3
3.0,3,1,4995,1728,38.9145,-77.0677,0,0,1,0,0,11,3
2.0,3,1,1299,1728,39.7953,-86.1387,1,1,0,2,0,11,3
2.0,3,1,1299,1728,39.7953,-86.1387,1,1,0,2,0,11,3
2.0,2,1,6270,1729,47.616,-122.3275,1,1,0,2,0,11,3
2.5,3,1,5200,1730,37.4797,-122.2301,0,0,1,0,0,11,3
2.5,2,1,4600,1730,25.7603,-80.3005,0,0,1,0,4,11,6
2.0,4,1,1495,1730,35.3892,-97.7313,0,0,1,0,0,11,3
2.0,3,1,1449,1731,35.6101,-78.4715,1,1,0,0,4,11,6
2.5,2,1,3300,1734,37.3108,-121.8645,1,1,0,0,0,11,3
2.5,4,1,1695,1738,39.4443,-84.3711,1,1,0,0,0,11,3
2.5,4,1,1695,1738,39.4443,-84.3711,1,1,0,0,0,11,3
2.5,4,1,1675,1738,39.515,-84.4008,1,1,0,0,0,11,3
2.5,4,1,1595,1738,39.471,-84.4576,1,1,0,0,0,11,3
2.0,4,1,1475,1738,35.2016,-80.8124,1,1,0,3,0,11,3
2.5,3,1,3990,1739,37.3108,-121.8645,0,0,1,0,0,11,3
2.0,3,1,1800,1747,33.9094,-78.1285,0,1,0,0,0,11,3
2.0,3,1,6800,1748,37.4356,-122.134,1,1,0,2,0,11,3
2.0,3,1,1449,1748,29.7714,-95.4343,1,1,0,2,0,11,3
2.0,4,1,3675,1750,41.8625,-87.6825,0,0,1,1,4,11,6
3.0,4,1,2450,1750,33.5564,-83.1686,1,1,0,3,8,11,2
3.5,3,1,1750,1750,33.56,-101.8904,1,1,0,0,3,12,6
1.0,2,1,1700,1750,45.5091,-122.6449,1,1,0,0,0,11,3
1.0,4,1,1700,1750,42.9367,-72.2863,0,0,1,3,99,2,2
2.0,4,1,1599,1750,30.0912,-81.6257,1,1,0,4,4,11,6
2.0,3,1,1550,1750,61.594,-149.4124,1,1,0,0,0,11,3
1.0,4,1,1500,1750,39.9974,-82.9829,1,1,0,4,4,11,6
2.5,3,1,1450,1750,38.9329,-94.7538,0,0,1,0,19,14,4
2.0,4,1,2845,1758,41.8625,-87.6825,1,1,0,3,8,10,2
2.0,3,1,1450,1758,29.7898,-95.7613,1,1,0,2,0,11,3
2.5,3,1,2575,1760,33.5178,-112.0848,1,1,0,0,0,11,3
2.5,3,1,2400,1760,38.1623,-122.2494,1,1,0,0,0,11,3
2.0,4,1,1695,1760,47.9179,-97.0658,1,1,0,0,0,11,3
2.0,3,1,1600,1760,45.8162,-111.1579,0,0,1,2,0,11,3
2.0,3,1,1475,1760,35.2016,-80.8124,1,1,0,0,4,11,6
1.5,3,1,1350,1760,47.9179,-97.0658,0,0,1,0,0,11,3
2.0,3,1,1549,1762,30.0021,-95.2555,1,1,0,2,0,11,3
2.0,2,1,2900,1763,39.1054,-84.5022,1,1,0,4,99,0,2
2.0,5,1,2098,1764,40.5649,-105.0824,0,1,0,3,0,11,3
2.0,4,1,1425,1764,35.2635,-80.4266,1,1,0,1,0,11,3
2.5,3,1,2350,1765,36.137,-86.783,0,0,1,0,0,11,3
2.5,3,1,1450,1767,37.1663,-113.6657,0,0,1,0,3,12,6
2.0,3,1,1449,1767,30.0871,-95.4685,1,1,0,2,0,11,3
3.0,3,1,1299,1772,33.9531,-81.2381,1,1,0,0,0,11,3
3.0,3,1,6912,1775,34.063,-118.4363,1,1,0,4,99,19,1
2.0,3,1,2000,1775,27.2688,-82.5169,0,0,1,4,99,19,1
2.0,3,1,1400,1776,38.8098,-89.9522,0,1,0,0,0,11,3
2.0,4,1,3695,1778,37.872,-121.6136,1,1,0,0,3,12,6
3.0,2,1,1650,1778,40.5649,-105.0824,1,1,0,0,3,12,6
2.0,4,1,2250,1783,30.398,-86.4797,1,1,0,0,0,11,3
4.5,4,1,2000,1783,29.8831,-97.945,0,0,1,0,0,11,3
2.0,3,1,1295,1783,35.6757,-97.4949,0,0,1,3,3,12,6
2.0,4,1,1575,1787,32.8951,-97.4087,1,1,0,2,0,11,3
2.0,3,1,1449,1788,35.224,-81.1809,1,1,0,0,4,11,6
2.0,3,1,1399,1788,39.7953,-86.1387,1,1,0,3,0,11,3
2.5,3,1,3295,1790,32.7876,-117.1265,1,1,0,0,0,11,3
2.0,4,1,1599,1790,33.0096,-97.5351,1,1,0,0,0,11,3
2.0,2,1,4000,1800,41.8625,-87.6825,0,0,1,2,4,11,6
3.0,3,1,3400,1800,21.3155,-157.8379,0,0,1,0,0,11,3
2.0,3,1,2900,1800,32.8113,-79.9947,0,0,1,0,0,11,3
2.0,5,1,2500,1800,39.1471,-86.5136,0,0,1,0,0,11,3
2.0,2,1,2295,1800,45.5091,-122.6449,0,1,0,0,0,11,3
3.0,3,1,2099,1800,39.6764,-75.5975,1,1,0,0,0,11,3
2.0,3,1,1995,1800,41.8625,-87.6825,1,1,0,0,0,11,3
2.5,2,1,1900,1800,35.9907,-78.9074,1,1,0,0,0,11,3
2.0,4,1,1900,1800,38.7258,-75.1742,0,0,1,0,3,12,6
2.0,2,1,1800,1800,40.3613,-86.9005,0,0,1,0,8,11,2
2.0,3,1,1795,1800,36.3741,-94.2105,1,1,0,3,0,11,3
2.0,4,1,1595,1800,37.0835,-113.5823,0,0,1,0,0,11,3
2.0,3,1,1595,1800,34.947,-81.04,1,1,0,0,0,11,3
1.5,5,1,1500,1800,42.1397,-75.8993,1,1,0,0,3,12,6
2.0,3,1,1500,1800,43.6265,-96.9523,1,1,0,2,12,11,5
4.0,4,1,1400,1800,32.5975,-85.4777,1,1,0,0,19,14,4
2.0,3,1,1395,1800,33.5953,-86.1298,1,1,0,0,0,11,3
2.0,3,1,1375,1800,34.119,-81.1962,1,1,0,4,0,11,3
2.0,3,1,1265,1800,38.6274,-90.304,1,1,0,0,0,11,3
2.0,4,1,1200,1800,39.1915,-84.4468,0,0,1,2,99,1,2
1.0,2,1,995,1800,41.5781,-83.6642,1,1,0,1,0,11,3
2.0,2,1,995,1800,33.6091,-85.837,0,0,1,0,0,11,3
3.0,4,1,1610,1801,33.1932,-87.5349,1,1,0,0,3,12,6
3.0,4,1,1775,1804,39.3446,-84.3143,1,1,0,0,0,11,3
3.0,5,1,3200,1805,39.9974,-82.9829,0,0,1,2,4,11,6
1.5,1,1,2055,1805,40.4673,-74.6336,1,0,0,4,99,4,2
2.5,4,1,1695,1805,39.4443,-84.3711,1,1,0,0,0,11,3
2.5,4,1,1695,1805,39.4443,-84.3711,1,1,0,0,0,11,3
2.5,4,1,1695,1805,39.4443,-84.3711,1,1,0,0,0,11,3
2.5,4,1,1695,1805,39.4443,-84.3711,1,1,0,0,0,11,3
2.0,3,1,1575,1805,36.1554,-115.1733,1,1,0,0,3,12,6
2.0,3,1,1549,1806,29.925,-95.0704,1,1,0,2,0,11,3
2.0,3,1,1549,1807,33.9569,-84.0214,1,1,0,0,0,11,3
2.0,3,1,2800,1810,34.1326,-118.0373,1,1,0,0,0,11,3
3.0,4,1,1249,1810,34.119,-81.1962,1,1,0,4,0,11,3
2.5,3,1,1525,1811,35.0673,-92.3808,0,0,1,0,16,11,1
2.5,4,1,1895,1812,39.1679,-84.4933,1,1,0,0,0,11,3
4.0,3,1,1990,1815,39.327,-104.8282,0,1,0,0,3,12,6
2.5,3,1,1450,1816,35.7238,-78.8695,0,1,0,0,3,12,6
3.0,3,1,1895,1820,41.2562,-96.0404,1,1,0,0,0,11,3
2.5,3,1,1895,1820,45.6558,-122.5888,1,1,0,0,3,12,6
2.0,3,1,1325,1820,33.9217,-84.8634,1,1,0,4,0,11,3
2.0,3,1,1349,1822,39.7953,-86.1387,1,1,0,2,0,11,3
2.5,3,1,1345,1823,34.726,-98.2594,1,1,0,0,0,11,3
3.0,4,1,1525,1824,33.9258,-83.7495,1,1,0,3,0,11,3
2.5,3,1,1690,1825,30.6859,-97.9119,1,1,0,0,3,12,6
2.5,3,1,1800,1828,28.1521,-82.7458,0,0,1,0,4,12,6
2.0,3,1,1525,1830,33.56,-101.8904,1,1,0,0,0,11,3
1.0,3,1,1525,1830,39.1679,-84.4933,1,1,0,0,0,11,3
2.5,2,1,1750,1831,30.3054,-97.7497,0,0,1,0,0,11,3
2.5,4,1,1625,1832,35.6101,-78.4715,1,1,0,0,8,11,2
2.0,4,1,1595,1832,44.8033,-122.7585,0,1,0,0,8,11,2
2.0,4,1,1440,1832,39.1984,-96.6052,1,1,0,0,0,11,3
2.5,3,1,1895,1833,36.0516,-115.0235,0,0,1,0,3,12,6
2.5,3,1,1750,1833,36.0516,-115.0235,0,0,1,0,0,11,3
2.5,3,1,1695,1833,46.8013,-100.7562,1,1,0,0,0,11,3
2.0,3,1,1100,1833,32.4842,-92.6682,0,0,1,0,3,12,6
2.0,3,1,1795,1835,29.8731,-81.3461,0,0,1,0,0,11,3
2.0,3,1,1525,1835,33.81,-83.8894,1,1,0,2,0,11,3
2.0,4,1,1499,1836,35.2635,-80.9706,1,1,0,2,4,11,6
2.0,4,1,1399,1836,39.7953,-86.1387,1,1,0,2,0,11,3
3.5,3,1,2250,1840,33.1932,-87.5349,1,1,0,0,3,12,6
2.0,4,1,1300,1840,33.5178,-112.0848,1,1,0,4,0,11,3
2.0,4,1,1649,1842,35.6101,-78.4715,1,1,0,0,4,11,6
2.0,4,1,1475,1842,35.6101,-78.4715,1,1,0,0,0,11,3
1.0,2,1,595,1845,35.5427,-100.9644,0,0,1,1,6,21,3
3.0,5,1,2625,1850,39.1471,-86.5136,0,0,1,4,0,11,3
2.5,4,1,1625,1850,35.6101,-78.4715,1,1,0,0,16,11,1
2.0,3,1,1495,1850,41.1765,-96.0829,1,1,0,0,0,11,3
2.0,3,1,1425,1850,33.7218,-84.744,1,1,0,2,4,11,6
2.0,5,1,1345,1850,33.7848,-84.3922,0,1,0,0,3,12,6
1.0,4,1,1200,1850,42.9833,-71.4574,1,1,0,1,99,1,2
2.5,3,1,2047,1851,28.5335,-81.5918,1,1,0,0,0,11,3
2.0,3,1,1450,1852,33.6683,-86.8252,0,0,1,0,0,11,3
2.5,3,1,1900,1854,37.6305,-77.3568,0,0,1,0,8,11,2
3.0,3,1,2380,1856,47.7974,-122.2037,1,1,0,0,0,11,3
2.0,3,1,2350,1857,39.6828,-104.8078,1,1,0,0,0,11,3
2.0,4,1,1399,1857,33.7218,-84.744,1,1,0,2,0,11,3
2.0,3,1,1549,1865,30.0021,-95.2555,1,1,0,1,0,11,3
2.0,3,1,1600,1866,37.0835,-113.5823,0,1,0,0,0,11,3
2.0,3,1,1599,1868,35.2016,-80.8124,1,1,0,0,4,11,6
2.0,3,1,1575,1868,35.2016,-80.8124,1,1,0,1,0,11,3
2.0,4,1,1525,1868,35.687,-78.6082,1,1,0,8,0,11,3
3.0,4,1,1400,1869,30.5969,-96.3034,1,1,0,3,4,11,6
2.0,3,1,1995,1870,44.5716,-123.282,1,1,0,0,12,11,5
2.0,3,1,1000,1870,43.6309,-84.2394,0,0,1,2,22,0,2
2.5,4,1,3100,1871,25.7951,-80.3434,0,0,1,0,0,11,3
3.0,4,1,2060,1874,37.2425,-113.2009,0,0,1,0,3,12,6
2.0,3,1,1750,1874,35.6241,-117.6882,1,1,0,0,3,12,6
2.0,2,1,4995,1875,47.616,-122.3275,1,1,0,0,8,11,2
2.0,4,1,3600,1875,33.8103,-117.8473,0,0,1,4,1,9,2
2.5,3,1,3595,1876,32.7876,-117.1265,0,0,1,0,0,11,3
2.0,4,1,1475,1876,30.0021,-95.2555,1,1,0,2,0,11,3
2.0,3,0,1495,1878,35.6592,-97.5298,0,0,1,0,99,3,2
2.0,3,1,1695,1879,46.8296,-100.8908,1,1,0,0,0,11,3
2.0,3,1,3975,1881,37.5444,-121.982,0,0,1,2,0,11,3
2.0,2,1,7000,1882,33.1932,-87.5349,1,1,0,0,8,11,2
2.5,3,1,4525,1884,42.5447,-83.2141,0,0,1,0,0,11,3
4.0,4,1,1500,1884,40.4969,-86.9659,1,1,0,4,0,11,3
3.0,4,1,3454,1885,41.8625,-87.6825,1,1,0,3,8,10,2
2.0,4,1,1725,1886,32.7407,-97.3394,1,1,0,2,0,11,3
2.0,3,1,1250,1886,35.2441,-97.4144,0,0,1,1,99,3,2
2.0,3,1,1775,1890,36.3127,-86.607,1,1,0,3,4,11,6
2.0,4,1,1449,1891,34.119,-81.1962,1,1,0,2,0,11,3
2.0,2,1,5500,1892,47.616,-122.3275,1,1,0,2,0,11,3
2.0,4,1,1725,1894,28.2107,-81.2565,1,1,0,2,4,11,6
2.0,3,1,1795,1895,32.9079,-96.5532,1,1,0,0,0,11,3
2.0,3,0,1450,1896,35.6592,-97.5298,0,0,1,1,99,3,2
2.0,3,1,1850,1898,35.1872,-101.8587,1,1,0,0,0,11,3
2.0,2,1,4200,1900,37.8808,-122.1757,0,1,0,2,0,11,3
2.5,3,1,4000,1900,32.7876,-117.1265,0,0,1,0,3,12,6
3.0,4,1,3150,1900,39.3191,-76.6126,0,0,1,0,0,11,3
2.0,3,1,2795,1900,45.5091,-122.6449,1,1,0,0,0,11,3
2.0,2,1,2305,1900,41.4712,-81.5155,0,0,1,1,99,20,1
2.5,3,1,2000,1900,35.5884,-82.56,1,1,0,0,0,11,3
1.5,1,1,1600,1900,48.0224,-122.5457,1,1,0,0,3,12,6
2.0,4,1,1500,1900,36.1716,-83.4221,0,1,0,0,3,12,6
2.0,3,1,1599,1904,29.9972,-95.6676,1,1,0,2,0,11,3
2.0,3,1,1399,1904,39.6391,-86.3099,1,1,0,3,0,11,3
2.0,3,1,1849,1907,28.0076,-82.4792,1,1,0,4,0,11,3
2.0,3,1,1275,1908,33.9217,-84.8634,1,1,0,2,4,11,6
3.5,5,1,2200,1909,35.9907,-78.9074,1,1,0,0,0,11,3
2.5,3,1,1650,1909,36.0516,-115.0235,0,0,1,0,3,12,6
3.0,4,1,4000,1910,37.9003,-122.0495,1,1,0,1,0,11,3
3.5,3,1,1900,1911,29.7714,-95.4343,1,1,0,0,0,11,3
2.0,3,1,2775,1912,47.7179,-122.2059,0,0,1,4,99,2,2
2.0,4,1,1399,1913,33.5944,-112.1837,1,1,0,4,4,11,6
3.0,2,1,2733,1917,38.9146,-94.6318,1,1,0,0,14,22,2
4.0,3,1,2300,1918,38.8724,-77.6605,1,1,0,0,3,12,6
2.0,4,1,1649,1918,35.0978,-80.6294,1,1,0,0,4,11,6
2.0,3,1,1499,1918,35.2016,-80.8124,1,1,0,0,4,11,6
3.0,5,1,4500,1920,39.1471,-86.5136,0,0,1,0,0,11,3
4.0,4,1,1850,1920,35.414,-80.8526,1,1,0,0,0,11,3
2.5,3,1,1400,1920,30.4415,-91.1012,1,1,0,0,3,12,6
3.0,4,1,1425,1921,33.4015,-84.2813,1,1,0,3,0,11,3
2.0,4,1,1549,1927,29.7714,-95.4343,1,1,0,2,0,11,3
2.5,3,1,1495,1928,29.5659,-98.2283,1,1,0,0,4,12,6
2.0,3,1,2200,1929,41.4039,-90.5777,0,1,0,0,12,11,5
2.0,3,1,7500,1931,34.0939,-118.3801,1,1,0,9,99,22,1
2.0,4,1,4000,1932,34.0372,-118.2972,1,1,0,2,0,11,3
2.5,4,1,3995,1933,33.8363,-118.333,1,1,0,0,0,11,3
2.5,3,1,3150,1936,33.5585,-117.6695,0,0,1,0,8,11,2
2.5,3,1,1750,1936,36.1554,-115.1733,0,0,1,0,0,11,3
2.5,4,1,1800,1938,39.8895,-104.9641,1,1,0,0,0,11,3
2.0,3,1,2095,1940,38.6274,-90.304,1,0,0,0,0,11,3
1.5,4,1,1250,1940,34.7191,-86.5855,0,0,1,0,0,11,3
2.5,4,1,1550,1941,29.4782,-98.2759,1,1,0,0,0,11,3
2.5,3,1,2150,1942,45.3899,-122.2309,0,1,0,0,0,11,3
3.0,3,1,2100,1944,40.162,-105.1342,0,0,1,0,0,11,3
2.5,4,1,1850,1946,28.5163,-81.3644,1,1,0,0,8,11,2
2.5,4,1,2200,1947,37.2312,-80.4159,0,0,1,0,0,11,3
2.0,4,1,1749,1947,32.5916,-96.8677,1,1,0,1,0,11,3
4.0,4,1,5595,1950,34.0372,-118.2972,1,1,0,0,0,11,3
2.0,4,1,2800,1950,47.4696,-122.1655,1,1,0,2,0,11,3
2.5,3,1,1795,1950,44.5716,-123.282,0,0,1,0,3,12,6
2.0,3,1,1549,1950,34.1411,-81.3441,1,1,0,0,0,11,3
2.0,3,1,1299,1950,34.0505,-81.0098,1,1,0,2,0,11,3
4.0,4,1,575,1950,35.285,-83.1791,1,1,0,0,3,12,6
2.0,3,1,1599,1957,35.6101,-78.4715,1,1,0,0,4,11,6
2.0,3,1,4195,1958,33.8363,-118.333,1,1,0,0,0,11,3
2.0,3,1,2950,1959,29.4624,-98.5253,1,1,0,0,3,12,6
2.0,3,1,1349,1959,30.0871,-95.4685,1,1,0,3,0,11,3
2.0,4,1,1899,1962,32.5252,-96.8173,1,1,0,2,0,11,3
1.0,3,1,1315,1966,41.2562,-96.0404,1,1,0,7,0,11,3
2.0,4,1,1500,1968,42.0259,-93.6516,1,1,0,0,0,11,3
3.5,3,1,1500,1968,37.1366,-80.4038,1,1,0,0,3,12,6
3.5,3,1,1500,1968,37.1366,-80.4038,1,1,0,0,8,11,2
2.0,2,1,1695,1971,46.8296,-100.8908,1,1,0,0,0,11,3
2.0,2,1,2700,1974,41.4029,-73.4637,1,1,0,1,0,11,3
2.0,3,1,1549,1974,35.2016,-80.8124,1,1,0,3,8,10,2
2.0,4,1,2650,1977,32.0057,-102.1036,0,0,1,0,12,11,5
3.5,4,1,1750,1977,34.48,-77.5024,0,0,1,0,3,12,6
2.0,4,1,1750,1980,44.0763,-103.2121,0,1,0,0,0,11,3
2.0,4,1,1525,1980,39.7953,-86.1387,1,1,0,2,0,11,3
3.0,3,1,1525,1980,33.8691,-84.7686,1,1,0,2,4,11,6
3.5,2,1,9500,1992,25.6911,-80.1653,0,0,1,0,19,13,4
2.0,3,1,1499,1992,39.6093,-86.139,1,1,0,2,0,11,3
2.0,4,1,1649,1994,32.5252,-96.8173,1,1,0,2,0,11,3
2.0,3,1,1299,1996,29.4782,-98.2759,1,1,0,2,0,11,3
3.0,3,1,3150,1999,37.6812,-121.7519,0,1,0,0,0,11,3
2.0,4,1,5000,2000,40.7147,-74.3634,0,0,1,4,1,11,2
3.0,3,1,4600,2000,37.3166,-122.0465,1,1,0,3,0,11,3
2.0,2,1,3925,2000,42.3362,-71.1037,1,1,0,4,0,11,3
2.0,5,1,3800,2000,42.4194,-71.111,0,0,1,1,1,22,1
3.0,3,1,3600,2000,34.1881,-118.3905,1,1,0,2,0,11,3
2.0,2,1,3500,2000,41.8625,-87.6825,1,1,0,4,4,11,6
1.5,5,1,3400,2000,37.7078,-122.1435,0,0,1,0,0,11,3
2.0,2,1,2600,2000,41.901,-87.6715,0,0,1,11,1,11,2
2.5,4,1,2200,2000,39.3191,-76.6126,1,1,0,0,8,11,2
2.5,3,1,2000,2000,32.5975,-85.4777,1,1,0,0,0,11,3
2.0,3,1,1995,2000,35.1211,-89.9517,0,1,0,0,0,11,3
1.0,4,1,1995,2000,44.9855,-93.3023,1,1,0,0,3,12,6
2.5,3,1,1750,2000,34.9402,-82.2598,1,1,0,0,0,11,3
2.0,4,1,1700,2000,39.9974,-82.9829,1,1,0,6,0,11,3
2.0,4,1,1620,2000,37.0835,-113.5823,0,0,1,0,8,11,2
2.0,3,1,1600,2000,40.5007,-80.0667,0,0,1,4,99,4,2
2.0,4,1,1200,2004,33.1932,-87.5349,1,1,0,0,3,12,6
2.0,3,1,3000,2008,41.8625,-87.6825,0,0,1,0,0,11,3
2.0,2,1,2995,2010,47.5988,-122.1507,0,0,1,0,3,12,6
2.0,3,1,1549,2010,32.5942,-96.7624,1,1,0,3,0,11,3
2.0,4,1,1499,2012,33.9531,-81.2381,1,1,0,2,0,11,3
2.0,4,1,1349,2015,34.0505,-81.0098,1,1,0,5,0,11,3
2.5,3,1,2850,2016,33.7848,-84.3922,0,1,0,0,8,11,2
2.0,2,1,2000,2016,48.0338,-122.4486,0,0,1,0,0,11,3
2.0,3,1,1400,2017,30.2356,-90.8457,0,0,1,0,3,12,6
2.5,3,1,2050,2019,36.2342,-115.144,0,0,1,0,3,12,6
2.5,3,1,2050,2019,36.2342,-115.144,0,0,1,0,4,12,6
2.0,3,1,1549,2020,28.473,-82.5474,1,1,0,3,0,11,3
2.0,2,1,2100,2021,27.4716,-82.5697,0,0,1,4,16,11,1
2.0,3,1,1995,2021,35.6757,-97.4949,0,0,1,0,0,11,3
2.0,3,1,1399,2024,33.4373,-112.3818,1,1,0,4,0,11,3
2.0,3,1,2680,2030,39.736,-104.9819,1,1,0,0,0,11,3
2.0,3,1,1275,2032,33.7218,-84.744,1,1,0,0,0,11,3
2.0,4,1,1549,2034,33.4128,-112.2753,1,1,0,4,0,11,3
2.5,4,1,1750,2035,36.0516,-115.0235,1,1,0,0,0,11,3
2.5,3,1,2300,2037,30.1726,-81.3964,1,1,0,0,0,11,3
3.0,4,1,1675,2039,29.7714,-95.4343,1,1,0,2,0,11,3
2.0,4,1,2900,2040,47.5988,-122.1507,0,0,1,2,0,11,3
2.0,4,1,1349,2040,39.4846,-86.0525,1,1,0,2,0,11,3
3.0,3,1,3700,2041,33.6783,-117.7903,1,1,0,0,0,11,3
3.5,4,1,2450,2042,39.0275,-77.3955,1,1,0,0,3,12,6
2.0,3,1,1449,2042,35.224,-81.1809,1,1,0,2,4,11,6
2.5,2,1,3200,2046,32.8212,-96.7853,0,1,0,0,8,11,2
1.0,3,1,1045,2048,48.2469,-101.3017,1,1,0,0,0,11,3
2.0,5,1,4500,2050,42.3584,-71.1318,0,0,1,3,0,11,3
3.0,4,1,1700,2054,39.5981,-119.2317,1,1,0,3,0,11,3
2.0,3,1,1595,2060,29.4624,-98.5253,1,1,0,0,0,11,3
3.0,4,1,1500,2060,36.0341,-95.7854,0,0,1,0,0,11,3
2.0,4,1,1499,2060,34.0505,-81.0098,1,1,0,0,0,11,3
2.0,4,1,1575,2064,35.6101,-78.4715,1,1,0,0,0,11,3
2.0,4,1,1525,2065,33.632,-112.3522,1,1,0,4,0,11,3
2.5,3,1,1750,2068,28.3288,-80.6118,0,0,1,0,0,11,3
2.0,3,1,2800,2070,47.6767,-122.0799,0,0,1,0,0,11,3
2.0,4,1,1675,2072,34.9269,-80.736,1,1,0,2,4,11,6
2.0,3,1,1595,2076,35.823,-78.6438,0,0,1,6,0,11,3
2.0,4,1,3400,2083,39.736,-104.9819,1,1,0,4,0,11,3
3.0,3,1,2300,2084,40.1145,-88.2723,0,1,0,0,8,11,2
2.0,2,1,2400,2086,40.4448,-79.9725,1,1,0,0,0,11,3
3.5,3,1,2200,2087,33.4146,-111.766,0,0,1,0,3,12,6
2.0,4,1,1649,2088,34.1666,-80.8805,1,1,0,2,0,11,3
2.0,4,1,1499,2092,35.2016,-80.8124,1,1,0,2,4,11,6
2.0,4,1,1399,2099,33.5032,-84.3521,1,1,0,3,4,11,6
2.0,5,1,6300,2100,42.3368,-71.1267,0,0,1,0,0,11,3
2.5,3,1,6000,2100,27.3181,-82.4987,0,0,1,0,0,11,3
3.0,3,1,4500,2100,32.6596,-117.1595,0,0,1,0,0,11,3
2.5,3,1,4495,2100,32.7876,-117.1265,1,1,0,0,4,12,6
2.0,4,1,3580,2100,41.8625,-87.6825,1,0,0,5,0,11,3
2.0,6,1,2890,2100,40.4114,-74.696,1,1,0,0,3,12,6
3.5,3,1,2500,2100,38.9524,-77.3439,0,1,0,0,0,11,3
2.0,2,1,2500,2100,41.8625,-87.6825,1,1,0,0,19,13,4
2.0,3,1,2200,2100,43.0762,-85.5885,0,0,1,3,4,11,6
3.5,3,1,1975,2100,40.4927,-104.9218,0,1,0,0,0,11,3
2.0,3,1,1875,2100,40.8062,-96.6778,0,1,0,7,0,11,3
3.0,4,0,1650,2100,34.0648,-84.0849,0,0,1,1,99,1,2
2.0,3,1,1649,2100,32.59,-96.9436,1,1,0,2,0,11,3
2.5,4,1,1600,2100,35.7797,-78.7859,0,0,1,0,3,12,6
3.5,3,1,2375,2101,33.8694,-84.5196,1,1,0,0,0,11,3
4.0,4,1,9500,2102,21.3991,-157.7452,0,0,1,0,0,11,3
2.0,4,1,1349,2102,39.4846,-86.0525,1,1,0,0,0,11,3
3.0,4,1,1799,2106,35.2016,-80.8124,1,1,0,0,0,11,3
2.0,4,1,1450,2108,35.7238,-78.8695,0,0,1,5,0,11,3
2.5,3,1,1750,2114,37.3074,-120.4792,0,0,1,0,8,11,2
2.0,3,1,1900,2115,47.7409,-116.9448,0,0,1,0,3,12,6
2.0,3,1,2395,2120,47.616,-122.3275,0,1,0,0,0,11,3
2.0,3,1,2150,2120,28.0076,-82.4792,1,1,0,0,0,11,3
2.0,3,1,1350,2122,36.6792,-93.3707,0,0,1,0,0,11,3
2.0,4,1,1250,2123,43.5884,-96.5752,1,1,0,2,3,12,6
3.0,5,1,3800,2126,38.9118,-77.0132,0,0,1,8,0,11,3
3.0,4,1,1325,2128,31.8486,-81.6036,1,1,0,0,0,11,3
3.0,3,1,6700,2130,25.7603,-80.3005,0,0,1,5,4,11,6
2.0,4,1,1695,2130,35.471,-97.5299,0,0,1,5,8,11,2
2.5,4,1,1895,2132,45.6558,-122.5888,0,0,1,0,0,11,3
2.0,5,1,5250,2138,42.328,-71.071,1,1,0,4,4,11,6
2.0,4,1,1649,2144,33.9649,-84.5107,1,1,0,2,4,11,6
3.0,4,1,1700,2147,40.5425,-111.9637,0,0,1,0,0,11,3
2.0,3,1,3200,2149,29.4624,-98.5253,1,1,0,0,3,12,6
2.5,3,1,1995,2150,30.4433,-97.6282,1,1,0,0,19,13,4
2.5,4,1,1950,2150,33.9612,-81.1134,1,1,0,0,3,12,6
2.5,4,1,1825,2150,34.0505,-81.0098,1,1,0,0,0,11,3
3.0,4,1,1799,2157,35.2016,-80.8124,1,1,0,0,4,11,6
2.0,3,1,1449,2157,33.7848,-84.3922,1,1,0,3,4,11,6
2.0,4,1,3700,2158,34.1375,-118.1656,0,0,1,6,99,4,2
2.5,4,1,2095,2158,47.3765,-122.0994,0,0,1,4,99,3,2
2.5,4,1,1695,2158,33.9531,-81.2381,1,1,0,0,4,12,6
2.5,4,1,1675,2159,30.4415,-91.1012,1,1,0,0,3,12,6
2.0,4,1,1895,2162,28.2107,-81.2565,0,1,0,0,0,11,3
2.0,4,1,1895,2162,28.2107,-81.2565,0,1,0,0,0,11,3
3.5,4,1,1795,2164,41.6834,-93.7839,1,1,0,0,8,11,2
2.0,3,1,1725,2166,32.7025,-97.1196,1,1,0,3,3,12,6
3.0,4,1,1695,2169,37.2425,-113.2009,0,1,0,0,0,11,3
1.0,2,1,1700,2170,44.4872,-73.2278,0,0,1,2,99,2,2
2.0,3,1,1820,2174,37.0835,-113.5823,1,1,0,0,4,12,6
4.0,4,1,2100,2175,33.7147,-84.1355,0,0,1,0,3,12,6
3.0,4,1,4850,2176,34.152,-118.0876,1,1,0,1,99,4,2
3.0,3,1,2575,2176,45.3402,-122.5586,0,1,0,0,0,11,3
2.0,3,1,1175,2176,36.116,-95.9281,1,1,0,0,0,11,3
2.0,4,1,1525,2177,33.3862,-112.5707,1,1,0,4,4,11,6
3.0,4,1,1600,2178,43.5884,-96.5752,1,1,0,3,0,11,3
2.0,4,1,1349,2187,29.4624,-98.5253,1,1,0,3,0,11,3
2.0,4,1,1325,2192,39.7953,-86.1387,1,1,0,1,0,11,3
2.5,4,1,2395,2196,39.123,-77.7877,0,0,1,0,3,12,6
2.0,3,1,1850,2196,29.4624,-98.5253,1,1,0,4,3,12,6
2.5,3,1,1750,2199,35.5985,-78.7843,1,1,0,0,0,11,3
2.5,3,1,1725,2199,35.5985,-78.7843,1,1,0,0,0,11,3
2.5,3,1,4995,2200,33.6954,-118.0013,0,1,0,0,4,12,6
2.0,5,1,2899,2200,43.0724,-89.4003,1,0,0,5,8,10,2
3.0,4,1,2200,2200,40.2744,-80.1536,1,1,0,0,3,12,6
2.5,5,1,2200,2200,39.1471,-86.5136,0,0,1,0,8,11,2
3.5,4,1,2000,2200,38.9401,-92.3167,0,0,1,0,0,11,3
4.5,4,1,1700,2200,36.0785,-94.1531,0,0,1,0,8,11,2
2.0,4,1,1299,2200,33.6471,-84.0154,1,1,0,3,0,11,3
2.0,4,1,1250,2200,39.0296,-96.8345,1,1,0,0,4,12,6
2.5,3,1,2700,2205,47.5968,-122.7026,0,1,0,0,8,11,2
2.5,3,1,2295,2205,45.3119,-122.9743,1,1,0,0,19,14,4
2.5,3,1,6400,2207,34.4312,-119.7292,0,0,1,0,3,12,6
2.5,4,1,2100,2210,33.7848,-84.3922,1,1,0,0,26,11,5
2.5,4,1,1795,2210,33.9531,-81.2381,1,1,0,0,3,12,6
3.0,4,1,430,2214,34.6464,-82.7686,1,1,0,7,0,11,3
2.0,5,1,3195,2215,43.0724,-89.4003,1,0,0,5,0,11,3
2.0,4,1,1649,2216,35.2016,-80.8124,1,1,0,3,4,11,6
1.0,2,1,595,2216,39.7942,-84.2701,0,0,1,3,99,2,2
2.0,3,1,1750,2218,33.03,-116.8607,1,1,0,1,0,11,3
2.0,3,1,1399,2220,35.2016,-80.8124,1,1,0,0,4,11,6
3.0,4,1,1275,2224,39.9551,-85.7961,1,1,0,2,0,11,3
2.0,5,1,2225,2225,39.9974,-82.9829,1,1,0,0,16,11,1
3.5,3,1,2800,2232,30.2989,-81.6324,1,1,0,0,0,11,3
3.5,3,1,5495,2234,32.9619,-117.2327,0,0,1,0,3,12,6
3.0,3,1,2500,2238,32.7018,-97.6264,1,1,0,5,0,11,3
2.0,3,1,1599,2238,35.2016,-80.8124,1,1,0,0,0,11,3
2.0,4,1,1825,2239,33.1733,-96.654,1,1,0,0,0,11,3
2.0,3,1,1750,2242,39.0744,-108.5228,1,1,0,0,0,11,3
2.0,4,1,2250,2246,28.1932,-81.6047,1,1,0,0,3,12,6
4.0,5,1,4000,2247,32.7876,-117.1265,0,0,1,0,0,11,3
3.0,3,1,2300,2266,30.4415,-91.1012,0,0,1,0,16,11,1
4.0,4,1,1600,2266,37.1366,-80.4038,1,1,0,0,3,12,6
2.5,3,1,1595,2270,35.3892,-97.7313,0,0,1,0,3,12,6
3.0,4,1,1575,2275,33.5944,-112.1837,1,1,0,4,4,11,6
4.5,3,1,3950,2280,38.9118,-77.0132,1,1,0,0,0,11,3
3.0,6,1,2300,2280,39.1984,-96.6052,1,1,0,2,0,11,3
2.5,4,1,1995,2280,35.3752,-97.4945,0,0,1,0,3,12,6
3.0,3,1,3000,2281,29.2364,-81.0578,0,1,0,0,0,11,3
2.0,3,1,7240,2283,39.736,-104.9819,1,1,0,0,0,11,3
3.5,2,1,5350,2283,33.0534,-117.266,1,1,0,0,3,12,6
3.0,5,1,4800,2284,39.1471,-86.5136,0,0,1,0,8,11,2
3.0,5,1,1900,2288,44.1177,-103.0789,0,0,1,0,0,11,3
2.0,4,1,2145,2291,39.5197,-119.8342,0,1,0,0,3,12,6
3.0,3,1,1950,2298,29.7714,-95.4343,0,0,1,0,3,12,6
4.0,5,1,4800,2300,39.1471,-86.5136,0,0,1,0,8,11,2
3.0,4,1,4000,2300,41.8625,-87.6825,1,1,0,0,4,12,6
1.5,3,1,3495,2300,45.5091,-122.6449,1,0,0,0,12,11,5
3.0,3,1,2750,2300,38.8488,-77.3296,0,1,0,0,8,11,2
2.0,3,1,2695,2300,28.2966,-81.6162,0,0,1,0,3,12,6
2.0,3,1,1750,2300,30.4415,-91.1012,0,0,1,0,3,12,6
2.5,4,1,1749,2300,43.6046,-116.2475,0,0,1,0,0,11,3
2.5,4,1,1595,2300,36.1147,-80.0915,1,1,0,0,0,11,3
3.5,3,1,1500,2300,30.8458,-83.3267,1,1,0,0,0,11,3
4.0,3,1,1800,2302,42.5765,-92.789,1,1,0,4,0,11,3
2.5,4,1,2100,2303,28.5335,-81.5918,1,1,0,0,0,11,3
2.0,3,0,4250,2314,34.2098,-118.2019,0,0,1,7,99,3,2
2.5,4,1,2195,2321,35.6592,-97.5298,0,0,1,7,99,3,2
2.0,4,1,1795,2322,43.6046,-116.2475,0,0,1,0,0,11,3
3.0,3,1,4850,2323,40.0054,-75.1415,1,1,0,0,0,11,3
3.0,4,1,2750,2328,35.7552,-120.977,0,0,1,1,0,11,3
2.0,3,1,1349,2328,39.6391,-86.3099,1,1,0,2,0,11,3
3.0,3,1,9500,2330,37.4356,-122.134,0,0,1,0,0,11,3
2.5,5,1,4900,2336,37.3108,-121.8645,0,0,1,0,0,11,3
3.0,4,1,1599,2340,39.1984,-96.6052,1,1,0,0,0,11,3
3.5,4,1,2275,2344,36.0516,-115.0235,0,0,1,0,0,11,3
2.0,4,1,3675,2345,41.8625,-87.6825,1,1,0,1,4,11,6
2.0,3,1,3295,2348,21.388,-157.9305,0,0,1,4,0,11,3
5.0,6,1,2250,2354,30.4601,-84.2714,1,1,0,0,3,12,6
2.5,3,1,1700,2371,33.5498,-117.2474,1,1,0,0,0,11,3
3.5,5,1,1895,2379,35.4975,-97.7329,1,1,0,0,3,12,6
3.5,4,1,2250,2383,35.1149,-80.7015,0,0,1,0,0,11,3
1.0,5,1,2050,2386,43.0724,-89.4003,1,0,0,1,0,11,3
3.0,4,1,1899,2392,32.7025,-97.1196,1,1,0,0,0,11,3
3.0,4,1,1750,2397,30.0021,-95.2555,1,1,0,2,0,11,3
3.0,4,1,7200,2400,34.4331,-119.6331,0,0,1,0,0,11,3
3.0,4,1,2945,2400,47.3949,-122.0287,0,0,1,3,99,3,2
2.5,3,1,2700,2400,40.1778,-122.2598,1,1,0,0,3,12,6
2.5,4,1,2495,2400,45.5091,-122.6449,0,0,1,0,0,11,3
2.0,3,1,2400,2400,48.0338,-122.4486,0,1,0,0,0,11,3
3.5,3,1,2355,2400,39.1471,-86.5136,0,0,1,0,0,11,3
2.0,3,1,1600,2407,27.8082,-80.4899,0,0,1,0,3,12,6
2.0,4,0,1995,2408,32.5807,-97.138,0,0,1,1,99,4,2
2.0,3,1,3095,2420,47.616,-122.3275,1,1,0,0,0,11,3
2.5,3,1,2525,2421,32.96,-96.8292,0,0,1,0,0,11,3
4.0,3,1,2737,2425,28.5163,-81.3644,1,1,0,0,0,11,3
2.0,4,1,1699,2425,32.5942,-96.7624,1,1,0,2,0,11,3
2.0,4,1,1699,2426,34.1241,-84.0331,1,1,0,3,0,11,3
2.5,3,1,2395,2427,45.4157,-122.5243,0,0,1,0,0,11,3
3.0,4,1,2095,2428,39.5197,-119.8342,0,1,0,0,0,11,3
2.5,5,1,1575,2436,47.9179,-97.0658,0,0,1,0,0,11,3
2.0,4,1,1395,2436,47.9179,-97.0658,0,0,1,0,0,11,3
3.5,4,1,2400,2438,39.0994,-104.8503,0,0,1,0,3,12,6
3.0,4,1,3850,2440,37.0199,-121.5728,0,0,1,0,0,11,3
2.5,3,1,3095,2440,47.616,-122.3275,1,1,0,0,0,11,3
2.5,3,1,3200,2441,32.8427,-96.9607,0,0,1,0,0,11,3
2.0,3,1,1549,2446,32.59,-96.9436,1,1,0,2,0,11,3
3.5,4,1,2150,2447,34.1994,-84.8286,0,1,0,0,8,11,2
2.0,4,1,1449,2448,33.9531,-81.2381,1,1,0,3,0,11,3
3.0,5,1,4395,2450,21.3155,-157.8379,0,0,1,0,0,11,3
2.0,3,1,2100,2450,35.6757,-97.4949,0,0,1,0,0,11,3
2.0,6,1,2130,2454,43.7012,-85.4657,0,0,1,0,4,11,6
3.0,4,1,2195,2455,39.9156,-105.0876,0,1,0,0,0,11,3
2.5,3,1,2200,2458,25.5919,-80.3438,1,1,0,0,19,14,4
2.5,4,1,1395,2467,29.553,-98.3049,1,1,0,0,0,11,3
3.5,4,1,1350,2473,39.0296,-96.8345,1,1,0,0,16,11,1
3.0,4,1,1300,2474,34.0692,-83.8713,1,1,0,2,0,11,3
3.0,4,1,1949,2478,33.7848,-84.3922,1,1,0,1,4,11,6
2.5,3,1,2000,2485,40.6057,-80.2842,0,0,1,5,99,3,2
3.5,3,1,3600,2486,30.2989,-81.6324,0,0,1,0,0,11,3
2.0,3,1,1745,2489,46.8587,-114.041,0,0,1,0,3,12,6
2.0,4,1,1649,2490,35.5795,-80.8153,1,1,0,3,4,11,6
2.0,2,1,850,2492,36.116,-95.9281,1,1,0,0,0,11,3
2.5,4,1,1950,2494,35.224,-81.1809,1,1,0,0,0,11,3
3.0,3,1,6995,2500,41.8625,-87.6825,1,1,0,0,12,11,5
3.5,3,1,4000,2500,42.2391,-87.8692,1,1,0,0,0,11,3
2.0,4,1,3800,2500,42.328,-71.071,0,0,1,2,0,11,3
2.0,6,1,2130,2500,43.7012,-85.4657,0,0,1,0,0,11,3
2.0,5,1,2000,2500,40.1171,-88.1889,0,0,1,0,3,12,6
2.5,3,1,1900,2500,35.0868,-85.0599,1,1,0,0,0,11,3
2.0,5,1,1800,2500,60.4923,-151.0806,1,1,0,0,19,14,4
2.0,4,1,1540,2500,43.7012,-85.4657,0,0,1,0,0,11,3
2.0,4,1,1499,2500,33.9217,-84.8634,1,1,0,4,4,11,6
2.0,5,1,1899,2508,34.0505,-81.0098,1,1,0,1,0,11,3
2.5,4,1,1900,2510,29.5884,-95.7531,1,1,0,7,3,12,6
3.0,4,1,2400,2516,28.5163,-81.3644,0,0,1,0,0,11,3
2.0,5,1,1100,2520,39.0744,-94.5521,0,0,1,0,3,12,6
2.5,4,1,2595,2527,38.4306,-121.3643,1,1,0,0,8,11,2
3.0,4,1,2700,2528,30.6505,-97.6809,1,1,0,0,0,11,3
3.0,3,1,13000,2530,34.0394,-118.2656,0,0,1,4,99,18,1
2.5,4,1,2895,2532,45.5091,-122.6449,0,1,0,0,3,12,6
2.0,4,1,2580,2535,45.5091,-122.6449,1,1,0,0,0,11,3
2.0,2,1,1995,2539,38.6274,-90.304,1,0,0,0,3,12,6
3.5,5,1,1995,2546,29.8731,-81.3461,1,1,0,0,0,11,3
2.0,3,1,4195,2562,37.6812,-121.7519,0,0,1,0,0,11,3
2.0,4,1,1549,2563,33.81,-83.8894,1,1,0,4,0,11,3
3.0,3,1,2250,2567,33.0476,-96.7467,0,0,1,2,0,11,3
3.0,3,1,1995,2576,42.1882,-121.7383,0,0,1,0,0,11,3
3.0,4,1,1499,2593,33.9569,-84.0214,1,1,0,1,0,11,3
3.0,4,1,2300,2594,26.1806,-81.7257,0,0,1,0,3,12,6
2.0,4,1,1549,2598,33.3526,-112.1976,1,1,0,4,0,11,3
2.0,2,1,2800,2600,37.53,-77.477,1,0,0,0,4,12,6
3.0,4,1,2650,2600,39.6828,-104.8078,1,1,0,0,16,11,1
3.0,4,1,4750,2605,37.8808,-122.1757,1,1,0,1,0,11,3
3.5,4,1,8500,2613,21.3991,-157.7452,0,0,1,0,0,11,3
3.0,3,1,3400,2625,38.8082,-121.1681,0,0,1,0,8,11,2
2.0,3,1,1250,2628,35.358,-94.3964,0,0,1,3,0,11,3
2.0,3,1,2099,2629,34.0718,-84.2525,1,1,0,8,0,11,3
3.0,5,1,2250,2634,35.823,-78.6438,0,0,1,5,0,11,3
2.0,5,1,1499,2640,34.0505,-81.0098,1,1,0,0,0,11,3
2.5,4,1,2445,2648,30.3054,-97.7497,1,1,0,0,12,11,5
2.5,4,1,6850,2650,37.5173,-122.2946,1,1,0,0,0,11,3
3.0,4,1,1750,2661,37.3961,-79.1892,0,1,0,0,0,11,3
3.0,4,1,3800,2666,37.1253,-121.6499,1,1,0,2,0,11,3
3.0,5,1,3200,2670,32.7876,-117.1265,1,1,0,1,0,11,3
2.5,4,1,2500,2673,37.3857,-77.6098,0,1,0,0,19,13,4
2.0,4,1,1749,2673,29.5884,-95.7531,1,1,0,2,0,11,3
3.0,3,1,2375,2674,42.333,-122.8597,0,0,1,0,0,11,3
3.5,3,1,7000,2678,33.9932,-118.4609,0,0,1,0,0,11,3
3.5,5,1,4695,2680,47.616,-122.3275,1,1,0,0,0,11,3
2.5,3,1,1700,2680,45.3056,-93.7978,0,0,1,0,0,11,3
3.5,4,1,4500,2700,42.418,-71.1669,1,0,0,0,0,11,3
3.5,5,1,2495,2700,40.6084,-111.8482,0,0,1,0,8,11,2
2.5,4,1,2000,2700,38.9401,-92.3167,1,1,0,0,0,11,3
2.0,3,1,1675,2702,27.8492,-82.3155,1,1,0,3,0,11,3
2.5,4,1,5765,2710,37.7904,-122.2151,0,0,1,0,0,11,3
2.0,4,1,2595,2730,45.5091,-122.6449,1,1,0,0,0,11,3
3.0,5,1,1795,2736,35.8514,-86.3903,1,1,0,0,3,12,6
4.5,5,1,6995,2738,37.7904,-122.2151,0,0,1,0,8,11,2
2.5,3,1,4500,2746,37.8152,-121.9507,0,0,1,0,0,11,3
2.5,3,1,2995,2746,42.333,-122.8597,0,0,1,0,8,11,2
2.5,5,1,2995,2751,46.599,-120.5572,1,1,0,0,0,11,3
3.0,5,1,2370,2760,37.1329,-113.5097,0,0,1,0,8,11,2
3.0,3,1,5200,2777,47.6483,-122.5296,0,0,1,0,0,11,3
3.0,4,1,3395,2781,45.5091,-122.6449,1,1,0,0,0,11,3
2.0,3,1,1375,2784,33.9217,-84.8634,1,1,0,3,0,11,3
3.0,4,1,4200,2800,37.9003,-122.0495,0,0,1,0,0,11,3
2.5,4,1,2995,2800,38.6576,-120.9626,1,1,0,0,0,11,3
3.5,5,1,2350,2800,39.0994,-104.8503,0,1,0,0,0,11,3
2.0,3,1,1475,2800,33.81,-83.8894,1,1,0,4,0,11,3
3.0,4,1,2900,2808,36.1554,-115.1733,0,0,1,0,0,11,3
2.0,4,1,2500,2823,28.6921,-81.5149,0,0,1,0,0,11,3
4.0,3,1,2590,2828,39.0976,-76.8614,0,0,1,0,0,11,3
4.0,4,1,2500,2829,39.327,-104.8282,1,1,0,0,0,11,3
3.0,3,1,3995,2831,45.5091,-122.6449,0,0,1,0,0,11,3
2.0,4,1,2740,2837,39.7349,-105.2492,1,1,0,0,0,11,3
3.0,4,1,2495,2844,37.1555,-76.4593,0,0,1,0,0,11,3
2.5,3,1,2595,2850,39.5197,-119.8342,1,1,0,0,3,12,6
2.5,4,1,1900,2856,38.4352,-77.3813,0,0,1,0,3,12,6
3.0,5,1,2495,2878,33.9531,-81.2381,1,1,0,0,3,12,6
2.5,4,1,2300,2879,33.0476,-96.7467,0,0,1,0,3,12,6
3.0,5,1,6500,2894,32.6596,-117.1595,0,1,0,0,0,11,3
2.5,5,1,3495,2900,43.0724,-89.4003,0,0,1,0,0,11,3
3.0,4,1,2900,2900,38.6857,-121.1532,1,1,0,0,0,11,3
3.0,5,1,4300,2906,37.7547,-121.9529,0,0,1,0,0,11,3
4.0,4,1,8800,2916,34.0372,-118.2972,0,0,1,3,0,11,3
3.0,5,1,2750,2916,38.4306,-121.3643,0,0,1,0,8,11,2
2.5,4,1,2999,2922,47.7974,-122.2037,1,1,0,0,0,11,3
2.5,3,1,4800,2925,33.1201,-117.2858,0,0,1,0,0,11,3
3.0,5,1,2595,2940,45.2763,-123.0194,1,1,0,0,3,12,6
3.5,5,1,3000,2957,28.5163,-81.3644,0,0,1,0,3,12,6
4.0,5,1,3999,2980,47.7046,-122.1989,1,1,0,2,0,11,3
3.5,4,1,2100,2980,41.6595,-91.535,1,1,0,0,0,11,3
2.0,3,1,1549,2982,39.7953,-86.1387,1,1,0,3,0,11,3
2.0,5,1,1775,2986,32.5879,-97.3702,1,1,0,3,0,11,3
2.0,3,1,2750,2990,38.6274,-90.304,0,0,1,0,3,12,6
2.5,6,1,4430,2995,42.2711,-83.745,1,1,0,0,0,11,3
7.0,7,1,7700,3000,41.824,-71.4315,1,1,0,0,0,11,3
2.0,5,1,3895,3000,45.4248,-122.6129,1,0,0,0,8,11,2
2.0,3,1,3500,3000,45.6658,-111.1159,0,0,1,6,25,21,5
2.0,3,1,3000,3000,35.7626,-83.9603,0,0,1,0,3,12,6
2.5,4,1,2895,3000,28.5401,-81.7602,1,1,0,0,8,11,2
2.5,4,1,1995,3000,37.0835,-113.5823,0,0,1,0,3,12,6
4.0,5,1,3295,3005,45.5091,-122.6449,0,1,0,0,3,12,6
3.0,4,1,1750,3011,35.8514,-86.3903,0,1,0,0,0,11,3
3.5,5,1,4000,3021,39.0521,-77.119,1,1,0,0,8,11,2
3.5,4,1,4400,3036,33.6783,-117.7903,1,1,0,0,0,11,3
2.0,7,1,5355,3058,43.0724,-89.4003,1,0,0,3,4,11,6
3.5,4,1,2850,3071,33.5146,-117.0468,0,1,0,0,0,11,3
3.0,2,1,3195,3077,42.4982,-70.8647,0,0,1,0,0,11,3
4.0,4,1,3200,3100,45.5091,-122.6449,0,0,1,0,16,11,1
2.0,4,1,2750,3100,45.7941,-122.5216,1,1,0,0,4,12,6
2.5,3,1,5499,3106,32.7089,-117.1625,1,1,0,0,0,11,3
3.5,4,1,3500,3114,31.4884,-97.2262,1,1,0,0,0,11,3
3.5,4,1,4750,3116,38.9899,-77.1242,0,0,1,0,3,12,6
5.5,4,1,6500,3117,32.6596,-117.1595,0,0,1,0,3,12,6
4.0,4,1,2700,3123,44.7469,-93.0751,1,1,0,0,24,11,0
4.0,4,1,5200,3127,39.736,-104.9819,0,0,1,0,0,11,3
2.5,5,1,4045,3140,47.6767,-122.0799,0,1,0,0,0,11,3
4.0,3,1,2400,3148,42.7199,-84.5731,0,0,1,0,0,11,3
2.5,4,1,2899,3156,45.4851,-122.8349,0,0,1,0,0,11,3
3.0,4,1,2395,3173,30.5118,-97.6873,1,1,0,0,0,11,3
3.5,4,1,5700,3176,33.0534,-117.266,1,1,0,0,8,11,2
3.5,4,1,3295,3180,35.6757,-97.4949,0,0,1,0,3,12,6
3.0,5,1,2995,3199,45.5091,-122.6449,0,0,1,0,0,11,3
4.0,4,1,8900,3200,34.0372,-118.2972,1,1,0,1,0,11,3
2.5,4,1,2600,3200,28.5163,-81.3644,0,0,1,0,0,11,3
4.0,4,1,2597,3200,28.279,-81.4156,0,0,1,0,0,11,3
3.0,5,1,4999,3208,37.9003,-122.0495,0,0,1,0,12,11,5
4.0,4,1,1795,3208,39.9955,-81.8023,0,0,1,0,0,11,3
3.5,3,1,2695,3213,37.0835,-113.5823,0,0,1,0,0,11,3
4.0,4,1,8200,3250,37.4358,-122.1945,0,0,1,0,0,11,3
2.0,4,1,1499,3264,34.1139,-84.0073,1,1,0,3,0,11,3
4.0,4,1,2500,3280,33.56,-101.8904,0,0,1,0,8,11,2
3.5,5,1,2000,3280,38.365,-81.6468,0,0,1,0,0,11,3
3.0,4,1,2200,3325,38.9577,-104.7566,0,0,1,7,99,2,2
3.0,3,1,7500,3331,34.1873,-119.1738,0,0,1,0,16,11,1
3.0,4,1,4950,3350,33.6042,-117.6526,0,0,1,2,0,11,3
3.5,6,1,2495,3369,37.0835,-113.5823,1,1,0,0,0,11,3
1.0,5,1,11000,3395,26.0121,-80.2453,0,0,1,8,14,21,2
4.0,4,1,6900,3400,34.1677,-118.6141,0,1,0,0,8,11,2
3.5,4,1,1695,3400,33.6642,-95.5327,0,0,1,0,27,23,3
2.5,3,1,1365,3400,43.4251,-83.9731,0,0,1,0,0,11,3
3.0,4,1,3600,3474,36.0516,-115.0235,0,0,1,4,0,11,3
3.0,4,1,3200,3475,28.5163,-81.3644,0,0,1,0,3,12,6
2.0,3,1,2500,3500,47.9587,-122.4023,0,1,0,0,3,12,6
3.0,5,1,2550,3525,38.4352,-77.3813,0,0,1,0,0,11,3
4.0,4,1,5500,3570,33.4763,-117.6967,1,1,0,0,12,11,5
4.0,8,1,4000,3580,40.1171,-88.1889,0,0,1,1,0,11,3
3.0,5,1,4800,3595,34.2417,-118.5257,1,1,0,0,0,11,3
2.5,4,1,2750,3604,38.4352,-77.3813,0,0,1,0,3,12,6
2.5,3,1,3000,3622,44.0559,-121.3041,0,0,1,0,8,11,2
4.5,4,1,2500,3630,38.9401,-92.3167,0,0,1,0,0,11,3
3.5,4,1,2745,3700,42.0259,-93.6516,0,0,1,0,0,11,3
3.0,4,1,2550,3731,28.5335,-81.5918,1,1,0,0,8,11,2
3.0,4,1,1799,3740,32.9749,-112.0905,1,1,0,4,0,11,3
3.5,5,1,2295,3748,33.9343,-83.9594,0,0,1,0,99,3,2
4.5,4,1,3750,3797,35.4801,-80.8625,1,1,0,0,0,11,3
4.0,4,1,6500,3800,38.9844,-76.4994,0,0,1,0,0,11,3
4.5,5,1,5499,3807,33.5488,-117.6552,1,1,0,0,0,11,3
4.0,6,1,7000,3820,47.6767,-122.0799,1,1,0,2,0,11,3
4.5,5,1,1995,3888,35.5795,-80.8153,1,1,0,0,3,12,6
4.0,5,1,2599,3966,33.9531,-81.2381,1,1,0,2,0,11,3
5.0,9,1,3195,4000,42.2837,-85.5793,0,0,1,3,0,11,3
3.5,5,1,2550,4000,38.4417,-76.5173,0,1,0,0,3,12,6
4.0,6,1,14950,4044,34.0372,-118.2972,0,0,1,0,4,11,6
3.5,4,1,2950,4075,38.9329,-94.7538,1,1,0,0,0,11,3
4.0,4,1,4500,4113,44.8119,-93.6091,0,0,1,0,3,12,6
4.5,5,1,9450,4262,33.6019,-117.8637,1,1,0,0,26,11,5
7.0,7,1,9000,4355,39.1471,-86.5136,0,0,1,0,0,11,3
3.5,3,1,2900,4408,36.4616,-94.2604,1,1,0,0,0,11,3
4.5,4,1,4350,4480,35.1211,-89.9517,0,0,1,0,0,11,3
4.5,4,1,2500,4500,37.2312,-80.4159,0,0,1,0,3,12,6
5.0,4,1,6500,4555,37.3108,-121.8645,1,1,0,0,0,11,3
2.0,4,1,3100,4560,39.1471,-86.5136,0,0,1,0,19,14,4
3.5,5,1,2395,4614,29.7714,-95.4343,1,1,0,0,0,11,3
3.5,4,1,7800,4650,33.5783,-111.8902,0,0,1,0,0,11,3
4.5,6,1,7600,4733,32.7876,-117.1265,0,0,1,0,0,11,3
4.0,5,1,4200,4736,39.9974,-82.9829,1,1,0,4,8,10,2
5.0,5,1,4500,4741,37.6836,-97.3369,0,0,1,3,0,11,3
6.0,5,1,9500,4812,36.1554,-115.1733,1,1,0,0,0,11,3
4.0,8,1,8345,4900,43.0724,-89.4003,0,0,1,7,0,11,3
3.5,5,1,3980,4970,39.8228,-105.1107,1,1,0,0,0,11,3
5.0,4,1,19500,5000,34.0372,-118.2972,1,1,0,4,8,10,2
5.0,6,1,3200,5199,33.4072,-84.4523,0,0,1,0,0,11,3
5.0,4,1,4500,5407,44.8653,-93.4749,0,0,1,0,8,11,2
5.0,5,1,6900,5700,28.1253,-82.4468,1,1,0,3,0,11,3
4.0,6,1,3000,5921,37.0835,-113.5823,0,0,1,0,3,12,6
4.0,5,1,6000,6300,44.9,-93.3233,0,0,1,0,26,11,5
8.0,6,1,25000,8716,34.4331,-119.6331,0,0,1,0,0,11,3
8.5,6,1,11000,11318,39.0287,-77.2409,0,0,1,0,0,11,3
1.0,1,0,1009,880,34.0072,-84.0034,0,0,1,2,0,12,3
